global_entity_id,caseid,failed_at,case_status,grid_id,vendor_id,account_name,dlq_found,submission_id,system,submission_timestamp,status_code,status_short_description,dashboard_error_bucket,full_error_message,image_path,gcs_url,gcs_file_name,gcs_file_size_mb,gcs_analysis
DJ_CZ,500bO00000u6EpnQAE,2026-06-08 08:53:20,Closed,4MQ88V,CZE-khjq,Pizza Tony Veroňák_ODR_CZ,No,,,,,No DLQ record found (non-SCCS or pre-MDS failure),Not classified (no DLQ),,,,,,
DJ_CZ,500bO00000tlXX7QAM,2026-06-03 09:15:13,Closed,HTNGJR,CZE-nlox,Vesuvio Kitchen & Bar,No,,,,,No DLQ record found (non-SCCS or pre-MDS failure),Not classified (no DLQ),,,,,,
DJ_CZ,500bO00000tAi3KQAS,2026-05-26 12:42:32,Closed,HTR97L,CZE-zkux,Mama Bowl,No,,,,,No DLQ record found (non-SCCS or pre-MDS failure),Not classified (no DLQ),,,,,,
FO_NO,500bO00000uJwhdQAC,2026-06-10 09:57:04,Final Check,HT0MAH,NOR-c2n1,Cafè Selva,No,,,,,No DLQ record found (non-SCCS or pre-MDS failure),Not classified (no DLQ),,,,,,
FO_NO,500bO00000tlDjpQAE,2026-06-03 09:30:56,Closed,HTTUVK,NOR-yn06,Rich By Nature Vika,No,,,,,No DLQ record found (non-SCCS or pre-MDS failure),Not classified (no DLQ),,,,,,
FP_BD,500bO00000t4W3GQAU,2026-05-25 08:04:40,Closed,HTWP5Z,BGD-tcg2,Doppio coffee,No,,,,,No DLQ record found (non-SCCS or pre-MDS failure),Not classified (no DLQ),,,,,,
FP_HK,500bO00000uT4MbQAK,2026-06-12 02:23:24,Menu Typing,HTUH1K,HKG-vcie,Warmly Dumpling,No,,,,,No DLQ record found (non-SCCS or pre-MDS failure),Not classified (no DLQ),,,,,,
FP_HK,500bO00000u0ZxRQAU,2026-06-06 01:57:29,Closed,HT0ZXY,HKG-llop,Koyama,No,,,,,No DLQ record found (non-SCCS or pre-MDS failure),Not classified (no DLQ),,,,,,
FP_HK,500bO00000tkCZhQAM,2026-06-03 07:22:45,Closed,4FGPS0,HKG-ntfq,Skewers Experience,No,,,,,No DLQ record found (non-SCCS or pre-MDS failure),Not classified (no DLQ),,,,,,
FP_HK,500bO00000tjtOvQAI,2026-06-03 03:27:24,Closed,4MQE8T,HKG-ue9j,Flat Iron Steak (Tsim Sha Tsui),No,,,,,No DLQ record found (non-SCCS or pre-MDS failure),Not classified (no DLQ),,,,,,
FP_HK,500bO00000tjInfQAE,2026-06-03 03:20:27,Final Check,HT0CVI,HKG-tecq,Solitary Life,No,,,,,No DLQ record found (non-SCCS or pre-MDS failure),Not classified (no DLQ),,,,,,
FP_HK,500bO00000tg8spQAA,2026-06-02 12:09:57,Closed,4MX9BD,HKG-lx15,Sushi Take-out (Quarry Bay),No,,,,,No DLQ record found (non-SCCS or pre-MDS failure),Not classified (no DLQ),,,,,,
FP_HK,500bO00000tfIcTQAU,2026-06-02 10:24:30,Closed,4MXV51,HKG-h32h,Sushiro HK (Kowloon Bay Amoy Plaza),No,,,,,No DLQ record found (non-SCCS or pre-MDS failure),Not classified (no DLQ),,,,,,
FP_HK,500bO00000tfQgYQAU,2026-06-02 08:35:45,Closed,4MV2UJ,HKG-dk3g,Wallace [Extended Delivery],No,,,,,No DLQ record found (non-SCCS or pre-MDS failure),Not classified (no DLQ),,,,,,
FP_HK,500bO00000tfcjDQAQ,2026-06-02 08:25:49,Closed,HTD5CI,HKG-qvx1,Wallace,No,,,,,No DLQ record found (non-SCCS or pre-MDS failure),Not classified (no DLQ),,,,,,
FP_HK,500bO00000tfgoQQAQ,2026-06-02 08:14:05,Closed,4MXRYR,HKG-i626,FINEPRINT (South Lane) [Extended Delivery],No,,,,,No DLQ record found (non-SCCS or pre-MDS failure),Not classified (no DLQ),,,,,,
FP_HK,500bO00000tfXraQAE,2026-06-02 07:49:07,Closed,4MXRY0,HKG-muco,FINEPRINT (Quarry Bay) [Extended Delivery],No,,,,,No DLQ record found (non-SCCS or pre-MDS failure),Not classified (no DLQ),,,,,,
FP_HK,500bO00000teykJQAQ,2026-06-02 07:17:20,Closed,HTS9SW,HKG-fy82,Mak Kee Yummy Food (Ngau Tau Kok),No,,,,,No DLQ record found (non-SCCS or pre-MDS failure),Not classified (no DLQ),,,,,,
FP_HK,500bO00000tWyS4QAK,2026-06-01 07:35:27,Closed,HT0DM1,HKG-h9jn,Happy Sweet Potato (Sha Kei Wan Road),No,,,,,No DLQ record found (non-SCCS or pre-MDS failure),Not classified (no DLQ),,,,,,
FP_HK,500bO00000tWJpSQAW,2026-06-01 04:33:13,Closed,4MM2E4,HKG-g5an,Sun Haru (Tsim Sha Tsui),No,,,,,No DLQ record found (non-SCCS or pre-MDS failure),Not classified (no DLQ),,,,,,
FP_HK,500bO00000tVzu4QAC,2026-06-01 03:41:10,Closed,4MQBS6,HKG-fspy,Chung So Si Fong Dessert (Whampoa),No,,,,,No DLQ record found (non-SCCS or pre-MDS failure),Not classified (no DLQ),,,,,,
FP_HK,500bO00000tWFSVQA4,2026-06-01 03:32:02,Closed,HRQUEM,HKG-ft7r,Wo Shun Kee (Kowloon City),No,,,,,No DLQ record found (non-SCCS or pre-MDS failure),Not classified (no DLQ),,,,,,
FP_HK,500bO00000tVd3vQAC,2026-06-01 02:53:50,Closed,4MV4D9,HKG-k68n,Golden Jade Wo Kee Seafood Restaurant [Extended Delivery],No,,,,,No DLQ record found (non-SCCS or pre-MDS failure),Not classified (no DLQ),,,,,,
FP_HK,500bO00000tWCHnQAO,2026-06-01 02:47:57,Closed,HTRWH1,HKG-bvh9,Golden Jade Wo Kee Seafood Restaurant,No,,,,,No DLQ record found (non-SCCS or pre-MDS failure),Not classified (no DLQ),,,,,,
FP_HK,500bO00000tVdFDQA0,2026-06-01 01:30:57,Closed,HTZGSG,HKG-yufj,Injoi (Tai Hang),No,,,,,No DLQ record found (non-SCCS or pre-MDS failure),Not classified (no DLQ),,,,,,
FP_HK,500bO00000tT1E3QAK,2026-05-30 07:59:33,Closed,4FKS4P,HKG-bf0q,Tsui Yuen Restaurant (Shek Kip Mei),No,,,,,No DLQ record found (non-SCCS or pre-MDS failure),Not classified (no DLQ),,,,,,
FP_HK,500bO00000tRwjTQAS,2026-05-30 07:48:33,Closed,HT0ZQM,HKG-w97r,Ten Pop Fried Chicken,No,,,,,No DLQ record found (non-SCCS or pre-MDS failure),Not classified (no DLQ),,,,,,
FP_HK,500bO00000tSyUgQAK,2026-05-30 07:37:26,Closed,HT0ZQU,HKG-amla,Ten Fish Ten Grains,No,,,,,No DLQ record found (non-SCCS or pre-MDS failure),Not classified (no DLQ),,,,,,
FP_HK,500bO00000tT0OLQA0,2026-05-30 06:52:22,Closed,HTN9VI,HKG-h5gs,Chicken Soup Expert,No,,,,,No DLQ record found (non-SCCS or pre-MDS failure),Not classified (no DLQ),,,,,,
FP_HK,500bO00000tSgDWQA0,2026-05-30 05:04:56,Closed,HAFC8V,HKG-yh01,BODHI,No,,,,,No DLQ record found (non-SCCS or pre-MDS failure),Not classified (no DLQ),,,,,,
FP_HK,500bO00000tO4mAQAS,2026-05-29 09:55:36,Closed,4MXQU9,HKG-qa55,Haru Haru Korean Bento (Tsim Sha Tsui),No,,,,,No DLQ record found (non-SCCS or pre-MDS failure),Not classified (no DLQ),,,,,,
FP_HK,500bO00000tOTlzQAG,2026-05-29 08:53:41,Closed,HT0OG9,HKG-eutf,Happy Sweet Potato (Wong Tai Sin),No,,,,,No DLQ record found (non-SCCS or pre-MDS failure),Not classified (no DLQ),,,,,,
FP_HK,500bO00000tNdp6QAC,2026-05-29 07:50:31,Closed,HT08WG,HKG-ow1l,Top Roast Goose (Kin Shing Building),No,,,,,No DLQ record found (non-SCCS or pre-MDS failure),Not classified (no DLQ),,,,,,
FP_HK,500bO00000tN44wQAC,2026-05-29 04:17:39,Closed,4MXVKU,HKG-kss4,Guest BBQ (Fo Tan) [Extended Delivery],No,,,,,No DLQ record found (non-SCCS or pre-MDS failure),Not classified (no DLQ),,,,,,
FP_HK,500bO00000tI6usQAC,2026-05-28 01:29:22,Closed,4MXVLA,HKG-p99n,Chill Meh (Shek Kip Mei) [Extended Delivery],No,,,,,No DLQ record found (non-SCCS or pre-MDS failure),Not classified (no DLQ),,,,,,
FP_HK,500bO00000tDQEqQAO,2026-05-27 08:05:22,Closed,HT0JM6,HKG-t5r2,Tea Land (Tin Wan),No,,,,,No DLQ record found (non-SCCS or pre-MDS failure),Not classified (no DLQ),,,,,,
FP_HK,500bO00000tDfyYQAS,2026-05-27 07:30:15,Closed,HT0HKW,HKG-lkuz,Tokachi Milky (K11 Musea),No,,,,,No DLQ record found (non-SCCS or pre-MDS failure),Not classified (no DLQ),,,,,,
FP_HK,500bO00000tCr2UQAS,2026-05-27 03:31:43,Closed,4MXVH4,HKG-wmhl,WS Dessert (Ma Liu Shui) [Extended Delivery],No,,,,,No DLQ record found (non-SCCS or pre-MDS failure),Not classified (no DLQ),,,,,,
FP_HK,500bO00000tCtp3QAC,2026-05-27 03:27:02,Closed,4MXV69,HKG-f2gf,Cafe Tolo (Ma Liu Shui) [Extended Delivery],No,,,,,No DLQ record found (non-SCCS or pre-MDS failure),Not classified (no DLQ),,,,,,
FP_HK,500bO00000t7JWoQAM,2026-05-26 02:48:25,Closed,4MM2RB,HKG-gxmu,Vegetarian Delight House [Extended Delivery],No,,,,,No DLQ record found (non-SCCS or pre-MDS failure),Not classified (no DLQ),,,,,,
FP_KH,500bO00000uCbgRQAS,2026-06-09 07:19:58,Closed,HTWK9Z,KHM-rvoo,Frog Kitchen (TTP II),No,,,,,No DLQ record found (non-SCCS or pre-MDS failure),Not classified (no DLQ),,,,,,
FP_KH,500bO00000tf9ZEQAY,2026-06-02 08:57:04,Closed,HT0C7I,KHM-hiq4,KALAKOPI (Poi Pet),No,,,,,No DLQ record found (non-SCCS or pre-MDS failure),Not classified (no DLQ),,,,,,
FP_KH,500bO00000tWsnGQAS,2026-06-01 07:38:17,Closed,HTN9J5,KHM-p5qh,Veang Kafe (BKK),No,,,,,No DLQ record found (non-SCCS or pre-MDS failure),Not classified (no DLQ),,,,,,
FP_KH,500bO00000tWhILQA0,2026-06-01 06:10:22,Closed,HT0AIT,KHM-s66m,Al Syed Restaurant (St. 371),No,,,,,No DLQ record found (non-SCCS or pre-MDS failure),Not classified (no DLQ),,,,,,
FP_KH,500bO00000tDSACQA4,2026-05-27 09:31:24,Closed,HT05GM,KHM-e50z,Nana Chinese Style BBQ (7 Makara),No,,,,,No DLQ record found (non-SCCS or pre-MDS failure),Not classified (no DLQ),,,,,,
FP_KH,500bO00000t4JScQAM,2026-05-25 08:43:01,Closed,HT0KSI,KHM-jema,Dr. Pizza (Krong Preah Sihanouk),No,,,,,No DLQ record found (non-SCCS or pre-MDS failure),Not classified (no DLQ),,,,,,
FP_KH,500bO00000t4YeYQAU,2026-05-25 08:25:02,Closed,HT0KNJ,KHM-dpag,Dr. Pizza (Siem Reap),No,,,,,No DLQ record found (non-SCCS or pre-MDS failure),Not classified (no DLQ),,,,,,
FP_KH,500bO00000t3sSQQAY,2026-05-25 04:48:00,Closed,HT0KS4,KHM-zyqp,Neavea Restaurant (Daun Penh),No,,,,,No DLQ record found (non-SCCS or pre-MDS failure),Not classified (no DLQ),,,,,,
FP_LA,500bO00000tgTh4QAE,2026-06-02 10:41:11,Closed,HT075X,LAO-cma0,PPLL ຊານົມໄຂ່ມຸກ (ໜອງພະຍາ),No,,,,,No DLQ record found (non-SCCS or pre-MDS failure),Not classified (no DLQ),,,,,,
FP_LA,500bO00000tgATFQA2,2026-06-02 10:35:11,Closed,HT07US,LAO-r5gj,PPLL ຊານົມໄຂ່ມຸກ (ຫ້ວຍຫົງ),No,,,,,No DLQ record found (non-SCCS or pre-MDS failure),Not classified (no DLQ),,,,,,
FP_LA,500bO00000tg0TsQAI,2026-06-02 10:16:35,Closed,HTT0BC,LAO-treu,PPLL ຊານົມໄຂ່ມຸກ (ໜອງປາໄນ),No,,,,,No DLQ record found (non-SCCS or pre-MDS failure),Not classified (no DLQ),,,,,,
FP_LA,500bO00000tXMJqQAO,2026-06-01 08:27:04,Closed,HT0F4T,LAO-vti2,Snacke,No,,,,,No DLQ record found (non-SCCS or pre-MDS failure),Not classified (no DLQ),,,,,,
FP_LA,500bO00000tNhUSQA0,2026-05-29 08:21:54,Closed,HT070E,LAO-jhxx,ຮ້ານ ກິນແຊບບຸບເຟ້,No,,,,,No DLQ record found (non-SCCS or pre-MDS failure),Not classified (no DLQ),,,,,,
FP_LA,500bO00000tNaCuQAK,2026-05-29 08:20:42,Closed,HRBPFC,LAO-ycnv,ຮ້ານ ໄທເຮົາ ມາລ່າຖາງ,No,,,,,No DLQ record found (non-SCCS or pre-MDS failure),Not classified (no DLQ),,,,,,
FP_LA,500bO00000tNMZdQAO,2026-05-29 03:40:57,Closed,HT0C9M,LAO-d8g0,ຈິນອາຍມາກມາຍເຂົ້າກ່ອງນ້ອຍ,No,,,,,No DLQ record found (non-SCCS or pre-MDS failure),Not classified (no DLQ),,,,,,
FP_LA,500bO00000tJj53QAC,2026-05-28 09:52:47,Closed,HT0AIL,LAO-uwvg,Min’t Coffee & Spa,No,,,,,No DLQ record found (non-SCCS or pre-MDS failure),Not classified (no DLQ),,,,,,
FP_LA,500bO00000tJ8TsQAK,2026-05-28 08:30:17,Closed,HT0FB4,LAO-ov3q,ຮ້ານ ປູຈ່າໝີ່ກ້ຽວພັນປີ,No,,,,,No DLQ record found (non-SCCS or pre-MDS failure),Not classified (no DLQ),,,,,,
FP_LA,500bO00000tEUjKQAW,2026-05-27 10:38:15,Closed,HT0FB3,LAO-hols,ຮ້ານ ຕຳຍຳແຊບ ແມ່ຕູ້ຍ,No,,,,,No DLQ record found (non-SCCS or pre-MDS failure),Not classified (no DLQ),,,,,,
FP_LA,500bO00000tDcXmQAK,2026-05-27 08:35:30,Closed,HT0JXL,LAO-x1md,Pun Cafe (ສີຫອມ),No,,,,,No DLQ record found (non-SCCS or pre-MDS failure),Not classified (no DLQ),,,,,,
FP_LA,500bO00000tDQ5EQAW,2026-05-27 08:30:31,Closed,HT08YX,LAO-tyiw,ຕີນ່າ ຊີສ ເຊກ,No,,,,,No DLQ record found (non-SCCS or pre-MDS failure),Not classified (no DLQ),,,,,,
FP_LA,500bO00000t9LC8QAM,2026-05-26 09:11:42,Closed,HTE7E0,LAO-jssn,ເຕົາຟູ,No,,,,,No DLQ record found (non-SCCS or pre-MDS failure),Not classified (no DLQ),,,,,,
FP_LA,500bO00000t9KERQA2,2026-05-26 09:09:53,Closed,HT0REQ,LAO-hyje,ເອໄອ ໄສ້ອົ່ວແຊບ & ອາຫານພື້ນເມືອງລາວ,No,,,,,No DLQ record found (non-SCCS or pre-MDS failure),Not classified (no DLQ),,,,,,
FP_LA,500bO00000t8KwQQAU,2026-05-26 04:12:29,Closed,HTNKTU,LAO-lqhu,Panda 13 Fc,No,,,,,No DLQ record found (non-SCCS or pre-MDS failure),Not classified (no DLQ),,,,,,
FP_MM,500bO00000tDA0SQAW,2026-05-27 08:25:48,Closed,HPBXQI,MMR-dgez,Enjoy Cafe,No,,,,,No DLQ record found (non-SCCS or pre-MDS failure),Not classified (no DLQ),,,,,,
FP_MM,500bO00000tA3bGQAS,2026-05-26 10:23:46,Closed,HT0ZMZ,MMR-ry1k,Brew & Go coffee slow bar (အောင်မြေသာစံ),No,,,,,No DLQ record found (non-SCCS or pre-MDS failure),Not classified (no DLQ),,,,,,
FP_MM,500bO00000t9D5nQAE,2026-05-26 09:02:11,Closed,HTN43B,MMR-g09t,ပွင့်သစ်စ Snacks & Drink,No,,,,,No DLQ record found (non-SCCS or pre-MDS failure),Not classified (no DLQ),,,,,,
FP_MM,500bO00000t9ceHQAQ,2026-05-26 08:55:31,Closed,HZ34EI,MMR-mwif,Min Min Foods Art,No,,,,,No DLQ record found (non-SCCS or pre-MDS failure),Not classified (no DLQ),,,,,,
FP_MM,500bO00000t99hDQAQ,2026-05-26 08:25:18,Closed,HT0ZC7,MMR-dyqw,ပိုင်ရတနာ (ပြည်ကြီးတံခွန်),No,,,,,No DLQ record found (non-SCCS or pre-MDS failure),Not classified (no DLQ),,,,,,
FP_MM,500bO00000t8p8zQAA,2026-05-26 06:46:01,Closed,HT080T,MMR-gt4j,ရွှေစားကောင်း မြန်မာထမင်းဆိုင်,No,,,,,No DLQ record found (non-SCCS or pre-MDS failure),Not classified (no DLQ),,,,,,
FP_MM,500bO00000t8mvtQAA,2026-05-26 06:37:02,Closed,HT0AUI,MMR-bqjg,မြင့်မိုရ်ဦးစားဖွယ်စုံ,No,,,,,No DLQ record found (non-SCCS or pre-MDS failure),Not classified (no DLQ),,,,,,
FP_MM,500bO00000t80qbQAA,2026-05-26 04:57:58,Closed,HTP073,MMR-lp4n,Parami Malai Sweets ပါရမီ မလိုင်မုန့် (ချမ်းအေးသာစံ),No,,,,,No DLQ record found (non-SCCS or pre-MDS failure),Not classified (no DLQ),,,,,,
FP_MM,500bO00000t5YRHQA2,2026-05-25 14:32:51,Closed,HT0ZCK,MMR-wiyj,နှင်းဆီ မာလာ spicy အကင်သုပ်နှင့်အအေးမျိုးစုံ,No,,,,,No DLQ record found (non-SCCS or pre-MDS failure),Not classified (no DLQ),,,,,,
FP_MM,500bO00000t4zerQAA,2026-05-25 14:23:34,Closed,HT0RBW,MMR-eqwk,Bamboo Sushi,No,,,,,No DLQ record found (non-SCCS or pre-MDS failure),Not classified (no DLQ),,,,,,
FP_MM,500bO00000t4xbJQAQ,2026-05-25 10:11:56,Closed,HTNX08,MMR-tkhx,ဖတ်တီး Snack Shop,No,,,,,No DLQ record found (non-SCCS or pre-MDS failure),Not classified (no DLQ),,,,,,
FP_MM,500bO00000t4S1SQAU,2026-05-25 09:24:02,Closed,HTNE9A,MMR-ujv8,ရွှေတိုး စားဖွယ်စုံ,No,,,,,No DLQ record found (non-SCCS or pre-MDS failure),Not classified (no DLQ),,,,,,
FP_MM,500bO00000t4Qh5QAE,2026-05-25 08:34:29,Closed,HT0KOF,MMR-jgfo,Mala Bites (ချမ်းမြသာစည်),No,,,,,No DLQ record found (non-SCCS or pre-MDS failure),Not classified (no DLQ),,,,,,
FP_MM,500bO00000t4FvOQAU,2026-05-25 07:37:32,Closed,HT046M,MMR-hwd6,Cafe & Cafe Roastery and Specialty Coffee,No,,,,,No DLQ record found (non-SCCS or pre-MDS failure),Not classified (no DLQ),,,,,,
FP_MM,500bO00000t3enfQAA,2026-05-25 04:16:24,Closed,HTWSI0,MMR-fbc3,Waffle Fairy,No,,,,,No DLQ record found (non-SCCS or pre-MDS failure),Not classified (no DLQ),,,,,,
FP_MY,500bO00000uJr6nQAC,2026-06-10 09:30:33,Closed,HT04PW,MYS-fosj,SYPPS.CO (Bestari Perdana),No,,,,,No DLQ record found (non-SCCS or pre-MDS failure),Not classified (no DLQ),,,,,,
FP_MY,500bO00000uHdERQA0,2026-06-10 04:31:02,Closed,HTURHW,MYS-rmdx,Toast Maker (KPJ Rawang),No,,,,,No DLQ record found (non-SCCS or pre-MDS failure),Not classified (no DLQ),,,,,,
FP_MY,500bO00000uI94cQAC,2026-06-10 04:29:47,Closed,HT0C2V,MYS-qep6,"ZUS Coffee (Radia Residence, Bukit Jelutong)",No,,,,,No DLQ record found (non-SCCS or pre-MDS failure),Not classified (no DLQ),,,,,,
FP_MY,500bO00000uHPwFQAW,2026-06-10 02:33:14,Closed,HT0CFB,MYS-zwlp,ZUS Coffee (Menara Multi),No,,,,,No DLQ record found (non-SCCS or pre-MDS failure),Not classified (no DLQ),,,,,,
FP_MY,500bO00000uI1dKQAS,2026-06-10 02:08:16,Closed,HT0CFC,MYS-rh57,"ZUS Coffee (Taman Impian Emas, Skudai)",No,,,,,No DLQ record found (non-SCCS or pre-MDS failure),Not classified (no DLQ),,,,,,
FP_MY,500bO00000uI0FpQAK,2026-06-10 01:51:38,Closed,HT0CYY,MYS-vgip,ZUS Coffee (SKS City Mall JBCC),No,,,,,No DLQ record found (non-SCCS or pre-MDS failure),Not classified (no DLQ),,,,,,
FP_MY,500bO00000uHz6rQAC,2026-06-10 01:38:09,Closed,HT0CYN,MYS-p9r3,"ZUS Coffee (Caltex Pajam, Mantin)",No,,,,,No DLQ record found (non-SCCS or pre-MDS failure),Not classified (no DLQ),,,,,,
FP_MY,500bO00000uHGzQQAW,2026-06-10 01:14:56,Closed,HT0C50,MYS-mhxy,"ZUS Coffee (Lutong, Miri)",No,,,,,No DLQ record found (non-SCCS or pre-MDS failure),Not classified (no DLQ),,,,,,
FP_MY,500bO00000uD3RIQA0,2026-06-09 08:35:13,Closed,HTNBJ6,MYS-tnuz,Masakan ibunda (KINRARA),No,,,,,No DLQ record found (non-SCCS or pre-MDS failure),Not classified (no DLQ),,,,,,
FP_MY,500bO00000u6YTQQA2,2026-06-08 08:56:14,Closed,HTN9U1,MYS-lfkx,Cravings Stall Burger & Ayam Gunting (Jalan Rotan Cucur),No,,,,,No DLQ record found (non-SCCS or pre-MDS failure),Not classified (no DLQ),,,,,,
FP_MY,500bO00000u5a4KQAQ,2026-06-08 08:09:23,Closed,HTNXHR,MYS-qxv4,Gerai Makanan dan Minuman Hidrayani Enterprise (Bandar Seri Alam),No,,,,,No DLQ record found (non-SCCS or pre-MDS failure),Not classified (no DLQ),,,,,,
FP_MY,500bO00000u6DaFQAU,2026-06-08 07:46:13,Closed,HTS6NU,MYS-ft1p,Master Lim Private Kitchen 林师傅私房菜 (Kedah),No,,,,,No DLQ record found (non-SCCS or pre-MDS failure),Not classified (no DLQ),,,,,,
FP_MY,500bO00000u59wuQAA,2026-06-08 02:16:47,Closed,HT08KM,MYS-z4d6,Jacket Potato Loverload,No,,,,,No DLQ record found (non-SCCS or pre-MDS failure),Not classified (no DLQ),,,,,,
FP_MY,500bO00000u516jQAA,2026-06-08 01:47:58,Closed,HTSKE7,MYS-dtku,Coolhaus Ice Cream (Financial Park Complex Labuan),No,,,,,No DLQ record found (non-SCCS or pre-MDS failure),Not classified (no DLQ),,,,,,
FP_MY,500bO00000twNJ9QAM,2026-06-05 08:26:28,Closed,HT0B3D,MYS-k4qg,BB Cakoi (Jalan Jaya Gading 1),No,,,,,No DLQ record found (non-SCCS or pre-MDS failure),Not classified (no DLQ),,,,,,
FP_MY,500bO00000tvkY0QAI,2026-06-05 07:25:23,Closed,HT0EH1,MYS-wt4z,Ayam Gunting Yum Yum (Taman Tas),No,,,,,No DLQ record found (non-SCCS or pre-MDS failure),Not classified (no DLQ),,,,,,
FP_MY,500bO00000tvsbxQAA,2026-06-05 06:35:15,Closed,HT07RY,MYS-klf3,Zhang Lao San Beef Noodle (Sunway Mentari),No,,,,,No DLQ record found (non-SCCS or pre-MDS failure),Not classified (no DLQ),,,,,,
FP_MY,500bO00000tv6YrQAI,2026-06-05 01:57:26,Closed,HTNBIX,MYS-fcz6,Kenangan Coffee (Jalan Besar Jerteh),No,,,,,No DLQ record found (non-SCCS or pre-MDS failure),Not classified (no DLQ),,,,,,
FP_MY,500bO00000tv23rQAA,2026-06-05 01:48:18,Closed,HTNZ3N,MYS-ns9j,Kafe Seoul Bites (Setia Alam),No,,,,,No DLQ record found (non-SCCS or pre-MDS failure),Not classified (no DLQ),,,,,,
FP_MY,500bO00000trRf7QAE,2026-06-04 07:27:33,Closed,HT04TU,MYS-z9w6,Mr Bro Burger 2 (Taman Bayu PPR Bayu Kota Belud),No,,,,,No DLQ record found (non-SCCS or pre-MDS failure),Not classified (no DLQ),,,,,,
FP_MY,500bO00000tqdk5QAA,2026-06-04 04:13:19,Closed,HTPR8O,MYS-lw8j,COKK BURGER,No,,,,,No DLQ record found (non-SCCS or pre-MDS failure),Not classified (no DLQ),,,,,,
FP_MY,500bO00000tqerKQAQ,2026-06-04 02:59:38,Closed,HTUWTI,MYS-fsjx,Lepak Tepi Jalan @ KL,No,,,,,No DLQ record found (non-SCCS or pre-MDS failure),Not classified (no DLQ),,,,,,
FP_MY,500bO00000tkXshQAE,2026-06-03 08:14:54,Closed,HT07WX,MYS-ydq9,Chat Hei Claypot Restaurant (七囍砂锅) (Bukit Jalil),No,,,,,No DLQ record found (non-SCCS or pre-MDS failure),Not classified (no DLQ),,,,,,
FP_MY,500bO00000tfx7iQAA,2026-06-02 08:52:28,Closed,HT08KZ,MYS-yaz0,蓉蓉糖水铺 Yong Dessert (Taman Setia Indah),No,,,,,No DLQ record found (non-SCCS or pre-MDS failure),Not classified (no DLQ),,,,,,
FP_MY,500bO00000tf6Y2QAI,2026-06-02 07:23:49,Closed,HTNZE3,MYS-wt3n,"J.CO Donut & Coffee (Sutera Mall, Johor Bahru)",No,,,,,No DLQ record found (non-SCCS or pre-MDS failure),Not classified (no DLQ),,,,,,
FP_MY,500bO00000tSTDlQAO,2026-05-30 02:48:13,Closed,HTS9LM,MYS-najn,Ah Lek Ayam Penyet 阿烈印尼炸鸡 (Da Jia Lai),No,,,,,No DLQ record found (non-SCCS or pre-MDS failure),Not classified (no DLQ),,,,,,
FP_MY,500bO00000tSaajQAC,2026-05-30 02:39:47,Closed,HT0C95,MYS-jk5h,Dragon Bliss (Taman Molek),No,,,,,No DLQ record found (non-SCCS or pre-MDS failure),Not classified (no DLQ),,,,,,
FP_MY,500bO00000tRhj8QAC,2026-05-30 01:52:37,Closed,HTN4HI,MYS-h4wb,Ah Lek Ayam Penyet 阿烈印尼炸鸡  (SJ 888 Restaurant),No,,,,,No DLQ record found (non-SCCS or pre-MDS failure),Not classified (no DLQ),,,,,,
FP_MY,500bO00000tSSIFQA4,2026-05-30 01:22:29,Closed,HT4B3C,MYS-yeis,WARONG WAK DON,No,,,,,No DLQ record found (non-SCCS or pre-MDS failure),Not classified (no DLQ),,,,,,
FP_MY,500bO00000tO6uDQAS,2026-05-29 07:21:46,Closed,HT0YT8,MYS-rv41,New Origins Of Variety Coffee (Pj),No,,,,,No DLQ record found (non-SCCS or pre-MDS failure),Not classified (no DLQ),,,,,,
FP_MY,500bO00000tNnQBQA0,2026-05-29 07:11:34,Closed,HPKHVS,MYS-lsfm,Ashtine Desserts (Taman Ukay Perdana),No,,,,,No DLQ record found (non-SCCS or pre-MDS failure),Not classified (no DLQ),,,,,,
FP_MY,500bO00000tNtaQQAS,2026-05-29 07:04:01,Closed,HTWFF2,MYS-rcwh,OldTown White Coffee (Gamuda Cove),No,,,,,No DLQ record found (non-SCCS or pre-MDS failure),Not classified (no DLQ),,,,,,
FP_MY,500bO00000tO0btQAC,2026-05-29 07:00:30,Closed,HTN9RW,MYS-x7lt,Pinoy Foodie (Taman Angsana),No,,,,,No DLQ record found (non-SCCS or pre-MDS failure),Not classified (no DLQ),,,,,,
FP_MY,500bO00000tJoj5QAC,2026-05-28 09:57:27,Closed,HTNEY5,MYS-mloh,RESTAURANT SELERA OTAI KEMTA  (Kampung pasir),No,,,,,No DLQ record found (non-SCCS or pre-MDS failure),Not classified (no DLQ),,,,,,
FP_MY,500bO00000tCbc6QAC,2026-05-27 01:28:03,Closed,HTNXA6,MYS-ngjh,Niksoh Fried Chicken (Pantai Baru),No,,,,,No DLQ record found (non-SCCS or pre-MDS failure),Not classified (no DLQ),,,,,,
FP_MY,500bO00000tCjphQAC,2026-05-27 01:21:51,Closed,HTSOKG,MYS-e4dc,D'Dapur Mia (Jalan Panggong Wayang),No,,,,,No DLQ record found (non-SCCS or pre-MDS failure),Not classified (no DLQ),,,,,,
FP_MY,500bO00000tCjjFQAS,2026-05-27 01:19:20,Closed,HTTUY5,MYS-gteq,Cafe 15 Seri Daud Tomyam (Jalan Ampang Baru),No,,,,,No DLQ record found (non-SCCS or pre-MDS failure),Not classified (no DLQ),,,,,,
FP_MY,500bO00000tChspQAC,2026-05-27 01:19:05,Closed,HTWUWB,MYS-oggk,Happy Potato (Mydin MITC Melaka),No,,,,,No DLQ record found (non-SCCS or pre-MDS failure),Not classified (no DLQ),,,,,,
FP_MY,500bO00000tCinBQAS,2026-05-27 01:16:51,Closed,HPPRBM,MYS-rbuk,The Warong Food (Taman Bandar),No,,,,,No DLQ record found (non-SCCS or pre-MDS failure),Not classified (no DLQ),,,,,,
FP_MY,500bO00000tCZVPQA4,2026-05-27 01:07:04,Closed,HTTUU8,MYS-rs56,Golden Burger (Jalan PBC 1),No,,,,,No DLQ record found (non-SCCS or pre-MDS failure),Not classified (no DLQ),,,,,,
FP_MY,500bO00000t99PPQAY,2026-05-26 08:16:25,Closed,HT0ZV4,MYS-k8gt,Aliya fries chicken  (Jalan bukit setongkol),No,,,,,No DLQ record found (non-SCCS or pre-MDS failure),Not classified (no DLQ),,,,,,
FP_MY,500bO00000t8UUVQA2,2026-05-26 07:17:18,Closed,HTNKI4,MYS-dj0v,MIXUE (IOI SEGAMAT),No,,,,,No DLQ record found (non-SCCS or pre-MDS failure),Not classified (no DLQ),,,,,,
FP_MY,500bO00000t8dhJQAQ,2026-05-26 07:10:11,Closed,HT0EL4,MYS-xcod,Corner No.4 (Taman Selera Baji Jaya Blok Lama),No,,,,,No DLQ record found (non-SCCS or pre-MDS failure),Not classified (no DLQ),,,,,,
FP_MY,500bO00000t8MjjQAE,2026-05-26 07:08:33,Closed,HT0Z7M,MYS-tuax,SINAR BAJET BST (jalan bukit setongkol),No,,,,,No DLQ record found (non-SCCS or pre-MDS failure),Not classified (no DLQ),,,,,,
FP_MY,500bO00000t8dKkQAI,2026-05-26 06:51:52,Closed,HT084K,MYS-wmx8,MIXUE (TERMINAL 1 BUS STOP),No,,,,,No DLQ record found (non-SCCS or pre-MDS failure),Not classified (no DLQ),,,,,,
FP_MY,500bO00000t8kKZQAY,2026-05-26 06:48:34,Closed,HTN4X4,MYS-feta,RESTORAN AL-JIEMA (Muar),No,,,,,No DLQ record found (non-SCCS or pre-MDS failure),Not classified (no DLQ),,,,,,
FP_MY,500bO00000t8HDmQAM,2026-05-26 06:39:28,Closed,HT0Z5T,MYS-pbxn,Lemang PakLang (Bandar Sri Permaisuri),No,,,,,No DLQ record found (non-SCCS or pre-MDS failure),Not classified (no DLQ),,,,,,
FP_MY,500bO00000t8WESQA2,2026-05-26 06:30:45,Closed,HTNZKD,MYS-cbjm,Tealive (Jakel Mall),No,,,,,No DLQ record found (non-SCCS or pre-MDS failure),Not classified (no DLQ),,,,,,
FP_MY,500bO00000t8OqbQAE,2026-05-26 06:26:37,Closed,HT084H,MYS-vob0,MIXUE (KUBANG SEMANG),No,,,,,No DLQ record found (non-SCCS or pre-MDS failure),Not classified (no DLQ),,,,,,
FP_MY,500bO00000t7yh3QAA,2026-05-26 04:49:32,Closed,HTN9HM,MYS-a3sl,CHAGEE (Boulevard Commercial Centre Miri),No,,,,,No DLQ record found (non-SCCS or pre-MDS failure),Not classified (no DLQ),,,,,,
FP_MY,500bO00000t8JE3QAM,2026-05-26 04:37:59,Closed,HTTSQ0,MYS-yih7,Mr. Chicken Rice (Puchong Jaya),No,,,,,No DLQ record found (non-SCCS or pre-MDS failure),Not classified (no DLQ),,,,,,
FP_MY,500bO00000t8PG6QAM,2026-05-26 04:27:54,Closed,HPQYIV,MYS-gebc,Sanoothai Southern Thai Cuisine (Central I-City),No,,,,,No DLQ record found (non-SCCS or pre-MDS failure),Not classified (no DLQ),,,,,,
FP_MY,500bO00000t8H2UQAU,2026-05-26 04:12:34,Closed,HTSVN5,MYS-imec,MIXUE (ECONSAVE MUAR),No,,,,,No DLQ record found (non-SCCS or pre-MDS failure),Not classified (no DLQ),,,,,,
FP_MY,500bO00000t7w3TQAQ,2026-05-26 04:11:49,Closed,HTPWGO,MYS-e3mc,TFW Coffee (Jalan Tun Razak),No,,,,,No DLQ record found (non-SCCS or pre-MDS failure),Not classified (no DLQ),,,,,,
FP_MY,500bO00000t8DGfQAM,2026-05-26 04:01:34,Closed,HT08DJ,MYS-kdtv,Laksa Bonda (Padang Pak Amat),No,,,,,No DLQ record found (non-SCCS or pre-MDS failure),Not classified (no DLQ),,,,,,
FP_MY,500bO00000t8CkRQAU,2026-05-26 03:51:59,Closed,HT03OV,MYS-to8d,Ayam Gunting Nisya Crispy Chicken (Permatang Pauh),No,,,,,No DLQ record found (non-SCCS or pre-MDS failure),Not classified (no DLQ),,,,,,
FP_MY,500bO00000t8DZzQAM,2026-05-26 03:43:53,Closed,HPX3F8,MYS-hg0j,Roti Tempayan & Restoran Warisan Gobbanali (Wakaf Bharu),No,,,,,No DLQ record found (non-SCCS or pre-MDS failure),Not classified (no DLQ),,,,,,
FP_MY,500bO00000t8G6OQAU,2026-05-26 03:34:34,Closed,HTN9PI,MYS-venn,Marjeena Signature ( Bandar Perda ),No,,,,,No DLQ record found (non-SCCS or pre-MDS failure),Not classified (no DLQ),,,,,,
FP_MY,500bO00000t7wuPQAQ,2026-05-26 03:33:33,Closed,HPX4BA,MYS-uu20,Nasi Zara (Jalan Bukit Marak),No,,,,,No DLQ record found (non-SCCS or pre-MDS failure),Not classified (no DLQ),,,,,,
FP_MY,500bO00000t8IjGQAU,2026-05-26 03:25:40,Closed,HTNZ8A,MYS-msd1,Ayam Gepuk Leqlu (Semenyih),No,,,,,No DLQ record found (non-SCCS or pre-MDS failure),Not classified (no DLQ),,,,,,
FP_MY,500bO00000t6NrcQAE,2026-05-26 03:22:04,Closed,HTSGQY,MYS-h1aa,Domain Shawarma (Biz Avenue 2),No,,,,,No DLQ record found (non-SCCS or pre-MDS failure),Not classified (no DLQ),,,,,,
FP_MY,500bO00000t8DEyQAM,2026-05-26 03:19:27,Closed,HT04SD,MYS-kxcm,Kedai Makan Nasi Kerabu UUU (Jalan Kota Bharu),No,,,,,No DLQ record found (non-SCCS or pre-MDS failure),Not classified (no DLQ),,,,,,
FP_MY,500bO00000t7JQ3QAM,2026-05-26 03:14:30,Closed,HTK0XA,MYS-fdmg,MIXUE (GUAR UTAMA),No,,,,,No DLQ record found (non-SCCS or pre-MDS failure),Not classified (no DLQ),,,,,,
FP_MY,500bO00000t8I9lQAE,2026-05-26 03:10:56,Closed,HT04T9,MYS-afab,Tepak Skalo (Kota Bharu),No,,,,,No DLQ record found (non-SCCS or pre-MDS failure),Not classified (no DLQ),,,,,,
FP_MY,500bO00000t8HdVQAU,2026-05-26 03:05:46,Closed,HT086H,MYS-fmeq,MIXUE (Kebun Sultan),No,,,,,No DLQ record found (non-SCCS or pre-MDS failure),Not classified (no DLQ),,,,,,
FP_MY,500bO00000t7Ih3QAE,2026-05-26 02:45:55,Closed,HTN9LQ,MYS-ae2k,Roti Tempayan Warisan (Jalan Lundang),No,,,,,No DLQ record found (non-SCCS or pre-MDS failure),Not classified (no DLQ),,,,,,
FP_MY,500bO00000t85ECQAY,2026-05-26 02:23:45,Closed,HTSY74,MYS-usb1,MIXUE (Platinum Seksyen 7),No,,,,,No DLQ record found (non-SCCS or pre-MDS failure),Not classified (no DLQ),,,,,,
FP_MY,500bO00000t8BEBQA2,2026-05-26 02:20:47,Closed,HTN9L2,MYS-up41,Nasi Kerabu Tumis Munie (Balok),No,,,,,No DLQ record found (non-SCCS or pre-MDS failure),Not classified (no DLQ),,,,,,
FP_MY,500bO00000t7wHEQAY,2026-05-26 02:14:30,Closed,HTN9PQ,MYS-z9oq,Nyonya Mansoor (Taman Pekaka),No,,,,,No DLQ record found (non-SCCS or pre-MDS failure),Not classified (no DLQ),,,,,,
FP_MY,500bO00000t7cBFQAY,2026-05-26 01:46:33,Closed,HP7S8X,MYS-oml4,YING Restaurant (Kampung Wakaf Bharu[Non-Halal]),No,,,,,No DLQ record found (non-SCCS or pre-MDS failure),Not classified (no DLQ),,,,,,
FP_MY,500bO00000t7k6gQAA,2026-05-26 01:35:20,Closed,HTRK2D,MYS-d84i,AI-CHA (Uptown Penampang),No,,,,,No DLQ record found (non-SCCS or pre-MDS failure),Not classified (no DLQ),,,,,,
FP_MY,500bO00000t7hnFQAQ,2026-05-26 01:31:24,Closed,HTTU0B,MYS-oxft,Eyna Mee Celup D'FAMA (Bandar Pasir Puteh),No,,,,,No DLQ record found (non-SCCS or pre-MDS failure),Not classified (no DLQ),,,,,,
FP_MY,500bO00000t77OuQAI,2026-05-26 01:29:12,Closed,HTAWXP,MYS-vtvm,The Coffee Diver® (Permas Jaya),No,,,,,No DLQ record found (non-SCCS or pre-MDS failure),Not classified (no DLQ),,,,,,
FP_MY,500bO00000t4O4TQAU,2026-05-25 09:26:22,Closed,HTP0IJ,MYS-tnrt,BingXue Merlimau (NEW),No,,,,,No DLQ record found (non-SCCS or pre-MDS failure),Not classified (no DLQ),,,,,,
FP_MY,500bO00000t4Q7aQAE,2026-05-25 08:06:29,Closed,HTGMAY,MYS-yval,Buloh Perindu (Kampung Bukit Lembu),No,,,,,No DLQ record found (non-SCCS or pre-MDS failure),Not classified (no DLQ),,,,,,
FP_MY,500bO00000t4SFlQAM,2026-05-25 07:50:31,Closed,HTH1ED,MYS-ltvn,Maimie Burger (Bandar Puteri Jaya),No,,,,,No DLQ record found (non-SCCS or pre-MDS failure),Not classified (no DLQ),,,,,,
FP_MY,500bO00000t3g7vQAA,2026-05-25 02:37:54,Closed,HTN9ZD,MYS-xweu,LeeCutz Cafe (Pasir Gudang),No,,,,,No DLQ record found (non-SCCS or pre-MDS failure),Not classified (no DLQ),,,,,,
FP_PH,500bO00000uU3bKQAS,2026-06-12 07:03:26,New,HTUBI1,PHL-cbv3,Chowking - Matandang Balara,Yes,FP_PH_20260612T070317_PHL-cbv3,salesforce_acquisition,2026-06-12 07:03:18,3014,Image resolution too large (pixel count exceeds limit),MDS Technical Failure,"Image resolution is too large to process.
        Please resize the image to a smaller resolution and try again.
         tot 232985748 max 30000000",salesforce_acquisition/FP_PH_20260612T070317_PHL-cbv3.json,https://console.cloud.google.com/storage/browser/dh-menu-digitalised-images-prod/salesforce_acquisition/FP_PH_20260612T070317_PHL-cbv3,image_1.pdf,6.35,"File: 6.35 MB on disk. Pixel count: 232,985,748 px (+676.6% over 30M limit). Extremely high-DPI scan."
FP_PH,500bO00000uSjBeQAK,2026-06-12 03:43:16,New,HTUCNP,PHL-yd3g,Master Siomai - Newtown Public Transit Terminal,Yes,FP_PH_20260612T034306_PHL-yd3g,salesforce_acquisition,2026-06-12 03:43:07,3017,File not recognised as a menu by the language model,Not a Menu Document,"The file was not recognized as a menu by the language model.
        Please upload a genuine menu image/PDF (not a storefront photo, logo, or non-menu content)
        and try again.",salesforce_acquisition/FP_PH_20260612T034306_PHL-yd3g.json,https://console.cloud.google.com/storage/browser/dh-menu-digitalised-images-prod/salesforce_acquisition/FP_PH_20260612T034306_PHL-yd3g,,,
FP_PH,500bO00000uT7nlQAC,2026-06-12 02:23:55,New,HTPOIX,PHL-pywc,Barney's Pet Café - Roxas Extension,Yes,FP_PH_20260612T022338_PHL-pywc,salesforce_acquisition,2026-06-12 02:23:38,99,Internal processing error (NoneType attribute missing),MDS Technical Failure,'NoneType' object has no attribute 'menu_type',salesforce_acquisition/FP_PH_20260612T022338_PHL-pywc.json,https://console.cloud.google.com/storage/browser/dh-menu-digitalised-images-prod/salesforce_acquisition/FP_PH_20260612T022338_PHL-pywc,,,
FP_PH,500bO00000uTBO2QAO,2026-06-12 01:58:46,New,HTY4EC,PHL-pggf,Goldilocks - Time Plaza Manila,Yes,FP_PH_20260612T015839_PHL-pggf,salesforce_acquisition,2026-06-12 01:58:40,3014,Image resolution too large (pixel count exceeds limit),MDS Technical Failure,"Image resolution is too large to process.
        Please resize the image to a smaller resolution and try again.
         tot 232985748 max 30000000",salesforce_acquisition/FP_PH_20260612T015839_PHL-pggf.json,https://console.cloud.google.com/storage/browser/dh-menu-digitalised-images-prod/salesforce_acquisition/FP_PH_20260612T015839_PHL-pggf,image_1.pdf,6.35,"File: 6.35 MB on disk. Pixel count: 232,985,748 px (+676.6% over 30M limit). Extremely high-DPI scan."
FP_PH,500bO00000uPopYQAS,2026-06-11 09:21:52,Closed,HTUH0M,PHL-fazf,Bonseta's Burger - Catarman Street Gusa,Yes,FP_PH_20260611T092141_PHL-fazf,salesforce_acquisition,2026-06-11 09:21:42,3017,File not recognised as a menu by the language model,Not a Menu Document,"The file was not recognized as a menu by the language model.
        Please upload a genuine menu image/PDF (not a storefront photo, logo, or non-menu content)
        and try again.",salesforce_acquisition/FP_PH_20260611T092141_PHL-fazf.json,https://console.cloud.google.com/storage/browser/dh-menu-digitalised-images-prod/salesforce_acquisition/FP_PH_20260611T092141_PHL-fazf,,,
FP_PH,500bO00000uPUKTQA4,2026-06-11 07:51:45,Closed,HTNXD6,PHL-a7hl,V Coffee - Lopez,Yes,FP_PH_20260611T075136_PHL-a7hl,salesforce_acquisition,2026-06-11 07:51:36,3017,File not recognised as a menu by the language model,Not a Menu Document,"The file was not recognized as a menu by the language model.
        Please upload a genuine menu image/PDF (not a storefront photo, logo, or non-menu content)
        and try again.",salesforce_acquisition/FP_PH_20260611T075136_PHL-a7hl.json,https://console.cloud.google.com/storage/browser/dh-menu-digitalised-images-prod/salesforce_acquisition/FP_PH_20260611T075136_PHL-a7hl,,,
FP_PH,500bO00000uPJAYQA4,2026-06-11 07:48:31,Closed,HT0ZQG,PHL-hyz3,3P's Pizza - Sandoval Avenue,Yes,FP_PH_20260611T074824_PHL-hyz3,salesforce_acquisition,2026-06-11 07:48:24,3017,File not recognised as a menu by the language model,Not a Menu Document,"The file was not recognized as a menu by the language model.
        Please upload a genuine menu image/PDF (not a storefront photo, logo, or non-menu content)
        and try again.",salesforce_acquisition/FP_PH_20260611T074824_PHL-hyz3.json,https://console.cloud.google.com/storage/browser/dh-menu-digitalised-images-prod/salesforce_acquisition/FP_PH_20260611T074824_PHL-hyz3,,,
FP_PH,500bO00000uPLVeQAO,2026-06-11 07:18:35,Closed,HTY4Z1,PHL-sk6q,Zaki Shakes & Snacks - HSG Food Park,Yes,FP_PH_20260611T071815_PHL-sk6q,salesforce_acquisition,2026-06-11 07:18:15,3017,File not recognised as a menu by the language model,Not a Menu Document,"The file was not recognized as a menu by the language model.
        Please upload a genuine menu image/PDF (not a storefront photo, logo, or non-menu content)
        and try again.",salesforce_acquisition/FP_PH_20260611T071815_PHL-sk6q.json,https://console.cloud.google.com/storage/browser/dh-menu-digitalised-images-prod/salesforce_acquisition/FP_PH_20260611T071815_PHL-sk6q,,,
FP_PH,500bO00000uNkytQAC,2026-06-11 01:45:25,Closed,HTUI2I,PHL-jy0y,Mang Go - De La Salle University,Yes,FP_PH_20260611T014515_PHL-jy0y,salesforce_acquisition,2026-06-11 01:45:15,3017,File not recognised as a menu by the language model,Not a Menu Document,"The file was not recognized as a menu by the language model.
        Please upload a genuine menu image/PDF (not a storefront photo, logo, or non-menu content)
        and try again.",salesforce_acquisition/FP_PH_20260611T014515_PHL-jy0y.json,https://console.cloud.google.com/storage/browser/dh-menu-digitalised-images-prod/salesforce_acquisition/FP_PH_20260611T014515_PHL-jy0y,,,
FP_PH,500bO00000uNknGQAS,2026-06-11 01:00:33,Closed,HTY4BA,PHL-nbr5,Shakey's Pizza - SM City Zamboanga,Yes,FP_PH_20260611T010025_PHL-nbr5,salesforce_acquisition,2026-06-11 01:00:25,3017,File not recognised as a menu by the language model,Not a Menu Document,"The file was not recognized as a menu by the language model.
        Please upload a genuine menu image/PDF (not a storefront photo, logo, or non-menu content)
        and try again.",salesforce_acquisition/FP_PH_20260611T010025_PHL-nbr5.json,https://console.cloud.google.com/storage/browser/dh-menu-digitalised-images-prod/salesforce_acquisition/FP_PH_20260611T010025_PHL-nbr5,,,
FP_PH,500bO00000uJRMBQA4,2026-06-10 09:27:25,Closed,HTSD03,PHL-x18h,Jollibee - Don Ernesto,Yes,FP_PH_20260610T092720_PHL-x18h,salesforce_acquisition,2026-06-10 09:27:21,3014,Image resolution too large (pixel count exceeds limit),MDS Technical Failure,"Image resolution is too large to process.
        Please resize the image to a smaller resolution and try again.
         tot 159776400 max 30000000",salesforce_acquisition/FP_PH_20260610T092720_PHL-x18h.json,https://console.cloud.google.com/storage/browser/dh-menu-digitalised-images-prod/salesforce_acquisition/FP_PH_20260610T092720_PHL-x18h,image_1.pdf,3.5,"File: 3.5 MB on disk. Pixel count: 159,776,400 px (+432.6% over 30M limit). Extremely high-DPI scan."
FP_PH,500bO00000uJhPDQA0,2026-06-10 09:23:34,Final Check,HTAJC3,PHL-g23f,ANYDAY - Miranza Center Banilad,Yes,FP_PH_20260610T092328_PHL-g23f,salesforce_acquisition,2026-06-10 09:23:29,3014,Image resolution too large (pixel count exceeds limit),MDS Technical Failure,"Image resolution is too large to process.
        Please resize the image to a smaller resolution and try again.
         tot 56385472 max 30000000",salesforce_acquisition/FP_PH_20260610T092328_PHL-g23f.json,https://console.cloud.google.com/storage/browser/dh-menu-digitalised-images-prod/salesforce_acquisition/FP_PH_20260610T092328_PHL-g23f,image_1.pdf,0.49,"File: 0.49 MB on disk. Pixel count: 56,385,472 px (+88.0% over 30M limit). High-DPI scan; minor compression would fix."
FP_PH,500bO00000uJEgcQAG,2026-06-10 08:32:34,Closed,HT05DS,PHL-w4wn,Uling Roasters - San Nicolas Buhangin Davao,Yes,FP_PH_20260610T083227_PHL-w4wn,salesforce_acquisition,2026-06-10 08:32:27,3017,File not recognised as a menu by the language model,Not a Menu Document,"The file was not recognized as a menu by the language model.
        Please upload a genuine menu image/PDF (not a storefront photo, logo, or non-menu content)
        and try again.",salesforce_acquisition/FP_PH_20260610T083227_PHL-w4wn.json,https://console.cloud.google.com/storage/browser/dh-menu-digitalised-images-prod/salesforce_acquisition/FP_PH_20260610T083227_PHL-w4wn,,,
FP_PH,500bO00000uHuryQAC,2026-06-10 01:17:48,Closed,HTAKZO,PHL-alu8,Con Vista - Grand Heights Antipolo,Yes,FP_PH_20260610T011741_PHL-alu8,salesforce_acquisition,2026-06-10 01:17:43,3014,Image resolution too large (pixel count exceeds limit),MDS Technical Failure,"Image resolution is too large to process.
        Please resize the image to a smaller resolution and try again.
         tot 67116672 max 30000000",salesforce_acquisition/FP_PH_20260610T011741_PHL-alu8.json,https://console.cloud.google.com/storage/browser/dh-menu-digitalised-images-prod/salesforce_acquisition/FP_PH_20260610T011741_PHL-alu8,image_1.pdf,8.65,"File: 8.65 MB on disk. Pixel count: 67,116,672 px (+123.7% over 30M limit). High-DPI scan; minor compression would fix."
FP_PH,500bO00000uDQ4ZQAW,2026-06-09 07:40:57,Closed,HT07F8,PHL-f2p7,Papa Burger - Lopez Ave. UPLB,Yes,FP_PH_20260609T074051_PHL-f2p7,salesforce_acquisition,2026-06-09 07:40:52,3014,Image resolution too large (pixel count exceeds limit),MDS Technical Failure,"Image resolution is too large to process.
        Please resize the image to a smaller resolution and try again.
         tot 61848648 max 30000000",salesforce_acquisition/FP_PH_20260609T074051_PHL-f2p7.json,https://console.cloud.google.com/storage/browser/dh-menu-digitalised-images-prod/salesforce_acquisition/FP_PH_20260609T074051_PHL-f2p7,image_1.pdf,4.35,"File: 4.35 MB on disk. Pixel count: 61,848,648 px (+106.2% over 30M limit). High-DPI scan; minor compression would fix."
FP_PH,500bO00000uBs77QAC,2026-06-09 01:20:02,Closed,HTS86J,PHL-d4fn,Perspectiva - Kalipay,Yes,FP_PH_20260609T011850_PHL-d4fn,salesforce_acquisition,2026-06-09 01:18:51,3014,Image resolution too large (pixel count exceeds limit),MDS Technical Failure,"Image resolution is too large to process.
        Please resize the image to a smaller resolution and try again.
         tot 53186189 max 30000000",salesforce_acquisition/FP_PH_20260609T011850_PHL-d4fn.json,https://console.cloud.google.com/storage/browser/dh-menu-digitalised-images-prod/salesforce_acquisition/FP_PH_20260609T011850_PHL-d4fn,image_1.pdf,0.4,"File: 0.4 MB on disk. Pixel count: 53,186,189 px (+77.3% over 30M limit). High-DPI scan; minor compression would fix."
FP_PH,500bO00000uBtAbQAK,2026-06-09 01:19:30,Closed,HTUS05,PHL-j2br,Fruit Club PH - Glorietta 2,Yes,FP_PH_20260609T011757_PHL-j2br,salesforce_acquisition,2026-06-09 01:17:57,3017,File not recognised as a menu by the language model,Not a Menu Document,"The file was not recognized as a menu by the language model.
        Please upload a genuine menu image/PDF (not a storefront photo, logo, or non-menu content)
        and try again.",salesforce_acquisition/FP_PH_20260609T011757_PHL-j2br.json,https://console.cloud.google.com/storage/browser/dh-menu-digitalised-images-prod/salesforce_acquisition/FP_PH_20260609T011757_PHL-j2br,,,
FP_PH,500bO00000uBNLtQAO,2026-06-09 01:14:40,Closed,HPMAMF,PHL-gxkl,JRic's Grill & Restaurant - Townscape,Yes,FP_PH_20260609T011106_PHL-gxkl,salesforce_acquisition,2026-06-09 01:11:07,3014,Image resolution too large (pixel count exceeds limit),MDS Technical Failure,"Image resolution is too large to process.
        Please resize the image to a smaller resolution and try again.
         tot 34745664 max 30000000",salesforce_acquisition/FP_PH_20260609T011106_PHL-gxkl.json,https://console.cloud.google.com/storage/browser/dh-menu-digitalised-images-prod/salesforce_acquisition/FP_PH_20260609T011106_PHL-gxkl,image_1.pdf,0.34,"File: 0.34 MB on disk. Pixel count: 34,745,664 px (+15.8% over 30M limit). High-DPI scan; minor compression would fix."
FP_PH,500bO00000u6iEHQAY,2026-06-08 08:49:13,Closed,HTUZFN,PHL-zzs9,CREMA & CO - Manila,Yes,FP_PH_20260608T084904_PHL-zzs9,salesforce_acquisition,2026-06-08 08:49:04,3017,File not recognised as a menu by the language model,Not a Menu Document,"The file was not recognized as a menu by the language model.
        Please upload a genuine menu image/PDF (not a storefront photo, logo, or non-menu content)
        and try again.",salesforce_acquisition/FP_PH_20260608T084904_PHL-zzs9.json,https://console.cloud.google.com/storage/browser/dh-menu-digitalised-images-prod/salesforce_acquisition/FP_PH_20260608T084904_PHL-zzs9,,,
FP_PH,500bO00000u6jF7QAI,2026-06-08 08:22:26,Closed,HTUKDP,PHL-gz1x,Nelo's Restaurant - Barandal,Yes,FP_PH_20260608T082221_PHL-gz1x,salesforce_acquisition,2026-06-08 08:22:22,3014,Image resolution too large (pixel count exceeds limit),MDS Technical Failure,"Image resolution is too large to process.
        Please resize the image to a smaller resolution and try again.
         tot 53186189 max 30000000",salesforce_acquisition/FP_PH_20260608T082221_PHL-gz1x.json,https://console.cloud.google.com/storage/browser/dh-menu-digitalised-images-prod/salesforce_acquisition/FP_PH_20260608T082221_PHL-gz1x,image_1.pdf,1.07,"File: 1.07 MB on disk. Pixel count: 53,186,189 px (+77.3% over 30M limit). High-DPI scan; minor compression would fix."
FP_PH,500bO00000u6Z67QAE,2026-06-08 08:14:49,Closed,HTRKMA,PHL-bape,Every Cup - Sampaloc,Yes,FP_PH_20260608T081444_PHL-bape,salesforce_acquisition,2026-06-08 08:14:44,3014,Image resolution too large (pixel count exceeds limit),MDS Technical Failure,"Image resolution is too large to process.
        Please resize the image to a smaller resolution and try again.
         tot 61848648 max 30000000",salesforce_acquisition/FP_PH_20260608T081444_PHL-bape.json,https://console.cloud.google.com/storage/browser/dh-menu-digitalised-images-prod/salesforce_acquisition/FP_PH_20260608T081444_PHL-bape,image_1.pdf,0.43,"File: 0.43 MB on disk. Pixel count: 61,848,648 px (+106.2% over 30M limit). High-DPI scan; minor compression would fix."
FP_PH,500bO00000u6SivQAE,2026-06-08 07:40:46,Closed,HTSOGS,PHL-wczo,Kapenoypi Diner - Rizal Avenue,Yes,FP_PH_20260608T074034_PHL-wczo,salesforce_acquisition,2026-06-08 07:40:34,3015,File does not look like a restaurant menu,Not a Menu Document,"The file does not look like a restaurant menu.
        Please upload a clear menu (with items and prices) and ensure the content is not a receipt,
        flyer, or unrelated image.",salesforce_acquisition/FP_PH_20260608T074034_PHL-wczo.json,https://console.cloud.google.com/storage/browser/dh-menu-digitalised-images-prod/salesforce_acquisition/FP_PH_20260608T074034_PHL-wczo,,,
FP_PH,500bO00000u6586QAA,2026-06-08 07:25:40,Closed,HTWQA4,PHL-tacl,Andok's - Tagbak,Yes,FP_PH_20260608T072535_PHL-tacl,salesforce_acquisition,2026-06-08 07:25:35,3015,File does not look like a restaurant menu,Not a Menu Document,"The file does not look like a restaurant menu.
        Please upload a clear menu (with items and prices) and ensure the content is not a receipt,
        flyer, or unrelated image.",salesforce_acquisition/FP_PH_20260608T072535_PHL-tacl.json,https://console.cloud.google.com/storage/browser/dh-menu-digitalised-images-prod/salesforce_acquisition/FP_PH_20260608T072535_PHL-tacl,,,
FP_PH,500bO00000u5kq1QAA,2026-06-08 07:10:04,Closed,HTAAXX,PHL-aduo,Andok's - Nula Tula 1,Yes,FP_PH_20260608T070942_PHL-aduo,salesforce_acquisition,2026-06-08 07:09:43,3015,File does not look like a restaurant menu,Not a Menu Document,"The file does not look like a restaurant menu.
        Please upload a clear menu (with items and prices) and ensure the content is not a receipt,
        flyer, or unrelated image.",salesforce_acquisition/FP_PH_20260608T070942_PHL-aduo.json,https://console.cloud.google.com/storage/browser/dh-menu-digitalised-images-prod/salesforce_acquisition/FP_PH_20260608T070942_PHL-aduo,,,
FP_PH,500bO00000u4nwNQAQ,2026-06-08 02:45:50,Closed,HPRWQY,PHL-hnok,Andok's - Palo 2,Yes,FP_PH_20260608T024543_PHL-hnok,salesforce_acquisition,2026-06-08 02:45:43,3015,File does not look like a restaurant menu,Not a Menu Document,"The file does not look like a restaurant menu.
        Please upload a clear menu (with items and prices) and ensure the content is not a receipt,
        flyer, or unrelated image.",salesforce_acquisition/FP_PH_20260608T024543_PHL-hnok.json,https://console.cloud.google.com/storage/browser/dh-menu-digitalised-images-prod/salesforce_acquisition/FP_PH_20260608T024543_PHL-hnok,,,
FP_PH,500bO00000u4cMgQAI,2026-06-08 01:21:22,Closed,HTUZON,PHL-l5u7,Kenzo's Lechon House - Mabuhay Road,Yes,FP_PH_20260608T012116_PHL-l5u7,salesforce_acquisition,2026-06-08 01:21:17,3015,File does not look like a restaurant menu,Not a Menu Document,"The file does not look like a restaurant menu.
        Please upload a clear menu (with items and prices) and ensure the content is not a receipt,
        flyer, or unrelated image.",salesforce_acquisition/FP_PH_20260608T012116_PHL-l5u7.json,https://console.cloud.google.com/storage/browser/dh-menu-digitalised-images-prod/salesforce_acquisition/FP_PH_20260608T012116_PHL-l5u7,,,
FP_PH,500bO00000u5A3JQAU,2026-06-08 01:12:12,Final Check,HTTBKL,PHL-xtja,Turks - SM Hypermarket Marilao,Yes,FP_PH_20260608T011156_PHL-xtja,salesforce_acquisition,2026-06-08 01:11:56,3015,File does not look like a restaurant menu,Not a Menu Document,"The file does not look like a restaurant menu.
        Please upload a clear menu (with items and prices) and ensure the content is not a receipt,
        flyer, or unrelated image.",salesforce_acquisition/FP_PH_20260608T011156_PHL-xtja.json,https://console.cloud.google.com/storage/browser/dh-menu-digitalised-images-prod/salesforce_acquisition/FP_PH_20260608T011156_PHL-xtja,,,
FP_PH,500bO00000u1LmyQAE,2026-06-06 09:38:20,Closed,HTPF5G,PHL-norw,Andok's - Roxas 3,Yes,FP_PH_20260606T093814_PHL-norw,salesforce_acquisition,2026-06-06 09:38:15,3015,File does not look like a restaurant menu,Not a Menu Document,"The file does not look like a restaurant menu.
        Please upload a clear menu (with items and prices) and ensure the content is not a receipt,
        flyer, or unrelated image.",salesforce_acquisition/FP_PH_20260606T093814_PHL-norw.json,https://console.cloud.google.com/storage/browser/dh-menu-digitalised-images-prod/salesforce_acquisition/FP_PH_20260606T093814_PHL-norw,,,
FP_PH,500bO00000u1HjSQAU,2026-06-06 09:30:23,Closed,HTWFOH,PHL-r1y9,Andok's - Mabolo,Yes,FP_PH_20260606T093015_PHL-r1y9,salesforce_acquisition,2026-06-06 09:30:15,3015,File does not look like a restaurant menu,Not a Menu Document,"The file does not look like a restaurant menu.
        Please upload a clear menu (with items and prices) and ensure the content is not a receipt,
        flyer, or unrelated image.",salesforce_acquisition/FP_PH_20260606T093015_PHL-r1y9.json,https://console.cloud.google.com/storage/browser/dh-menu-digitalised-images-prod/salesforce_acquisition/FP_PH_20260606T093015_PHL-r1y9,,,
FP_PH,500bO00000u1FrBQAU,2026-06-06 08:12:39,Closed,HTURT8,PHL-xj5h,Max Mango - Metro Central Mall,Yes,FP_PH_20260606T081229_PHL-xj5h,salesforce_acquisition,2026-06-06 08:12:29,3017,File not recognised as a menu by the language model,Not a Menu Document,"The file was not recognized as a menu by the language model.
        Please upload a genuine menu image/PDF (not a storefront photo, logo, or non-menu content)
        and try again.",salesforce_acquisition/FP_PH_20260606T081229_PHL-xj5h.json,https://console.cloud.google.com/storage/browser/dh-menu-digitalised-images-prod/salesforce_acquisition/FP_PH_20260606T081229_PHL-xj5h,,,
FP_PH,500bO00000u18L3QAI,2026-06-06 07:32:27,Closed,HTUZOV,PHL-cvxd,Kenzo's Eatery - San Isidro,Yes,FP_PH_20260606T073214_PHL-cvxd,salesforce_acquisition,2026-06-06 07:32:15,3015,File does not look like a restaurant menu,Not a Menu Document,"The file does not look like a restaurant menu.
        Please upload a clear menu (with items and prices) and ensure the content is not a receipt,
        flyer, or unrelated image.",salesforce_acquisition/FP_PH_20260606T073214_PHL-cvxd.json,https://console.cloud.google.com/storage/browser/dh-menu-digitalised-images-prod/salesforce_acquisition/FP_PH_20260606T073214_PHL-cvxd,,,
FP_PH,500bO00000tzmOfQAI,2026-06-06 05:24:41,Closed,HT6WCN,PHL-g7b4,Andok's - Roxas 2,Yes,FP_PH_20260606T052430_PHL-g7b4,salesforce_acquisition,2026-06-06 05:24:30,3015,File does not look like a restaurant menu,Not a Menu Document,"The file does not look like a restaurant menu.
        Please upload a clear menu (with items and prices) and ensure the content is not a receipt,
        flyer, or unrelated image.",salesforce_acquisition/FP_PH_20260606T052430_PHL-g7b4.json,https://console.cloud.google.com/storage/browser/dh-menu-digitalised-images-prod/salesforce_acquisition/FP_PH_20260606T052430_PHL-g7b4,,,
FP_PH,500bO00000u0eT6QAI,2026-06-06 03:53:24,Closed,HTN6FJ,PHL-z703,Mun Biryani - Trece Martires,Yes,FP_PH_20260606T035316_PHL-z703,salesforce_acquisition,2026-06-06 03:53:16,3017,File not recognised as a menu by the language model,Not a Menu Document,"The file was not recognized as a menu by the language model.
        Please upload a genuine menu image/PDF (not a storefront photo, logo, or non-menu content)
        and try again.",salesforce_acquisition/FP_PH_20260606T035316_PHL-z703.json,https://console.cloud.google.com/storage/browser/dh-menu-digitalised-images-prod/salesforce_acquisition/FP_PH_20260606T035316_PHL-z703,,,
FP_PH,500bO00000u0bJJQAY,2026-06-06 03:19:22,Closed,45TBA3,PHL-erc9,Andok's - San Jose Leyte,Yes,FP_PH_20260606T031916_PHL-erc9,salesforce_acquisition,2026-06-06 03:19:16,3015,File does not look like a restaurant menu,Not a Menu Document,"The file does not look like a restaurant menu.
        Please upload a clear menu (with items and prices) and ensure the content is not a receipt,
        flyer, or unrelated image.",salesforce_acquisition/FP_PH_20260606T031916_PHL-erc9.json,https://console.cloud.google.com/storage/browser/dh-menu-digitalised-images-prod/salesforce_acquisition/FP_PH_20260606T031916_PHL-erc9,,,
FP_PH,500bO00000tzq3lQAA,2026-06-06 03:15:20,Closed,HTAAQG,PHL-whd9,Andok's - Palo 1,Yes,FP_PH_20260606T031514_PHL-whd9,salesforce_acquisition,2026-06-06 03:15:14,3015,File does not look like a restaurant menu,Not a Menu Document,"The file does not look like a restaurant menu.
        Please upload a clear menu (with items and prices) and ensure the content is not a receipt,
        flyer, or unrelated image.",salesforce_acquisition/FP_PH_20260606T031514_PHL-whd9.json,https://console.cloud.google.com/storage/browser/dh-menu-digitalised-images-prod/salesforce_acquisition/FP_PH_20260606T031514_PHL-whd9,,,
FP_PH,500bO00000u0pStQAI,2026-06-06 03:11:10,Closed,HTWQKE,PHL-qntg,Andok's - Lapaz 3,Yes,FP_PH_20260606T031102_PHL-qntg,salesforce_acquisition,2026-06-06 03:11:02,3015,File does not look like a restaurant menu,Not a Menu Document,"The file does not look like a restaurant menu.
        Please upload a clear menu (with items and prices) and ensure the content is not a receipt,
        flyer, or unrelated image.",salesforce_acquisition/FP_PH_20260606T031102_PHL-qntg.json,https://console.cloud.google.com/storage/browser/dh-menu-digitalised-images-prod/salesforce_acquisition/FP_PH_20260606T031102_PHL-qntg,,,
FP_PH,500bO00000u0i5yQAA,2026-06-06 03:01:22,Closed,HTPF2E,PHL-l1wm,Andok's - Catbalogan,Yes,FP_PH_20260606T030116_PHL-l1wm,salesforce_acquisition,2026-06-06 03:01:17,3015,File does not look like a restaurant menu,Not a Menu Document,"The file does not look like a restaurant menu.
        Please upload a clear menu (with items and prices) and ensure the content is not a receipt,
        flyer, or unrelated image.",salesforce_acquisition/FP_PH_20260606T030116_PHL-l1wm.json,https://console.cloud.google.com/storage/browser/dh-menu-digitalised-images-prod/salesforce_acquisition/FP_PH_20260606T030116_PHL-l1wm,,,
FP_PH,500bO00000u0lbhQAA,2026-06-06 02:57:27,Closed,HTWFOW,PHL-nkzj,Andok's - Mactan,Yes,FP_PH_20260606T025722_PHL-nkzj,salesforce_acquisition,2026-06-06 02:57:22,3015,File does not look like a restaurant menu,Not a Menu Document,"The file does not look like a restaurant menu.
        Please upload a clear menu (with items and prices) and ensure the content is not a receipt,
        flyer, or unrelated image.",salesforce_acquisition/FP_PH_20260606T025722_PHL-nkzj.json,https://console.cloud.google.com/storage/browser/dh-menu-digitalised-images-prod/salesforce_acquisition/FP_PH_20260606T025722_PHL-nkzj,,,
FP_PH,500bO00000tziXKQAY,2026-06-06 02:53:20,Closed,HTWC92,PHL-sk7v,Andok's - Lapaz 2,Yes,FP_PH_20260606T025314_PHL-sk7v,salesforce_acquisition,2026-06-06 02:53:15,3015,File does not look like a restaurant menu,Not a Menu Document,"The file does not look like a restaurant menu.
        Please upload a clear menu (with items and prices) and ensure the content is not a receipt,
        flyer, or unrelated image.",salesforce_acquisition/FP_PH_20260606T025314_PHL-sk7v.json,https://console.cloud.google.com/storage/browser/dh-menu-digitalised-images-prod/salesforce_acquisition/FP_PH_20260606T025314_PHL-sk7v,,,
FP_PH,500bO00000u0h41QAA,2026-06-06 02:49:02,Closed,HRPH8P,PHL-xt44,Andok's - Molo 2,Yes,FP_PH_20260606T024855_PHL-xt44,salesforce_acquisition,2026-06-06 02:48:55,3015,File does not look like a restaurant menu,Not a Menu Document,"The file does not look like a restaurant menu.
        Please upload a clear menu (with items and prices) and ensure the content is not a receipt,
        flyer, or unrelated image.",salesforce_acquisition/FP_PH_20260606T024855_PHL-xt44.json,https://console.cloud.google.com/storage/browser/dh-menu-digitalised-images-prod/salesforce_acquisition/FP_PH_20260606T024855_PHL-xt44,,,
FP_PH,500bO00000tvH7iQAE,2026-06-05 04:31:13,Closed,HT0MFT,PHL-otrd,Gerardo's Bread Tea and Coffee - Lopez,Yes,FP_PH_20260605T043059_PHL-otrd,salesforce_acquisition,2026-06-05 04:30:59,3015,File does not look like a restaurant menu,Not a Menu Document,"The file does not look like a restaurant menu.
        Please upload a clear menu (with items and prices) and ensure the content is not a receipt,
        flyer, or unrelated image.",salesforce_acquisition/FP_PH_20260605T043059_PHL-otrd.json,https://console.cloud.google.com/storage/browser/dh-menu-digitalised-images-prod/salesforce_acquisition/FP_PH_20260605T043059_PHL-otrd,,,
FP_PH,500bO00000tucW3QAI,2026-06-05 02:27:21,Closed,HTPL1B,PHL-ps28,Dencio's Best - Healthy Patties - Calumpang,Yes,FP_PH_20260605T022714_PHL-ps28,salesforce_acquisition,2026-06-05 02:27:15,3015,File does not look like a restaurant menu,Not a Menu Document,"The file does not look like a restaurant menu.
        Please upload a clear menu (with items and prices) and ensure the content is not a receipt,
        flyer, or unrelated image.",salesforce_acquisition/FP_PH_20260605T022714_PHL-ps28.json,https://console.cloud.google.com/storage/browser/dh-menu-digitalised-images-prod/salesforce_acquisition/FP_PH_20260605T022714_PHL-ps28,,,
FP_PH,500bO00000tuyt5QAA,2026-06-05 01:38:51,Closed,HTUZU0,PHL-a179,Drive and Grind Coffee - IH Building,Yes,FP_PH_20260605T013814_PHL-a179,salesforce_acquisition,2026-06-05 01:38:15,3014,Image resolution too large (pixel count exceeds limit),MDS Technical Failure,"Image resolution is too large to process.
        Please resize the image to a smaller resolution and try again.
         tot 30943032 max 30000000",salesforce_acquisition/FP_PH_20260605T013814_PHL-a179.json,https://console.cloud.google.com/storage/browser/dh-menu-digitalised-images-prod/salesforce_acquisition/FP_PH_20260605T013814_PHL-a179,image_1.pdf,0.65,"File: 0.65 MB on disk. Pixel count: 30,943,032 px (+3.1% over 30M limit). High-DPI scan; minor compression would fix."
FP_PH,500bO00000tv505QAA,2026-06-05 01:27:18,Closed,HTUZ4R,PHL-lne6,Papa Burger - Fruto Santos Avenue Las Pinas,Yes,FP_PH_20260605T012709_PHL-lne6,salesforce_acquisition,2026-06-05 01:27:11,3014,Image resolution too large (pixel count exceeds limit),MDS Technical Failure,"Image resolution is too large to process.
        Please resize the image to a smaller resolution and try again.
         tot 61848648 max 30000000",salesforce_acquisition/FP_PH_20260605T012709_PHL-lne6.json,https://console.cloud.google.com/storage/browser/dh-menu-digitalised-images-prod/salesforce_acquisition/FP_PH_20260605T012709_PHL-lne6,image_1.pdf,4.35,"File: 4.35 MB on disk. Pixel count: 61,848,648 px (+106.2% over 30M limit). High-DPI scan; minor compression would fix."
FP_PH,500bO00000tup3QQAQ,2026-06-05 01:20:39,Closed,HT0J99,PHL-bfzd,KKOPI.Tea - Punta Calamba,Yes,FP_PH_20260605T012030_PHL-bfzd,salesforce_acquisition,2026-06-05 01:20:31,3017,File not recognised as a menu by the language model,Not a Menu Document,"The file was not recognized as a menu by the language model.
        Please upload a genuine menu image/PDF (not a storefront photo, logo, or non-menu content)
        and try again.",salesforce_acquisition/FP_PH_20260605T012030_PHL-bfzd.json,https://console.cloud.google.com/storage/browser/dh-menu-digitalised-images-prod/salesforce_acquisition/FP_PH_20260605T012030_PHL-bfzd,,,
FP_PH,500bO00000tv1FpQAI,2026-06-05 01:07:15,Closed,HTUZ4N,PHL-yph7,Papa Burger - Bagumbayan Tanauan,Yes,FP_PH_20260605T010707_PHL-yph7,salesforce_acquisition,2026-06-05 01:07:08,3014,Image resolution too large (pixel count exceeds limit),MDS Technical Failure,"Image resolution is too large to process.
        Please resize the image to a smaller resolution and try again.
         tot 61848648 max 30000000",salesforce_acquisition/FP_PH_20260605T010707_PHL-yph7.json,https://console.cloud.google.com/storage/browser/dh-menu-digitalised-images-prod/salesforce_acquisition/FP_PH_20260605T010707_PHL-yph7,image_1.pdf,4.35,"File: 4.35 MB on disk. Pixel count: 61,848,648 px (+106.2% over 30M limit). High-DPI scan; minor compression would fix."
FP_PH,500bO00000trFvqQAE,2026-06-04 09:52:52,Closed,HTUZ4O,PHL-ug60,Papa Burger - Pag Asa Street Mandaluyong,Yes,FP_PH_20260604T095246_PHL-ug60,salesforce_acquisition,2026-06-04 09:52:47,3014,Image resolution too large (pixel count exceeds limit),MDS Technical Failure,"Image resolution is too large to process.
        Please resize the image to a smaller resolution and try again.
         tot 61848648 max 30000000",salesforce_acquisition/FP_PH_20260604T095246_PHL-ug60.json,https://console.cloud.google.com/storage/browser/dh-menu-digitalised-images-prod/salesforce_acquisition/FP_PH_20260604T095246_PHL-ug60,image_1.pdf,4.35,"File: 4.35 MB on disk. Pixel count: 61,848,648 px (+106.2% over 30M limit). High-DPI scan; minor compression would fix."
FP_PH,500bO00000trijDQAQ,2026-06-04 08:56:14,Closed,HTPF5K,PHL-o1ef,Andok's - Roxas 4,Yes,FP_PH_20260604T085609_PHL-o1ef,salesforce_acquisition,2026-06-04 08:56:09,3015,File does not look like a restaurant menu,Not a Menu Document,"The file does not look like a restaurant menu.
        Please upload a clear menu (with items and prices) and ensure the content is not a receipt,
        flyer, or unrelated image.",salesforce_acquisition/FP_PH_20260604T085609_PHL-o1ef.json,https://console.cloud.google.com/storage/browser/dh-menu-digitalised-images-prod/salesforce_acquisition/FP_PH_20260604T085609_PHL-o1ef,,,
FP_PH,500bO00000trk6hQAA,2026-06-04 08:35:44,Closed,HTPF71,PHL-cke8,Andok's - Calbayog,Yes,FP_PH_20260604T083539_PHL-cke8,salesforce_acquisition,2026-06-04 08:35:39,3015,File does not look like a restaurant menu,Not a Menu Document,"The file does not look like a restaurant menu.
        Please upload a clear menu (with items and prices) and ensure the content is not a receipt,
        flyer, or unrelated image.",salesforce_acquisition/FP_PH_20260604T083539_PHL-cke8.json,https://console.cloud.google.com/storage/browser/dh-menu-digitalised-images-prod/salesforce_acquisition/FP_PH_20260604T083539_PHL-cke8,,,
FP_PH,500bO00000traC9QAI,2026-06-04 07:52:14,Closed,HTUZ4W,PHL-ebcv,Papa Burger - Pag Asa Caloocan,Yes,FP_PH_20260604T075208_PHL-ebcv,salesforce_acquisition,2026-06-04 07:52:09,3014,Image resolution too large (pixel count exceeds limit),MDS Technical Failure,"Image resolution is too large to process.
        Please resize the image to a smaller resolution and try again.
         tot 61848648 max 30000000",salesforce_acquisition/FP_PH_20260604T075208_PHL-ebcv.json,https://console.cloud.google.com/storage/browser/dh-menu-digitalised-images-prod/salesforce_acquisition/FP_PH_20260604T075208_PHL-ebcv,image_1.pdf,4.35,"File: 4.35 MB on disk. Pixel count: 61,848,648 px (+106.2% over 30M limit). High-DPI scan; minor compression would fix."
FP_PH,500bO00000trSwAQAU,2026-06-04 07:38:46,Closed,HTUH2V,PHL-ue2w,Master Siomai - Acienda,Yes,FP_PH_20260604T073658_PHL-ue2w,salesforce_acquisition,2026-06-04 07:36:59,3014,Image resolution too large (pixel count exceeds limit),MDS Technical Failure,"Image resolution is too large to process.
        Please resize the image to a smaller resolution and try again.
         tot 53186189 max 30000000",salesforce_acquisition/FP_PH_20260604T073658_PHL-ue2w.json,https://console.cloud.google.com/storage/browser/dh-menu-digitalised-images-prod/salesforce_acquisition/FP_PH_20260604T073658_PHL-ue2w,image_1.pdf,1.03,"File: 1.03 MB on disk. Pixel count: 53,186,189 px (+77.3% over 30M limit). High-DPI scan; minor compression would fix."
FP_PH,500bO00000tqqvqQAA,2026-06-04 07:24:15,Closed,HT0S32,PHL-fyet,King Sisig - Dona Soledad,Yes,FP_PH_20260604T072407_PHL-fyet,salesforce_acquisition,2026-06-04 07:24:07,3017,File not recognised as a menu by the language model,Not a Menu Document,"The file was not recognized as a menu by the language model.
        Please upload a genuine menu image/PDF (not a storefront photo, logo, or non-menu content)
        and try again.",salesforce_acquisition/FP_PH_20260604T072407_PHL-fyet.json,https://console.cloud.google.com/storage/browser/dh-menu-digitalised-images-prod/salesforce_acquisition/FP_PH_20260604T072407_PHL-fyet,,,
FP_PH,500bO00000toxRuQAI,2026-06-04 04:15:03,Closed,HTABX6,PHL-j3xy,GoodBlends - San Roque,Yes,FP_PH_20260604T041458_PHL-j3xy,salesforce_acquisition,2026-06-04 04:14:59,3014,Image resolution too large (pixel count exceeds limit),MDS Technical Failure,"Image resolution is too large to process.
        Please resize the image to a smaller resolution and try again.
         tot 30943032 max 30000000",salesforce_acquisition/FP_PH_20260604T041458_PHL-j3xy.json,https://console.cloud.google.com/storage/browser/dh-menu-digitalised-images-prod/salesforce_acquisition/FP_PH_20260604T041458_PHL-j3xy,image_1.pdf,0.1,"File: 0.1 MB on disk. Pixel count: 30,943,032 px (+3.1% over 30M limit). High-DPI scan; minor compression would fix."
FP_PH,500bO00000tqCFNQA2,2026-06-04 02:23:57,Closed,HRUBEW,PHL-pz9g,UCC Cafe Terrace - Davao,Yes,FP_PH_20260604T022351_PHL-pz9g,salesforce_acquisition,2026-06-04 02:23:52,3015,File does not look like a restaurant menu,Not a Menu Document,"The file does not look like a restaurant menu.
        Please upload a clear menu (with items and prices) and ensure the content is not a receipt,
        flyer, or unrelated image.",salesforce_acquisition/FP_PH_20260604T022351_PHL-pz9g.json,https://console.cloud.google.com/storage/browser/dh-menu-digitalised-images-prod/salesforce_acquisition/FP_PH_20260604T022351_PHL-pz9g,,,
FP_PH,500bO00000tqFpCQAU,2026-06-04 01:55:33,Closed,HTUBFO,PHL-tk32,ZUS Coffee - Primex Tower,No,,,,,No DLQ record found (non-SCCS or pre-MDS failure),Not classified (no DLQ),,,,,,
FP_PH,500bO00000tqUGIQA2,2026-06-04 01:54:23,Closed,HTAYBV,PHL-l92b,Tutong's Laksa - 4 Lanes Road Orani,Yes,FP_PH_20260604T014835_PHL-l92b,salesforce_acquisition,2026-06-04 01:48:37,99,Internal processing error (NoneType attribute missing),MDS Technical Failure,'NoneType' object has no attribute 'items',salesforce_acquisition/FP_PH_20260604T014835_PHL-l92b.json,https://console.cloud.google.com/storage/browser/dh-menu-digitalised-images-prod/salesforce_acquisition/FP_PH_20260604T014835_PHL-l92b,,,
FP_PH,500bO00000tkrHrQAI,2026-06-03 08:05:51,Closed,HT0CJD,PHL-sujs,Gerry's Grill - Sagkahan,Yes,FP_PH_20260603T080541_PHL-sujs,salesforce_acquisition,2026-06-03 08:05:42,3017,File not recognised as a menu by the language model,Not a Menu Document,"The file was not recognized as a menu by the language model.
        Please upload a genuine menu image/PDF (not a storefront photo, logo, or non-menu content)
        and try again.",salesforce_acquisition/FP_PH_20260603T080541_PHL-sujs.json,https://console.cloud.google.com/storage/browser/dh-menu-digitalised-images-prod/salesforce_acquisition/FP_PH_20260603T080541_PHL-sujs,,,
FP_PH,500bO00000tkxNBQAY,2026-06-03 07:41:43,Closed,HTAHUO,PHL-z9sg,Andok's - Magsaysay Baguio,Yes,FP_PH_20260603T074137_PHL-z9sg,salesforce_acquisition,2026-06-03 07:41:37,3015,File does not look like a restaurant menu,Not a Menu Document,"The file does not look like a restaurant menu.
        Please upload a clear menu (with items and prices) and ensure the content is not a receipt,
        flyer, or unrelated image.",salesforce_acquisition/FP_PH_20260603T074137_PHL-z9sg.json,https://console.cloud.google.com/storage/browser/dh-menu-digitalised-images-prod/salesforce_acquisition/FP_PH_20260603T074137_PHL-z9sg,,,
FP_PH,500bO00000tkZstQAE,2026-06-03 07:37:05,Closed,HK0E75,PHL-py0v,Andok's - La Trinidad,Yes,FP_PH_20260603T073557_PHL-py0v,salesforce_acquisition,2026-06-03 07:35:57,3015,File does not look like a restaurant menu,Not a Menu Document,"The file does not look like a restaurant menu.
        Please upload a clear menu (with items and prices) and ensure the content is not a receipt,
        flyer, or unrelated image.",salesforce_acquisition/FP_PH_20260603T073557_PHL-py0v.json,https://console.cloud.google.com/storage/browser/dh-menu-digitalised-images-prod/salesforce_acquisition/FP_PH_20260603T073557_PHL-py0v,,,
FP_PH,500bO00000tkf5OQAQ,2026-06-03 07:33:34,Closed,HTTGF4,PHL-uly4,Andok's - Calasiao,Yes,FP_PH_20260603T073328_PHL-uly4,salesforce_acquisition,2026-06-03 07:33:28,3015,File does not look like a restaurant menu,Not a Menu Document,"The file does not look like a restaurant menu.
        Please upload a clear menu (with items and prices) and ensure the content is not a receipt,
        flyer, or unrelated image.",salesforce_acquisition/FP_PH_20260603T073328_PHL-uly4.json,https://console.cloud.google.com/storage/browser/dh-menu-digitalised-images-prod/salesforce_acquisition/FP_PH_20260603T073328_PHL-uly4,,,
FP_PH,500bO00000tkIyYQAU,2026-06-03 07:29:44,Closed,HA0KS9,PHL-s22p,Andok's - Loakan,Yes,FP_PH_20260603T072938_PHL-s22p,salesforce_acquisition,2026-06-03 07:29:38,3015,File does not look like a restaurant menu,Not a Menu Document,"The file does not look like a restaurant menu.
        Please upload a clear menu (with items and prices) and ensure the content is not a receipt,
        flyer, or unrelated image.",salesforce_acquisition/FP_PH_20260603T072938_PHL-s22p.json,https://console.cloud.google.com/storage/browser/dh-menu-digitalised-images-prod/salesforce_acquisition/FP_PH_20260603T072938_PHL-s22p,,,
FP_PH,500bO00000tkl2gQAA,2026-06-03 07:24:53,Closed,HTAHY4,PHL-xls3,Andok's - Trancoville,Yes,FP_PH_20260603T072448_PHL-xls3,salesforce_acquisition,2026-06-03 07:24:48,3015,File does not look like a restaurant menu,Not a Menu Document,"The file does not look like a restaurant menu.
        Please upload a clear menu (with items and prices) and ensure the content is not a receipt,
        flyer, or unrelated image.",salesforce_acquisition/FP_PH_20260603T072448_PHL-xls3.json,https://console.cloud.google.com/storage/browser/dh-menu-digitalised-images-prod/salesforce_acquisition/FP_PH_20260603T072448_PHL-xls3,,,
FP_PH,500bO00000tklx8QAA,2026-06-03 07:23:41,Closed,HRPH4F,PHL-wg3m,Andok's - Bauang,Yes,FP_PH_20260603T072335_PHL-wg3m,salesforce_acquisition,2026-06-03 07:23:35,3015,File does not look like a restaurant menu,Not a Menu Document,"The file does not look like a restaurant menu.
        Please upload a clear menu (with items and prices) and ensure the content is not a receipt,
        flyer, or unrelated image.",salesforce_acquisition/FP_PH_20260603T072335_PHL-wg3m.json,https://console.cloud.google.com/storage/browser/dh-menu-digitalised-images-prod/salesforce_acquisition/FP_PH_20260603T072335_PHL-wg3m,,,
FP_PH,500bO00000tkcymQAA,2026-06-03 07:21:26,Closed,HT0EZ4,PHL-n2u4,Andok's - Sta. Barbara,Yes,FP_PH_20260603T072121_PHL-n2u4,salesforce_acquisition,2026-06-03 07:21:21,3015,File does not look like a restaurant menu,Not a Menu Document,"The file does not look like a restaurant menu.
        Please upload a clear menu (with items and prices) and ensure the content is not a receipt,
        flyer, or unrelated image.",salesforce_acquisition/FP_PH_20260603T072121_PHL-n2u4.json,https://console.cloud.google.com/storage/browser/dh-menu-digitalised-images-prod/salesforce_acquisition/FP_PH_20260603T072121_PHL-n2u4,,,
FP_PH,500bO00000tkieMQAQ,2026-06-03 07:18:00,Closed,HT0EZB,PHL-z8o3,Andok's - Mabalacat,Yes,FP_PH_20260603T071754_PHL-z8o3,salesforce_acquisition,2026-06-03 07:17:54,3015,File does not look like a restaurant menu,Not a Menu Document,"The file does not look like a restaurant menu.
        Please upload a clear menu (with items and prices) and ensure the content is not a receipt,
        flyer, or unrelated image.",salesforce_acquisition/FP_PH_20260603T071754_PHL-z8o3.json,https://console.cloud.google.com/storage/browser/dh-menu-digitalised-images-prod/salesforce_acquisition/FP_PH_20260603T071754_PHL-z8o3,,,
FP_PH,500bO00000tkmhtQAA,2026-06-03 07:17:53,Closed,HAUX8T,PHL-lm2s,Andok's - Urdaneta 2,Yes,FP_PH_20260603T071747_PHL-lm2s,salesforce_acquisition,2026-06-03 07:17:47,3015,File does not look like a restaurant menu,Not a Menu Document,"The file does not look like a restaurant menu.
        Please upload a clear menu (with items and prices) and ensure the content is not a receipt,
        flyer, or unrelated image.",salesforce_acquisition/FP_PH_20260603T071747_PHL-lm2s.json,https://console.cloud.google.com/storage/browser/dh-menu-digitalised-images-prod/salesforce_acquisition/FP_PH_20260603T071747_PHL-lm2s,,,
FP_PH,500bO00000tkdzbQAA,2026-06-03 07:14:32,Closed,HTAHU1,PHL-ophp,Andok's - St. Louie,Yes,FP_PH_20260603T071427_PHL-ophp,salesforce_acquisition,2026-06-03 07:14:27,3015,File does not look like a restaurant menu,Not a Menu Document,"The file does not look like a restaurant menu.
        Please upload a clear menu (with items and prices) and ensure the content is not a receipt,
        flyer, or unrelated image.",salesforce_acquisition/FP_PH_20260603T071427_PHL-ophp.json,https://console.cloud.google.com/storage/browser/dh-menu-digitalised-images-prod/salesforce_acquisition/FP_PH_20260603T071427_PHL-ophp,,,
FP_PH,500bO00000tjdIcQAI,2026-06-03 02:33:17,Closed,HT07FG,PHL-czqb,Haro Haro - Evia Lifestyle Center,Yes,FP_PH_20260603T023311_PHL-czqb,salesforce_acquisition,2026-06-03 02:33:12,3015,File does not look like a restaurant menu,Not a Menu Document,"The file does not look like a restaurant menu.
        Please upload a clear menu (with items and prices) and ensure the content is not a receipt,
        flyer, or unrelated image.",salesforce_acquisition/FP_PH_20260603T023311_PHL-czqb.json,https://console.cloud.google.com/storage/browser/dh-menu-digitalised-images-prod/salesforce_acquisition/FP_PH_20260603T023311_PHL-czqb,,,
FP_PH,500bO00000tjr3pQAA,2026-06-03 01:57:38,Closed,HT0M5S,PHL-xy5r,Best Chickwings and Chicken Inasal - Macabling,Yes,FP_PH_20260603T015730_PHL-xy5r,sf_menu_onboarding,2026-06-03 01:57:30,3015,File does not look like a restaurant menu,Not a Menu Document,"The file does not look like a restaurant menu.
        Please upload a clear menu (with items and prices) and ensure the content is not a receipt,
        flyer, or unrelated image.",sf_menu_onboarding/FP_PH_20260603T015730_PHL-xy5r.json,https://console.cloud.google.com/storage/browser/dh-menu-digitalised-images-prod/sf_menu_onboarding/FP_PH_20260603T015730_PHL-xy5r,,,
FP_PH,500bO00000tjnktQAA,2026-06-03 01:31:23,Closed,HTWWZN,PHL-kmon,Lucky Chan's Fusion - 1st Street,Yes,FP_PH_20260603T013119_PHL-kmon,sf_menu_onboarding,2026-06-03 01:31:22,3020,PDF file too large (exceeds 20MB),File Not Supported,"The PDF file is too large (exceeds 20MB limit).
        Please reduce the file size by compressing the PDF or splitting it into smaller parts and try again.",sf_menu_onboarding/FP_PH_20260603T013119_PHL-kmon.json,https://console.cloud.google.com/storage/browser/dh-menu-digitalised-images-prod/sf_menu_onboarding/FP_PH_20260603T013119_PHL-kmon,,,
FP_PH,500bO00000teqgEQAQ,2026-06-02 08:06:42,Closed,HTU4EZ,PHL-qnwt,SA SILONG BY AA’S Cafe - San Pascual,Yes,FP_PH_20260602T080635_PHL-qnwt,salesforce_acquisition,2026-06-02 08:06:35,3014,Image resolution too large (pixel count exceeds limit),MDS Technical Failure,"Image resolution is too large to process.
        Please resize the image to a smaller resolution and try again.
         tot 30943032 max 30000000",salesforce_acquisition/FP_PH_20260602T080635_PHL-qnwt.json,https://console.cloud.google.com/storage/browser/dh-menu-digitalised-images-prod/salesforce_acquisition/FP_PH_20260602T080635_PHL-qnwt,image_1.pdf,0.09,"File: 0.09 MB on disk. Pixel count: 30,943,032 px (+3.1% over 30M limit). High-DPI scan; minor compression would fix."
FP_PH,500bO00000teiajQAA,2026-06-02 07:41:13,Closed,HTNVIB,PHL-lbdt,KAPE at KESO - Balayan,Yes,FP_PH_20260602T074104_PHL-lbdt,salesforce_acquisition,2026-06-02 07:41:05,3014,Image resolution too large (pixel count exceeds limit),MDS Technical Failure,"Image resolution is too large to process.
        Please resize the image to a smaller resolution and try again.
         tot 30943032 max 30000000",salesforce_acquisition/FP_PH_20260602T074104_PHL-lbdt.json,https://console.cloud.google.com/storage/browser/dh-menu-digitalised-images-prod/salesforce_acquisition/FP_PH_20260602T074104_PHL-lbdt,image_1.pdf,0.09,"File: 0.09 MB on disk. Pixel count: 30,943,032 px (+3.1% over 30M limit). High-DPI scan; minor compression would fix."
FP_PH,500bO00000tfAyFQAU,2026-06-02 07:21:02,Closed,HTN979,PHL-w65j,Conti's Take Out Nook (Kiosk) - Ayala Malls Capitol Central,Yes,FP_PH_20260602T072052_PHL-w65j,salesforce_acquisition,2026-06-02 07:20:53,3017,File not recognised as a menu by the language model,Not a Menu Document,"The file was not recognized as a menu by the language model.
        Please upload a genuine menu image/PDF (not a storefront photo, logo, or non-menu content)
        and try again.",salesforce_acquisition/FP_PH_20260602T072052_PHL-w65j.json,https://console.cloud.google.com/storage/browser/dh-menu-digitalised-images-prod/salesforce_acquisition/FP_PH_20260602T072052_PHL-w65j,,,
FP_PH,500bO00000tfAoZQAU,2026-06-02 06:55:32,Closed,HT0CJC,PHL-jjcv,Hiromitsu - The Lifestyle Strip Sto Tomas,Yes,FP_PH_20260602T065523_PHL-jjcv,salesforce_acquisition,2026-06-02 06:55:23,3017,File not recognised as a menu by the language model,Not a Menu Document,"The file was not recognized as a menu by the language model.
        Please upload a genuine menu image/PDF (not a storefront photo, logo, or non-menu content)
        and try again.",salesforce_acquisition/FP_PH_20260602T065523_PHL-jjcv.json,https://console.cloud.google.com/storage/browser/dh-menu-digitalised-images-prod/salesforce_acquisition/FP_PH_20260602T065523_PHL-jjcv,,,
FP_PH,500bO00000teFaWQAU,2026-06-02 01:14:39,Closed,HT0U4R,PHL-wqf2,Kurimi Milk Tea Bar - Purok 3,Yes,FP_PH_20260602T011423_PHL-wqf2,salesforce_acquisition,2026-06-02 01:14:23,3017,File not recognised as a menu by the language model,Not a Menu Document,"The file was not recognized as a menu by the language model.
        Please upload a genuine menu image/PDF (not a storefront photo, logo, or non-menu content)
        and try again.",salesforce_acquisition/FP_PH_20260602T011423_PHL-wqf2.json,https://console.cloud.google.com/storage/browser/dh-menu-digitalised-images-prod/salesforce_acquisition/FP_PH_20260602T011423_PHL-wqf2,,,
FP_PH,500bO00000tWo28QAC,2026-06-01 08:14:03,Closed,HTNQEO,PHL-oaw7,Sip Up Coffee - Banaybanay,Yes,FP_PH_20260601T081351_PHL-oaw7,salesforce_acquisition,2026-06-01 08:13:51,3017,File not recognised as a menu by the language model,Not a Menu Document,"The file was not recognized as a menu by the language model.
        Please upload a genuine menu image/PDF (not a storefront photo, logo, or non-menu content)
        and try again.",salesforce_acquisition/FP_PH_20260601T081351_PHL-oaw7.json,https://console.cloud.google.com/storage/browser/dh-menu-digitalised-images-prod/salesforce_acquisition/FP_PH_20260601T081351_PHL-oaw7,,,
FP_PH,500bO00000tWMfHQAW,2026-06-01 04:38:37,Closed,HT0OHG,PHL-qc0l,Mang Gian Filipino Cuisine - B. Morada St.,Yes,FP_PH_20260601T043829_PHL-qc0l,salesforce_acquisition,2026-06-01 04:38:29,3017,File not recognised as a menu by the language model,Not a Menu Document,"The file was not recognized as a menu by the language model.
        Please upload a genuine menu image/PDF (not a storefront photo, logo, or non-menu content)
        and try again.",salesforce_acquisition/FP_PH_20260601T043829_PHL-qc0l.json,https://console.cloud.google.com/storage/browser/dh-menu-digitalised-images-prod/salesforce_acquisition/FP_PH_20260601T043829_PHL-qc0l,,,
FP_PH,500bO00000tVtgWQAS,2026-06-01 03:46:22,Closed,HWAKYQ,PHL-ztsl,Andok's - Tarlac 2,Yes,FP_PH_20260601T034616_PHL-ztsl,salesforce_acquisition,2026-06-01 03:46:16,3015,File does not look like a restaurant menu,Not a Menu Document,"The file does not look like a restaurant menu.
        Please upload a clear menu (with items and prices) and ensure the content is not a receipt,
        flyer, or unrelated image.",salesforce_acquisition/FP_PH_20260601T034616_PHL-ztsl.json,https://console.cloud.google.com/storage/browser/dh-menu-digitalised-images-prod/salesforce_acquisition/FP_PH_20260601T034616_PHL-ztsl,,,
FP_PH,500bO00000tVzquQAC,2026-06-01 03:43:15,Closed,HTA2BZ,PHL-z8m9,Andok's - Tuguegarao 1,Yes,FP_PH_20260601T034310_PHL-z8m9,salesforce_acquisition,2026-06-01 03:43:10,3015,File does not look like a restaurant menu,Not a Menu Document,"The file does not look like a restaurant menu.
        Please upload a clear menu (with items and prices) and ensure the content is not a receipt,
        flyer, or unrelated image.",salesforce_acquisition/FP_PH_20260601T034310_PHL-z8m9.json,https://console.cloud.google.com/storage/browser/dh-menu-digitalised-images-prod/salesforce_acquisition/FP_PH_20260601T034310_PHL-z8m9,,,
FP_PH,500bO00000tVadtQAC,2026-06-01 03:42:46,Closed,HTWQOX,PHL-gehr,Andok's - Capas,Yes,FP_PH_20260601T034241_PHL-gehr,salesforce_acquisition,2026-06-01 03:42:41,3015,File does not look like a restaurant menu,Not a Menu Document,"The file does not look like a restaurant menu.
        Please upload a clear menu (with items and prices) and ensure the content is not a receipt,
        flyer, or unrelated image.",salesforce_acquisition/FP_PH_20260601T034241_PHL-gehr.json,https://console.cloud.google.com/storage/browser/dh-menu-digitalised-images-prod/salesforce_acquisition/FP_PH_20260601T034241_PHL-gehr,,,
FP_PH,500bO00000tW0N5QAK,2026-06-01 03:41:37,Closed,HTA2BU,PHL-un4x,Andok's - Tuguegarao 2,Yes,FP_PH_20260601T034132_PHL-un4x,salesforce_acquisition,2026-06-01 03:41:32,3015,File does not look like a restaurant menu,Not a Menu Document,"The file does not look like a restaurant menu.
        Please upload a clear menu (with items and prices) and ensure the content is not a receipt,
        flyer, or unrelated image.",salesforce_acquisition/FP_PH_20260601T034132_PHL-un4x.json,https://console.cloud.google.com/storage/browser/dh-menu-digitalised-images-prod/salesforce_acquisition/FP_PH_20260601T034132_PHL-un4x,,,
FP_PH,500bO00000tW9BnQAK,2026-06-01 03:41:21,Closed,HT0EZD,PHL-iegk,Andok's - Concepcion,Yes,FP_PH_20260601T034116_PHL-iegk,salesforce_acquisition,2026-06-01 03:41:17,3015,File does not look like a restaurant menu,Not a Menu Document,"The file does not look like a restaurant menu.
        Please upload a clear menu (with items and prices) and ensure the content is not a receipt,
        flyer, or unrelated image.",salesforce_acquisition/FP_PH_20260601T034116_PHL-iegk.json,https://console.cloud.google.com/storage/browser/dh-menu-digitalised-images-prod/salesforce_acquisition/FP_PH_20260601T034116_PHL-iegk,,,
FP_PH,500bO00000tW4QdQAK,2026-06-01 03:40:36,Closed,HTWQO2,PHL-zuwr,Andok's - Tarlac 1,Yes,FP_PH_20260601T034031_PHL-zuwr,salesforce_acquisition,2026-06-01 03:40:31,3015,File does not look like a restaurant menu,Not a Menu Document,"The file does not look like a restaurant menu.
        Please upload a clear menu (with items and prices) and ensure the content is not a receipt,
        flyer, or unrelated image.",salesforce_acquisition/FP_PH_20260601T034031_PHL-zuwr.json,https://console.cloud.google.com/storage/browser/dh-menu-digitalised-images-prod/salesforce_acquisition/FP_PH_20260601T034031_PHL-zuwr,,,
FP_PH,500bO00000tWGraQAG,2026-06-01 03:39:20,Closed,HTTG3F,PHL-lvmi,Andok's - Talavera,Yes,FP_PH_20260601T033915_PHL-lvmi,salesforce_acquisition,2026-06-01 03:39:15,3015,File does not look like a restaurant menu,Not a Menu Document,"The file does not look like a restaurant menu.
        Please upload a clear menu (with items and prices) and ensure the content is not a receipt,
        flyer, or unrelated image.",salesforce_acquisition/FP_PH_20260601T033915_PHL-lvmi.json,https://console.cloud.google.com/storage/browser/dh-menu-digitalised-images-prod/salesforce_acquisition/FP_PH_20260601T033915_PHL-lvmi,,,
FP_PH,500bO00000tVvbzQAC,2026-06-01 03:38:56,Closed,HTTG36,PHL-zsdc,Andok's - Gapan,Yes,FP_PH_20260601T033851_PHL-zsdc,salesforce_acquisition,2026-06-01 03:38:51,3015,File does not look like a restaurant menu,Not a Menu Document,"The file does not look like a restaurant menu.
        Please upload a clear menu (with items and prices) and ensure the content is not a receipt,
        flyer, or unrelated image.",salesforce_acquisition/FP_PH_20260601T033851_PHL-zsdc.json,https://console.cloud.google.com/storage/browser/dh-menu-digitalised-images-prod/salesforce_acquisition/FP_PH_20260601T033851_PHL-zsdc,,,
FP_PH,500bO00000tWAuGQAW,2026-06-01 03:38:30,Closed,HTTG3Z,PHL-g9l0,Andok's - San Jose 1,Yes,FP_PH_20260601T033824_PHL-g9l0,salesforce_acquisition,2026-06-01 03:38:24,3015,File does not look like a restaurant menu,Not a Menu Document,"The file does not look like a restaurant menu.
        Please upload a clear menu (with items and prices) and ensure the content is not a receipt,
        flyer, or unrelated image.",salesforce_acquisition/FP_PH_20260601T033824_PHL-g9l0.json,https://console.cloud.google.com/storage/browser/dh-menu-digitalised-images-prod/salesforce_acquisition/FP_PH_20260601T033824_PHL-g9l0,,,
FP_PH,500bO00000tWIi6QAG,2026-06-01 03:37:03,Closed,HT0EKS,PHL-op7u,Andok's - Naga 3,Yes,FP_PH_20260601T033658_PHL-op7u,salesforce_acquisition,2026-06-01 03:36:58,3015,File does not look like a restaurant menu,Not a Menu Document,"The file does not look like a restaurant menu.
        Please upload a clear menu (with items and prices) and ensure the content is not a receipt,
        flyer, or unrelated image.",salesforce_acquisition/FP_PH_20260601T033658_PHL-op7u.json,https://console.cloud.google.com/storage/browser/dh-menu-digitalised-images-prod/salesforce_acquisition/FP_PH_20260601T033658_PHL-op7u,,,
FP_PH,500bO00000tWCKzQAO,2026-06-01 03:35:59,Closed,HTAW4J,PHL-pn72,Andok's - Naga 2,Yes,FP_PH_20260601T033554_PHL-pn72,salesforce_acquisition,2026-06-01 03:35:54,3015,File does not look like a restaurant menu,Not a Menu Document,"The file does not look like a restaurant menu.
        Please upload a clear menu (with items and prices) and ensure the content is not a receipt,
        flyer, or unrelated image.",salesforce_acquisition/FP_PH_20260601T033554_PHL-pn72.json,https://console.cloud.google.com/storage/browser/dh-menu-digitalised-images-prod/salesforce_acquisition/FP_PH_20260601T033554_PHL-pn72,,,
FP_PH,500bO00000tWI71QAG,2026-06-01 03:35:48,Closed,HT0EKT,PHL-p82s,Andok's - Nabua,Yes,FP_PH_20260601T033543_PHL-p82s,salesforce_acquisition,2026-06-01 03:35:43,3015,File does not look like a restaurant menu,Not a Menu Document,"The file does not look like a restaurant menu.
        Please upload a clear menu (with items and prices) and ensure the content is not a receipt,
        flyer, or unrelated image.",salesforce_acquisition/FP_PH_20260601T033543_PHL-p82s.json,https://console.cloud.google.com/storage/browser/dh-menu-digitalised-images-prod/salesforce_acquisition/FP_PH_20260601T033543_PHL-p82s,,,
FP_PH,500bO00000tW90dQAC,2026-06-01 03:34:55,Closed,HT0EKP,PHL-ifmr,Andok's - Iriga 2,Yes,FP_PH_20260601T033450_PHL-ifmr,salesforce_acquisition,2026-06-01 03:34:50,3015,File does not look like a restaurant menu,Not a Menu Document,"The file does not look like a restaurant menu.
        Please upload a clear menu (with items and prices) and ensure the content is not a receipt,
        flyer, or unrelated image.",salesforce_acquisition/FP_PH_20260601T033450_PHL-ifmr.json,https://console.cloud.google.com/storage/browser/dh-menu-digitalised-images-prod/salesforce_acquisition/FP_PH_20260601T033450_PHL-ifmr,,,
FP_PH,500bO00000tVv44QAC,2026-06-01 03:33:49,Closed,HT0EKN,PHL-f6y1,Andok's - Sorsogon Sorsogon,Yes,FP_PH_20260601T033345_PHL-f6y1,salesforce_acquisition,2026-06-01 03:33:45,3015,File does not look like a restaurant menu,Not a Menu Document,"The file does not look like a restaurant menu.
        Please upload a clear menu (with items and prices) and ensure the content is not a receipt,
        flyer, or unrelated image.",salesforce_acquisition/FP_PH_20260601T033345_PHL-f6y1.json,https://console.cloud.google.com/storage/browser/dh-menu-digitalised-images-prod/salesforce_acquisition/FP_PH_20260601T033345_PHL-f6y1,,,
FP_PH,500bO00000tWJCjQAO,2026-06-01 03:33:31,Closed,HT0EK6,PHL-j7if,Andok's - Legazpi City,Yes,FP_PH_20260601T033326_PHL-j7if,salesforce_acquisition,2026-06-01 03:33:26,3015,File does not look like a restaurant menu,Not a Menu Document,"The file does not look like a restaurant menu.
        Please upload a clear menu (with items and prices) and ensure the content is not a receipt,
        flyer, or unrelated image.",salesforce_acquisition/FP_PH_20260601T033326_PHL-j7if.json,https://console.cloud.google.com/storage/browser/dh-menu-digitalised-images-prod/salesforce_acquisition/FP_PH_20260601T033326_PHL-j7if,,,
FP_PH,500bO00000tWEzVQAW,2026-06-01 03:32:11,Closed,HT0EKA,PHL-z1le,Andok's - Daet 3,Yes,FP_PH_20260601T033206_PHL-z1le,salesforce_acquisition,2026-06-01 03:32:06,3015,File does not look like a restaurant menu,Not a Menu Document,"The file does not look like a restaurant menu.
        Please upload a clear menu (with items and prices) and ensure the content is not a receipt,
        flyer, or unrelated image.",salesforce_acquisition/FP_PH_20260601T033206_PHL-z1le.json,https://console.cloud.google.com/storage/browser/dh-menu-digitalised-images-prod/salesforce_acquisition/FP_PH_20260601T033206_PHL-z1le,,,
FP_PH,500bO00000tWD7NQAW,2026-06-01 03:31:30,Closed,HT0EKK,PHL-rfkb,Andok's - Polangui 2,Yes,FP_PH_20260601T033125_PHL-rfkb,salesforce_acquisition,2026-06-01 03:31:25,3015,File does not look like a restaurant menu,Not a Menu Document,"The file does not look like a restaurant menu.
        Please upload a clear menu (with items and prices) and ensure the content is not a receipt,
        flyer, or unrelated image.",salesforce_acquisition/FP_PH_20260601T033125_PHL-rfkb.json,https://console.cloud.google.com/storage/browser/dh-menu-digitalised-images-prod/salesforce_acquisition/FP_PH_20260601T033125_PHL-rfkb,,,
FP_PH,500bO00000tWDfJQAW,2026-06-01 03:31:18,Closed,HT0EKR,PHL-cl7n,Andok's - Iriga 1,Yes,FP_PH_20260601T033112_PHL-cl7n,salesforce_acquisition,2026-06-01 03:31:12,3015,File does not look like a restaurant menu,Not a Menu Document,"The file does not look like a restaurant menu.
        Please upload a clear menu (with items and prices) and ensure the content is not a receipt,
        flyer, or unrelated image.",salesforce_acquisition/FP_PH_20260601T033112_PHL-cl7n.json,https://console.cloud.google.com/storage/browser/dh-menu-digitalised-images-prod/salesforce_acquisition/FP_PH_20260601T033112_PHL-cl7n,,,
FP_PH,500bO00000tWIlJQAW,2026-06-01 03:29:06,Closed,HT0EKH,PHL-jtvl,Andok's - Ligao,Yes,FP_PH_20260601T032901_PHL-jtvl,salesforce_acquisition,2026-06-01 03:29:01,3015,File does not look like a restaurant menu,Not a Menu Document,"The file does not look like a restaurant menu.
        Please upload a clear menu (with items and prices) and ensure the content is not a receipt,
        flyer, or unrelated image.",salesforce_acquisition/FP_PH_20260601T032901_PHL-jtvl.json,https://console.cloud.google.com/storage/browser/dh-menu-digitalised-images-prod/salesforce_acquisition/FP_PH_20260601T032901_PHL-jtvl,,,
FP_PH,500bO00000tW9QIQA0,2026-06-01 03:28:45,Closed,HT0EKZ,PHL-w5ym,Andok's - Tabaco,Yes,FP_PH_20260601T032840_PHL-w5ym,salesforce_acquisition,2026-06-01 03:28:40,3015,File does not look like a restaurant menu,Not a Menu Document,"The file does not look like a restaurant menu.
        Please upload a clear menu (with items and prices) and ensure the content is not a receipt,
        flyer, or unrelated image.",salesforce_acquisition/FP_PH_20260601T032840_PHL-w5ym.json,https://console.cloud.google.com/storage/browser/dh-menu-digitalised-images-prod/salesforce_acquisition/FP_PH_20260601T032840_PHL-w5ym,,,
FP_PH,500bO00000tWEzTQAW,2026-06-01 03:27:13,Closed,HTTGAK,PHL-hyh4,Andok's - Solano,Yes,FP_PH_20260601T032709_PHL-hyh4,salesforce_acquisition,2026-06-01 03:27:09,3015,File does not look like a restaurant menu,Not a Menu Document,"The file does not look like a restaurant menu.
        Please upload a clear menu (with items and prices) and ensure the content is not a receipt,
        flyer, or unrelated image.",salesforce_acquisition/FP_PH_20260601T032709_PHL-hyh4.json,https://console.cloud.google.com/storage/browser/dh-menu-digitalised-images-prod/salesforce_acquisition/FP_PH_20260601T032709_PHL-hyh4,,,
FP_PH,500bO00000tWIerQAG,2026-06-01 03:27:02,Closed,HT0EKL,PHL-htue,Andok's - Polangui 1,Yes,FP_PH_20260601T032657_PHL-htue,salesforce_acquisition,2026-06-01 03:26:57,3015,File does not look like a restaurant menu,Not a Menu Document,"The file does not look like a restaurant menu.
        Please upload a clear menu (with items and prices) and ensure the content is not a receipt,
        flyer, or unrelated image.",salesforce_acquisition/FP_PH_20260601T032657_PHL-htue.json,https://console.cloud.google.com/storage/browser/dh-menu-digitalised-images-prod/salesforce_acquisition/FP_PH_20260601T032657_PHL-htue,,,
FP_PH,500bO00000tWF7aQAG,2026-06-01 03:24:49,Closed,HTAW4P,PHL-fkb9,Andok's - Daraga,Yes,FP_PH_20260601T032443_PHL-fkb9,salesforce_acquisition,2026-06-01 03:24:44,3015,File does not look like a restaurant menu,Not a Menu Document,"The file does not look like a restaurant menu.
        Please upload a clear menu (with items and prices) and ensure the content is not a receipt,
        flyer, or unrelated image.",salesforce_acquisition/FP_PH_20260601T032443_PHL-fkb9.json,https://console.cloud.google.com/storage/browser/dh-menu-digitalised-images-prod/salesforce_acquisition/FP_PH_20260601T032443_PHL-fkb9,,,
FP_PH,500bO00000tW8R1QAK,2026-06-01 03:24:28,Closed,HT0EKW,PHL-xnvk,Andok's - Daet 2,Yes,FP_PH_20260601T032423_PHL-xnvk,salesforce_acquisition,2026-06-01 03:24:23,3015,File does not look like a restaurant menu,Not a Menu Document,"The file does not look like a restaurant menu.
        Please upload a clear menu (with items and prices) and ensure the content is not a receipt,
        flyer, or unrelated image.",salesforce_acquisition/FP_PH_20260601T032423_PHL-xnvk.json,https://console.cloud.google.com/storage/browser/dh-menu-digitalised-images-prod/salesforce_acquisition/FP_PH_20260601T032423_PHL-xnvk,,,
FP_PH,500bO00000tVuPfQAK,2026-06-01 03:23:49,Closed,HRP618,PHL-so1r,Andok's - Santiago 2,Yes,FP_PH_20260601T032343_PHL-so1r,salesforce_acquisition,2026-06-01 03:23:43,3015,File does not look like a restaurant menu,Not a Menu Document,"The file does not look like a restaurant menu.
        Please upload a clear menu (with items and prices) and ensure the content is not a receipt,
        flyer, or unrelated image.",salesforce_acquisition/FP_PH_20260601T032343_PHL-so1r.json,https://console.cloud.google.com/storage/browser/dh-menu-digitalised-images-prod/salesforce_acquisition/FP_PH_20260601T032343_PHL-so1r,,,
FP_PH,500bO00000tWDydQAG,2026-06-01 03:20:52,Closed,HT0EK8,PHL-d3h2,Andok's - Camalig,Yes,FP_PH_20260601T032048_PHL-d3h2,salesforce_acquisition,2026-06-01 03:20:48,3015,File does not look like a restaurant menu,Not a Menu Document,"The file does not look like a restaurant menu.
        Please upload a clear menu (with items and prices) and ensure the content is not a receipt,
        flyer, or unrelated image.",salesforce_acquisition/FP_PH_20260601T032048_PHL-d3h2.json,https://console.cloud.google.com/storage/browser/dh-menu-digitalised-images-prod/salesforce_acquisition/FP_PH_20260601T032048_PHL-d3h2,,,
FP_PH,500bO00000tWCXtQAO,2026-06-01 03:20:38,Closed,HTPFFI,PHL-zw58,Andok's - Cauayan 2,Yes,FP_PH_20260601T032032_PHL-zw58,salesforce_acquisition,2026-06-01 03:20:32,3015,File does not look like a restaurant menu,Not a Menu Document,"The file does not look like a restaurant menu.
        Please upload a clear menu (with items and prices) and ensure the content is not a receipt,
        flyer, or unrelated image.",salesforce_acquisition/FP_PH_20260601T032032_PHL-zw58.json,https://console.cloud.google.com/storage/browser/dh-menu-digitalised-images-prod/salesforce_acquisition/FP_PH_20260601T032032_PHL-zw58,,,
FP_PH,500bO00000tWBWxQAO,2026-06-01 03:18:20,Closed,HT0EKG,PHL-pzm4,Andok's - Albay,Yes,FP_PH_20260601T031813_PHL-pzm4,salesforce_acquisition,2026-06-01 03:18:13,3015,File does not look like a restaurant menu,Not a Menu Document,"The file does not look like a restaurant menu.
        Please upload a clear menu (with items and prices) and ensure the content is not a receipt,
        flyer, or unrelated image.",salesforce_acquisition/FP_PH_20260601T031813_PHL-pzm4.json,https://console.cloud.google.com/storage/browser/dh-menu-digitalised-images-prod/salesforce_acquisition/FP_PH_20260601T031813_PHL-pzm4,,,
FP_PH,500bO00000tWIBpQAO,2026-06-01 03:16:04,Closed,HTTGZV,PHL-jbjm,Andok's - Bayombong,Yes,FP_PH_20260601T031556_PHL-jbjm,salesforce_acquisition,2026-06-01 03:15:57,3015,File does not look like a restaurant menu,Not a Menu Document,"The file does not look like a restaurant menu.
        Please upload a clear menu (with items and prices) and ensure the content is not a receipt,
        flyer, or unrelated image.",salesforce_acquisition/FP_PH_20260601T031556_PHL-jbjm.json,https://console.cloud.google.com/storage/browser/dh-menu-digitalised-images-prod/salesforce_acquisition/FP_PH_20260601T031556_PHL-jbjm,,,
FP_PH,500bO00000tVSuxQAG,2026-06-01 02:04:44,Closed,HTPFFQ,PHL-utfr,Andok's - Cauayan,Yes,FP_PH_20260601T020439_PHL-utfr,salesforce_acquisition,2026-06-01 02:04:39,3015,File does not look like a restaurant menu,Not a Menu Document,"The file does not look like a restaurant menu.
        Please upload a clear menu (with items and prices) and ensure the content is not a receipt,
        flyer, or unrelated image.",salesforce_acquisition/FP_PH_20260601T020439_PHL-utfr.json,https://console.cloud.google.com/storage/browser/dh-menu-digitalised-images-prod/salesforce_acquisition/FP_PH_20260601T020439_PHL-utfr,,,
FP_PH,500bO00000tVQjYQAW,2026-06-01 01:31:19,Closed,HTA24L,PHL-vrhy,Andok's - Tuguegarao 3,Yes,FP_PH_20260601T013112_PHL-vrhy,salesforce_acquisition,2026-06-01 01:31:12,3015,File does not look like a restaurant menu,Not a Menu Document,"The file does not look like a restaurant menu.
        Please upload a clear menu (with items and prices) and ensure the content is not a receipt,
        flyer, or unrelated image.",salesforce_acquisition/FP_PH_20260601T013112_PHL-vrhy.json,https://console.cloud.google.com/storage/browser/dh-menu-digitalised-images-prod/salesforce_acquisition/FP_PH_20260601T013112_PHL-vrhy,,,
FP_PH,500bO00000tSi3bQAC,2026-05-30 02:13:43,Closed,HTWWNI,PHL-n2f6,Chowking - Minglanilla DT,Yes,FP_PH_20260530T021338_PHL-n2f6,sf_menu_onboarding,2026-05-30 02:13:38,3017,File not recognised as a menu by the language model,Not a Menu Document,"The file was not recognized as a menu by the language model.
        Please upload a genuine menu image/PDF (not a storefront photo, logo, or non-menu content)
        and try again.",sf_menu_onboarding/FP_PH_20260530T021338_PHL-n2f6.json,https://console.cloud.google.com/storage/browser/dh-menu-digitalised-images-prod/sf_menu_onboarding/FP_PH_20260530T021338_PHL-n2f6,,,
FP_PH,500bO00000tSTMKQA4,2026-05-30 01:19:03,Closed,HT0C1H,PHL-sxor,Zark's Burgers - Chino Roces Avenue,Yes,FP_PH_20260530T011855_PHL-sxor,salesforce_acquisition,2026-05-30 01:18:57,3014,Image resolution too large (pixel count exceeds limit),MDS Technical Failure,"Image resolution is too large to process.
        Please resize the image to a smaller resolution and try again.
         tot 95793064 max 30000000",salesforce_acquisition/FP_PH_20260530T011855_PHL-sxor.json,https://console.cloud.google.com/storage/browser/dh-menu-digitalised-images-prod/salesforce_acquisition/FP_PH_20260530T011855_PHL-sxor,image_1.pdf,2.27,"File: 2.27 MB on disk. Pixel count: 95,793,064 px (+219.3% over 30M limit). High-DPI scan; minor compression would fix."
FP_PH,500bO00000tOdYVQA0,2026-05-29 09:40:09,Closed,HT0AJN,PHL-y6dl,Golden Noodle House - Shore 3 Pasay,Yes,FP_PH_20260529T093945_PHL-y6dl,salesforce_acquisition,2026-05-29 09:39:45,3017,File not recognised as a menu by the language model,Not a Menu Document,"The file was not recognized as a menu by the language model.
        Please upload a genuine menu image/PDF (not a storefront photo, logo, or non-menu content)
        and try again.",salesforce_acquisition/FP_PH_20260529T093945_PHL-y6dl.json,https://console.cloud.google.com/storage/browser/dh-menu-digitalised-images-prod/salesforce_acquisition/FP_PH_20260529T093945_PHL-y6dl,,,
FP_PH,500bO00000tO4XRQA0,2026-05-29 07:13:57,Closed,HTN9IP,PHL-ugwk,The Crunch Boneless Fried Chicken - Anonas Cubao,Yes,FP_PH_20260529T071349_PHL-ugwk,salesforce_acquisition,2026-05-29 07:13:51,3014,Image resolution too large (pixel count exceeds limit),MDS Technical Failure,"Image resolution is too large to process.
        Please resize the image to a smaller resolution and try again.
         tot 36000000 max 30000000",salesforce_acquisition/FP_PH_20260529T071349_PHL-ugwk.json,https://console.cloud.google.com/storage/browser/dh-menu-digitalised-images-prod/salesforce_acquisition/FP_PH_20260529T071349_PHL-ugwk,image_1.pdf,5.77,"File: 5.77 MB on disk. Pixel count: 36,000,000 px (+20.0% over 30M limit). High-DPI scan; minor compression would fix."
FP_PH,500bO00000tNoPZQA0,2026-05-29 07:04:57,Closed,HT0J19,PHL-cgfx,Kaiseki Corner ( Chow ) - Batangas City,Yes,FP_PH_20260529T070452_PHL-cgfx,salesforce_acquisition,2026-05-29 07:04:52,3015,File does not look like a restaurant menu,Not a Menu Document,"The file does not look like a restaurant menu.
        Please upload a clear menu (with items and prices) and ensure the content is not a receipt,
        flyer, or unrelated image.",salesforce_acquisition/FP_PH_20260529T070452_PHL-cgfx.json,https://console.cloud.google.com/storage/browser/dh-menu-digitalised-images-prod/salesforce_acquisition/FP_PH_20260529T070452_PHL-cgfx,,,
FP_PH,500bO00000tNDL4QAO,2026-05-29 01:43:34,Closed,HT0AVK,PHL-dlve,BigBrew - P Santos Malibay,Yes,FP_PH_20260529T014326_PHL-dlve,salesforce_acquisition,2026-05-29 01:43:26,3017,File not recognised as a menu by the language model,Not a Menu Document,"The file was not recognized as a menu by the language model.
        Please upload a genuine menu image/PDF (not a storefront photo, logo, or non-menu content)
        and try again.",salesforce_acquisition/FP_PH_20260529T014326_PHL-dlve.json,https://console.cloud.google.com/storage/browser/dh-menu-digitalised-images-prod/salesforce_acquisition/FP_PH_20260529T014326_PHL-dlve,,,
FP_PH,500bO00000tN4eUQAS,2026-05-29 01:37:21,Closed,HT0AST,PHL-nrjv,BigBrew -  M Dela Cruz Street,Yes,FP_PH_20260529T013713_PHL-nrjv,salesforce_acquisition,2026-05-29 01:37:13,3017,File not recognised as a menu by the language model,Not a Menu Document,"The file was not recognized as a menu by the language model.
        Please upload a genuine menu image/PDF (not a storefront photo, logo, or non-menu content)
        and try again.",salesforce_acquisition/FP_PH_20260529T013713_PHL-nrjv.json,https://console.cloud.google.com/storage/browser/dh-menu-digitalised-images-prod/salesforce_acquisition/FP_PH_20260529T013713_PHL-nrjv,,,
FP_PH,500bO00000tNCdVQAW,2026-05-29 01:30:07,Closed,HT0AXJ,PHL-yo1s,BigBrew - St. Augustine Maricaban Extension,Yes,FP_PH_20260529T012957_PHL-yo1s,salesforce_acquisition,2026-05-29 01:29:57,3017,File not recognised as a menu by the language model,Not a Menu Document,"The file was not recognized as a menu by the language model.
        Please upload a genuine menu image/PDF (not a storefront photo, logo, or non-menu content)
        and try again.",salesforce_acquisition/FP_PH_20260529T012957_PHL-yo1s.json,https://console.cloud.google.com/storage/browser/dh-menu-digitalised-images-prod/salesforce_acquisition/FP_PH_20260529T012957_PHL-yo1s,,,
FP_PH,500bO00000tMvkpQAC,2026-05-29 01:24:41,Closed,HT0J9D,PHL-uk4t,Lutong Bahay Express ( Chow ) - Batangas City,Yes,FP_PH_20260529T012434_PHL-uk4t,salesforce_acquisition,2026-05-29 01:24:34,3015,File does not look like a restaurant menu,Not a Menu Document,"The file does not look like a restaurant menu.
        Please upload a clear menu (with items and prices) and ensure the content is not a receipt,
        flyer, or unrelated image.",salesforce_acquisition/FP_PH_20260529T012434_PHL-uk4t.json,https://console.cloud.google.com/storage/browser/dh-menu-digitalised-images-prod/salesforce_acquisition/FP_PH_20260529T012434_PHL-uk4t,,,
FP_PH,500bO00000tNB9ZQAW,2026-05-29 01:16:37,Closed,HT0AQ0,PHL-vved,BigBrew - 8th St Villamor Pasay,Yes,FP_PH_20260529T011628_PHL-vved,salesforce_acquisition,2026-05-29 01:16:28,3017,File not recognised as a menu by the language model,Not a Menu Document,"The file was not recognized as a menu by the language model.
        Please upload a genuine menu image/PDF (not a storefront photo, logo, or non-menu content)
        and try again.",salesforce_acquisition/FP_PH_20260529T011628_PHL-vved.json,https://console.cloud.google.com/storage/browser/dh-menu-digitalised-images-prod/salesforce_acquisition/FP_PH_20260529T011628_PHL-vved,,,
FP_PH,500bO00000tN9kTQAS,2026-05-29 01:11:57,Closed,HTZRIZ,PHL-vaq6,Jollibee- Hugo perez,Yes,FP_PH_20260529T011150_PHL-vaq6,salesforce_acquisition,2026-05-29 01:11:51,3014,Image resolution too large (pixel count exceeds limit),MDS Technical Failure,"Image resolution is too large to process.
        Please resize the image to a smaller resolution and try again.
         tot 159776400 max 30000000",salesforce_acquisition/FP_PH_20260529T011150_PHL-vaq6.json,https://console.cloud.google.com/storage/browser/dh-menu-digitalised-images-prod/salesforce_acquisition/FP_PH_20260529T011150_PHL-vaq6,image_1.pdf,3.5,"File: 3.5 MB on disk. Pixel count: 159,776,400 px (+432.6% over 30M limit). Extremely high-DPI scan."
FP_PH,500bO00000tN8tGQAS,2026-05-29 01:07:01,Closed,HTSR3S,PHL-vjdo,Veronica Foods - Famy,Yes,FP_PH_20260529T010654_PHL-vjdo,salesforce_acquisition,2026-05-29 01:06:55,3015,File does not look like a restaurant menu,Not a Menu Document,"The file does not look like a restaurant menu.
        Please upload a clear menu (with items and prices) and ensure the content is not a receipt,
        flyer, or unrelated image.",salesforce_acquisition/FP_PH_20260529T010654_PHL-vjdo.json,https://console.cloud.google.com/storage/browser/dh-menu-digitalised-images-prod/salesforce_acquisition/FP_PH_20260529T010654_PHL-vjdo,,,
FP_PH,500bO00000tMtcXQAS,2026-05-29 01:02:45,Closed,HTSYOZ,PHL-wd8q,Mang Inasal - Abad Santos Hermosa,Yes,FP_PH_20260529T010230_PHL-wd8q,salesforce_acquisition,2026-05-29 01:02:31,3014,Image resolution too large (pixel count exceeds limit),MDS Technical Failure,"Image resolution is too large to process.
        Please resize the image to a smaller resolution and try again.
         tot 140897644 max 30000000",salesforce_acquisition/FP_PH_20260529T010230_PHL-wd8q.json,https://console.cloud.google.com/storage/browser/dh-menu-digitalised-images-prod/salesforce_acquisition/FP_PH_20260529T010230_PHL-wd8q,image_1.pdf,3.32,"File: 3.32 MB on disk. Pixel count: 140,897,644 px (+369.7% over 30M limit). Extremely high-DPI scan."
FP_PH,500bO00000tJfkiQAC,2026-05-28 10:08:10,Closed,HT0Z19,PHL-yx92,BigBrew - C Jose Malibay,Yes,FP_PH_20260528T100758_PHL-yx92,salesforce_acquisition,2026-05-28 10:07:59,3017,File not recognised as a menu by the language model,Not a Menu Document,"The file was not recognized as a menu by the language model.
        Please upload a genuine menu image/PDF (not a storefront photo, logo, or non-menu content)
        and try again.",salesforce_acquisition/FP_PH_20260528T100758_PHL-yx92.json,https://console.cloud.google.com/storage/browser/dh-menu-digitalised-images-prod/salesforce_acquisition/FP_PH_20260528T100758_PHL-yx92,,,
FP_PH,500bO00000tJdniQAC,2026-05-28 09:41:25,Closed,HTSR37,PHL-newh,Milagrosa's Eatery - Famy,Yes,FP_PH_20260528T094117_PHL-newh,salesforce_acquisition,2026-05-28 09:41:17,3015,File does not look like a restaurant menu,Not a Menu Document,"The file does not look like a restaurant menu.
        Please upload a clear menu (with items and prices) and ensure the content is not a receipt,
        flyer, or unrelated image.",salesforce_acquisition/FP_PH_20260528T094117_PHL-newh.json,https://console.cloud.google.com/storage/browser/dh-menu-digitalised-images-prod/salesforce_acquisition/FP_PH_20260528T094117_PHL-newh,,,
FP_PH,500bO00000tJbE1QAK,2026-05-28 09:37:24,Closed,HTT4YJ,PHL-v51s,Potato Corner - Plaza Cecilia,Yes,FP_PH_20260528T093715_PHL-v51s,salesforce_acquisition,2026-05-28 09:37:15,3017,File not recognised as a menu by the language model,Not a Menu Document,"The file was not recognized as a menu by the language model.
        Please upload a genuine menu image/PDF (not a storefront photo, logo, or non-menu content)
        and try again.",salesforce_acquisition/FP_PH_20260528T093715_PHL-v51s.json,https://console.cloud.google.com/storage/browser/dh-menu-digitalised-images-prod/salesforce_acquisition/FP_PH_20260528T093715_PHL-v51s,,,
FP_PH,500bO00000tJzOHQA0,2026-05-28 09:33:20,Closed,HT0JC2,PHL-n1r6,39ers - Siniloan,Yes,FP_PH_20260528T093311_PHL-n1r6,salesforce_acquisition,2026-05-28 09:33:11,3017,File not recognised as a menu by the language model,Not a Menu Document,"The file was not recognized as a menu by the language model.
        Please upload a genuine menu image/PDF (not a storefront photo, logo, or non-menu content)
        and try again.",salesforce_acquisition/FP_PH_20260528T093311_PHL-n1r6.json,https://console.cloud.google.com/storage/browser/dh-menu-digitalised-images-prod/salesforce_acquisition/FP_PH_20260528T093311_PHL-n1r6,,,
FP_PH,500bO00000tI6z1QAC,2026-05-28 01:41:23,Closed,HTS6CR,PHL-jh4n,Babsi Original Cebu Lechon - San Pablo Laguna,Yes,FP_PH_20260528T014118_PHL-jh4n,salesforce_acquisition,2026-05-28 01:41:18,3015,File does not look like a restaurant menu,Not a Menu Document,"The file does not look like a restaurant menu.
        Please upload a clear menu (with items and prices) and ensure the content is not a receipt,
        flyer, or unrelated image.",salesforce_acquisition/FP_PH_20260528T014118_PHL-jh4n.json,https://console.cloud.google.com/storage/browser/dh-menu-digitalised-images-prod/salesforce_acquisition/FP_PH_20260528T014118_PHL-jh4n,,,
FP_PH,500bO00000tIBBxQAO,2026-05-28 01:06:09,Closed,HPKVUE,PHL-j04p,Shabuko - Rizal Boulevard,Yes,FP_PH_20260528T010556_PHL-j04p,sf_menu_onboarding,2026-05-28 01:05:57,3015,File does not look like a restaurant menu,Not a Menu Document,"The file does not look like a restaurant menu.
        Please upload a clear menu (with items and prices) and ensure the content is not a receipt,
        flyer, or unrelated image.",sf_menu_onboarding/FP_PH_20260528T010556_PHL-j04p.json,https://console.cloud.google.com/storage/browser/dh-menu-digitalised-images-prod/sf_menu_onboarding/FP_PH_20260528T010556_PHL-j04p,,,
FP_PH,500bO00000tDlCuQAK,2026-05-27 09:20:35,Closed,HT046Y,PHL-gc2w,Fika Cafe - R Castillo,Yes,FP_PH_20260527T092029_PHL-gc2w,salesforce_acquisition,2026-05-27 09:20:30,3015,File does not look like a restaurant menu,Not a Menu Document,"The file does not look like a restaurant menu.
        Please upload a clear menu (with items and prices) and ensure the content is not a receipt,
        flyer, or unrelated image.",salesforce_acquisition/FP_PH_20260527T092029_PHL-gc2w.json,https://console.cloud.google.com/storage/browser/dh-menu-digitalised-images-prod/salesforce_acquisition/FP_PH_20260527T092029_PHL-gc2w,,,
FP_PH,500bO00000tCPEOQA4,2026-05-27 04:31:19,Closed,HTSXSC,PHL-tae7,AJC2000 Catering & Services - Plaza Agapita,Yes,FP_PH_20260527T043101_PHL-tae7,salesforce_acquisition,2026-05-27 04:31:02,3014,Image resolution too large (pixel count exceeds limit),MDS Technical Failure,"Image resolution is too large to process.
        Please resize the image to a smaller resolution and try again.
         tot 53186189 max 30000000",salesforce_acquisition/FP_PH_20260527T043101_PHL-tae7.json,https://console.cloud.google.com/storage/browser/dh-menu-digitalised-images-prod/salesforce_acquisition/FP_PH_20260527T043101_PHL-tae7,image_1.pdf,1.05,"File: 1.05 MB on disk. Pixel count: 53,186,189 px (+77.3% over 30M limit). High-DPI scan; minor compression would fix."
FP_PH,500bO00000tCsEiQAK,2026-05-27 04:04:30,Closed,HTWBAW,PHL-xn1j,Woozy Cafe - Visayas Ave,Yes,FP_PH_20260603T020116_PHL-xn1j,salesforce_acquisition,2026-06-03 02:01:16,3017,File not recognised as a menu by the language model,Not a Menu Document,"The file was not recognized as a menu by the language model.
        Please upload a genuine menu image/PDF (not a storefront photo, logo, or non-menu content)
        and try again.",salesforce_acquisition/FP_PH_20260603T020116_PHL-xn1j.json,https://console.cloud.google.com/storage/browser/dh-menu-digitalised-images-prod/salesforce_acquisition/FP_PH_20260603T020116_PHL-xn1j,,,
FP_PH,500bO00000tCmXVQA0,2026-05-27 03:40:34,Closed,HT0Y1E,PHL-rzdg,Toytoy's Inasal Atbp - Isla Talipapa,Yes,FP_PH_20260527T034027_PHL-rzdg,salesforce_acquisition,2026-05-27 03:40:27,3015,File does not look like a restaurant menu,Not a Menu Document,"The file does not look like a restaurant menu.
        Please upload a clear menu (with items and prices) and ensure the content is not a receipt,
        flyer, or unrelated image.",salesforce_acquisition/FP_PH_20260527T034027_PHL-rzdg.json,https://console.cloud.google.com/storage/browser/dh-menu-digitalised-images-prod/salesforce_acquisition/FP_PH_20260527T034027_PHL-rzdg,,,
FP_PH,500bO00000tCUlrQAG,2026-05-27 03:17:35,Closed,HT0YQI,PHL-pfhn,Toytoy's Inasal Atbp - Gaya-gaya,Yes,FP_PH_20260527T031730_PHL-pfhn,salesforce_acquisition,2026-05-27 03:17:30,3015,File does not look like a restaurant menu,Not a Menu Document,"The file does not look like a restaurant menu.
        Please upload a clear menu (with items and prices) and ensure the content is not a receipt,
        flyer, or unrelated image.",salesforce_acquisition/FP_PH_20260527T031730_PHL-pfhn.json,https://console.cloud.google.com/storage/browser/dh-menu-digitalised-images-prod/salesforce_acquisition/FP_PH_20260527T031730_PHL-pfhn,,,
FP_PH,500bO00000tCIMcQAO,2026-05-27 03:12:19,Closed,HTNRGR,PHL-l5o8,Mister Donut - Gensan,Yes,FP_PH_20260527T031148_PHL-l5o8,salesforce_acquisition,2026-05-27 03:11:48,3017,File not recognised as a menu by the language model,Not a Menu Document,"The file was not recognized as a menu by the language model.
        Please upload a genuine menu image/PDF (not a storefront photo, logo, or non-menu content)
        and try again.",salesforce_acquisition/FP_PH_20260527T031148_PHL-l5o8.json,https://console.cloud.google.com/storage/browser/dh-menu-digitalised-images-prod/salesforce_acquisition/FP_PH_20260527T031148_PHL-l5o8,,,
FP_PH,500bO00000tCocbQAC,2026-05-27 02:51:39,Closed,HTNXY4,PHL-bdhh,OJ'S TORTA BAKERY - ARGAO,Yes,FP_PH_20260527T025130_PHL-bdhh,salesforce_acquisition,2026-05-27 02:51:30,3015,File does not look like a restaurant menu,Not a Menu Document,"The file does not look like a restaurant menu.
        Please upload a clear menu (with items and prices) and ensure the content is not a receipt,
        flyer, or unrelated image.",salesforce_acquisition/FP_PH_20260527T025130_PHL-bdhh.json,https://console.cloud.google.com/storage/browser/dh-menu-digitalised-images-prod/salesforce_acquisition/FP_PH_20260527T025130_PHL-bdhh,,,
FP_PH,500bO00000tChUfQAK,2026-05-27 02:37:04,Closed,HT08KL,PHL-ho16,Donut Park - Urdaneta Pangasinan,Yes,FP_PH_20260527T023656_PHL-ho16,salesforce_acquisition,2026-05-27 02:36:57,3017,File not recognised as a menu by the language model,Not a Menu Document,"The file was not recognized as a menu by the language model.
        Please upload a genuine menu image/PDF (not a storefront photo, logo, or non-menu content)
        and try again.",salesforce_acquisition/FP_PH_20260527T023656_PHL-ho16.json,https://console.cloud.google.com/storage/browser/dh-menu-digitalised-images-prod/salesforce_acquisition/FP_PH_20260527T023656_PHL-ho16,,,
FP_PH,500bO00000tCP02QAG,2026-05-27 02:12:34,Closed,HTDL8O,PHL-fn4a,Mister Donut - SM City CDO Uptown,Yes,FP_PH_20260527T021222_PHL-fn4a,salesforce_acquisition,2026-05-27 02:12:22,3017,File not recognised as a menu by the language model,Not a Menu Document,"The file was not recognized as a menu by the language model.
        Please upload a genuine menu image/PDF (not a storefront photo, logo, or non-menu content)
        and try again.",salesforce_acquisition/FP_PH_20260527T021222_PHL-fn4a.json,https://console.cloud.google.com/storage/browser/dh-menu-digitalised-images-prod/salesforce_acquisition/FP_PH_20260527T021222_PHL-fn4a,,,
FP_PH,500bO00000tClLFQA0,2026-05-27 01:49:15,Closed,HTKU1Q,PHL-aavu,Shin Mikana Cafe and Restaurant - Tirona Highway,Yes,FP_PH_20260527T014910_PHL-aavu,salesforce_acquisition,2026-05-27 01:49:10,3015,File does not look like a restaurant menu,Not a Menu Document,"The file does not look like a restaurant menu.
        Please upload a clear menu (with items and prices) and ensure the content is not a receipt,
        flyer, or unrelated image.",salesforce_acquisition/FP_PH_20260527T014910_PHL-aavu.json,https://console.cloud.google.com/storage/browser/dh-menu-digitalised-images-prod/salesforce_acquisition/FP_PH_20260527T014910_PHL-aavu,,,
FP_PH,500bO00000tCkiXQAS,2026-05-27 01:38:04,Closed,HT0AY1,PHL-t261,Jollibee - Pioneer Center,Yes,FP_PH_20260527T013759_PHL-t261,salesforce_acquisition,2026-05-27 01:38:00,3014,Image resolution too large (pixel count exceeds limit),MDS Technical Failure,"Image resolution is too large to process.
        Please resize the image to a smaller resolution and try again.
         tot 159776400 max 30000000",salesforce_acquisition/FP_PH_20260527T013759_PHL-t261.json,https://console.cloud.google.com/storage/browser/dh-menu-digitalised-images-prod/salesforce_acquisition/FP_PH_20260527T013759_PHL-t261,image_1.pdf,3.5,"File: 3.5 MB on disk. Pixel count: 159,776,400 px (+432.6% over 30M limit). Extremely high-DPI scan."
FP_PH,500bO00000tCUJGQA4,2026-05-27 01:14:52,Closed,HT0JMW,PHL-m9ny,Halopan - Darasa Tanauan,Yes,FP_PH_20260527T011442_PHL-m9ny,salesforce_acquisition,2026-05-27 01:14:42,3017,File not recognised as a menu by the language model,Not a Menu Document,"The file was not recognized as a menu by the language model.
        Please upload a genuine menu image/PDF (not a storefront photo, logo, or non-menu content)
        and try again.",salesforce_acquisition/FP_PH_20260527T011442_PHL-m9ny.json,https://console.cloud.google.com/storage/browser/dh-menu-digitalised-images-prod/salesforce_acquisition/FP_PH_20260527T011442_PHL-m9ny,,,
FP_PH,500bO00000tBNBMQA4,2026-05-26 15:20:34,Closed,HTNEM1,PHL-wz4y,Resonate Coffee - Macamot,Yes,FP_PH_20260526T152026_PHL-wz4y,salesforce_acquisition,2026-05-26 15:20:26,3017,File not recognised as a menu by the language model,Not a Menu Document,"The file was not recognized as a menu by the language model.
        Please upload a genuine menu image/PDF (not a storefront photo, logo, or non-menu content)
        and try again.",salesforce_acquisition/FP_PH_20260526T152026_PHL-wz4y.json,https://console.cloud.google.com/storage/browser/dh-menu-digitalised-images-prod/salesforce_acquisition/FP_PH_20260526T152026_PHL-wz4y,,,
FP_PH,500bO00000tBHU5QAO,2026-05-26 14:24:09,Closed,HT04Z0,PHL-fjhg,BRWD. - La Loma,Yes,FP_PH_20260526T142404_PHL-fjhg,salesforce_acquisition,2026-05-26 14:24:04,3015,File does not look like a restaurant menu,Not a Menu Document,"The file does not look like a restaurant menu.
        Please upload a clear menu (with items and prices) and ensure the content is not a receipt,
        flyer, or unrelated image.",salesforce_acquisition/FP_PH_20260526T142404_PHL-fjhg.json,https://console.cloud.google.com/storage/browser/dh-menu-digitalised-images-prod/salesforce_acquisition/FP_PH_20260526T142404_PHL-fjhg,,,
FP_PH,500bO00000tAc1AQAS,2026-05-26 13:24:45,Closed,HT0GSI,PHL-nbnh,Pepper Tree Foods  - McKinley Parkway,Yes,FP_PH_20260526T132427_PHL-nbnh,salesforce_acquisition,2026-05-26 13:24:27,3017,File not recognised as a menu by the language model,Not a Menu Document,"The file was not recognized as a menu by the language model.
        Please upload a genuine menu image/PDF (not a storefront photo, logo, or non-menu content)
        and try again.",salesforce_acquisition/FP_PH_20260526T132427_PHL-nbnh.json,https://console.cloud.google.com/storage/browser/dh-menu-digitalised-images-prod/salesforce_acquisition/FP_PH_20260526T132427_PHL-nbnh,,,
FP_PH,500bO00000tA7ruQAC,2026-05-26 12:10:32,Closed,HT084B,PHL-zwvk,Sox Manok - Lagao,Yes,FP_PH_20260526T121005_PHL-zwvk,salesforce_acquisition,2026-05-26 12:10:06,3015,File does not look like a restaurant menu,Not a Menu Document,"The file does not look like a restaurant menu.
        Please upload a clear menu (with items and prices) and ensure the content is not a receipt,
        flyer, or unrelated image.",salesforce_acquisition/FP_PH_20260526T121005_PHL-zwvk.json,https://console.cloud.google.com/storage/browser/dh-menu-digitalised-images-prod/salesforce_acquisition/FP_PH_20260526T121005_PHL-zwvk,,,
FP_PH,500bO00000tAOO1QAO,2026-05-26 11:51:29,Closed,45TNFN,PHL-qug8,Andok's - Enchanted,Yes,FP_PH_20260526T115124_PHL-qug8,salesforce_acquisition,2026-05-26 11:51:24,3015,File does not look like a restaurant menu,Not a Menu Document,"The file does not look like a restaurant menu.
        Please upload a clear menu (with items and prices) and ensure the content is not a receipt,
        flyer, or unrelated image.",salesforce_acquisition/FP_PH_20260526T115124_PHL-qug8.json,https://console.cloud.google.com/storage/browser/dh-menu-digitalised-images-prod/salesforce_acquisition/FP_PH_20260526T115124_PHL-qug8,,,
FP_PH,500bO00000tALd1QAG,2026-05-26 11:26:17,Closed,HTA2RA,PHL-v5yx,Andok's - Pagbilao,Yes,FP_PH_20260526T112612_PHL-v5yx,salesforce_acquisition,2026-05-26 11:26:12,3015,File does not look like a restaurant menu,Not a Menu Document,"The file does not look like a restaurant menu.
        Please upload a clear menu (with items and prices) and ensure the content is not a receipt,
        flyer, or unrelated image.",salesforce_acquisition/FP_PH_20260526T112612_PHL-v5yx.json,https://console.cloud.google.com/storage/browser/dh-menu-digitalised-images-prod/salesforce_acquisition/FP_PH_20260526T112612_PHL-v5yx,,,
FP_PH,500bO00000tANdCQAW,2026-05-26 11:25:37,Closed,HTHMFG,PHL-zgc6,Papa Burger - Lagro Fatima,Yes,FP_PH_20260526T112526_PHL-zgc6,salesforce_acquisition,2026-05-26 11:25:27,3017,File not recognised as a menu by the language model,Not a Menu Document,"The file was not recognized as a menu by the language model.
        Please upload a genuine menu image/PDF (not a storefront photo, logo, or non-menu content)
        and try again.",salesforce_acquisition/FP_PH_20260526T112526_PHL-zgc6.json,https://console.cloud.google.com/storage/browser/dh-menu-digitalised-images-prod/salesforce_acquisition/FP_PH_20260526T112526_PHL-zgc6,,,
FP_PH,500bO00000tANLRQA4,2026-05-26 11:21:13,Closed,HWNNMI,PHL-fmcw,Andok's - Calamba 4,Yes,FP_PH_20260526T112108_PHL-fmcw,salesforce_acquisition,2026-05-26 11:21:08,3015,File does not look like a restaurant menu,Not a Menu Document,"The file does not look like a restaurant menu.
        Please upload a clear menu (with items and prices) and ensure the content is not a receipt,
        flyer, or unrelated image.",salesforce_acquisition/FP_PH_20260526T112108_PHL-fmcw.json,https://console.cloud.google.com/storage/browser/dh-menu-digitalised-images-prod/salesforce_acquisition/FP_PH_20260526T112108_PHL-fmcw,,,
FP_PH,500bO00000t9ceSQAQ,2026-05-26 09:47:08,Closed,HT08BQ,PHL-z3ye,Sox Manok - Buayan,Yes,FP_PH_20260526T094702_PHL-z3ye,salesforce_acquisition,2026-05-26 09:47:02,3015,File does not look like a restaurant menu,Not a Menu Document,"The file does not look like a restaurant menu.
        Please upload a clear menu (with items and prices) and ensure the content is not a receipt,
        flyer, or unrelated image.",salesforce_acquisition/FP_PH_20260526T094702_PHL-z3ye.json,https://console.cloud.google.com/storage/browser/dh-menu-digitalised-images-prod/salesforce_acquisition/FP_PH_20260526T094702_PHL-z3ye,,,
FP_PH,500bO00000t8xmVQAQ,2026-05-26 09:35:18,Closed,HTWFJP,PHL-ew16,Andok's - Tagaytay 5,Yes,FP_PH_20260526T093511_PHL-ew16,salesforce_acquisition,2026-05-26 09:35:12,3015,File does not look like a restaurant menu,Not a Menu Document,"The file does not look like a restaurant menu.
        Please upload a clear menu (with items and prices) and ensure the content is not a receipt,
        flyer, or unrelated image.",salesforce_acquisition/FP_PH_20260526T093511_PHL-ew16.json,https://console.cloud.google.com/storage/browser/dh-menu-digitalised-images-prod/salesforce_acquisition/FP_PH_20260526T093511_PHL-ew16,,,
FP_PH,500bO00000t9K6IQAU,2026-05-26 08:33:23,Closed,HTSVYV,PHL-hxs0,Stibs House - Burgos Branch,Yes,FP_PH_20260526T083314_PHL-hxs0,salesforce_acquisition,2026-05-26 08:33:14,3017,File not recognised as a menu by the language model,Not a Menu Document,"The file was not recognized as a menu by the language model.
        Please upload a genuine menu image/PDF (not a storefront photo, logo, or non-menu content)
        and try again.",salesforce_acquisition/FP_PH_20260526T083314_PHL-hxs0.json,https://console.cloud.google.com/storage/browser/dh-menu-digitalised-images-prod/salesforce_acquisition/FP_PH_20260526T083314_PHL-hxs0,,,
FP_PH,500bO00000t8s0RQAQ,2026-05-26 08:27:04,Closed,HTNZBT,PHL-ddyr,Sushi Fix Manila - Redwood Street,Yes,FP_PH_20260526T082659_PHL-ddyr,sf_menu_onboarding,2026-05-26 08:26:59,3017,File not recognised as a menu by the language model,Not a Menu Document,"The file was not recognized as a menu by the language model.
        Please upload a genuine menu image/PDF (not a storefront photo, logo, or non-menu content)
        and try again.",sf_menu_onboarding/FP_PH_20260526T082659_PHL-ddyr.json,https://console.cloud.google.com/storage/browser/dh-menu-digitalised-images-prod/sf_menu_onboarding/FP_PH_20260526T082659_PHL-ddyr,,,
FP_PH,500bO00000t99SiQAI,2026-05-26 08:25:56,Closed,HTNR4L,PHL-dau9,MOMOYO - Balzain Highway,Yes,FP_PH_20260526T082548_PHL-dau9,salesforce_acquisition,2026-05-26 08:25:48,3017,File not recognised as a menu by the language model,Not a Menu Document,"The file was not recognized as a menu by the language model.
        Please upload a genuine menu image/PDF (not a storefront photo, logo, or non-menu content)
        and try again.",salesforce_acquisition/FP_PH_20260526T082548_PHL-dau9.json,https://console.cloud.google.com/storage/browser/dh-menu-digitalised-images-prod/salesforce_acquisition/FP_PH_20260526T082548_PHL-dau9,,,
FP_PH,500bO00000t9CgkQAE,2026-05-26 08:16:21,Closed,HTAAMJ,PHL-fl5m,Andok's - Turbina,Yes,FP_PH_20260526T081615_PHL-fl5m,salesforce_acquisition,2026-05-26 08:16:15,3015,File does not look like a restaurant menu,Not a Menu Document,"The file does not look like a restaurant menu.
        Please upload a clear menu (with items and prices) and ensure the content is not a receipt,
        flyer, or unrelated image.",salesforce_acquisition/FP_PH_20260526T081615_PHL-fl5m.json,https://console.cloud.google.com/storage/browser/dh-menu-digitalised-images-prod/salesforce_acquisition/FP_PH_20260526T081615_PHL-fl5m,,,
FP_PH,500bO00000t8x88QAA,2026-05-26 08:12:31,Closed,HT04DZ,PHL-h0q0,Kwatogs - San Pascual,Yes,FP_PH_20260526T081221_PHL-h0q0,salesforce_acquisition,2026-05-26 08:12:21,3017,File not recognised as a menu by the language model,Not a Menu Document,"The file was not recognized as a menu by the language model.
        Please upload a genuine menu image/PDF (not a storefront photo, logo, or non-menu content)
        and try again.",salesforce_acquisition/FP_PH_20260526T081221_PHL-h0q0.json,https://console.cloud.google.com/storage/browser/dh-menu-digitalised-images-prod/salesforce_acquisition/FP_PH_20260526T081221_PHL-h0q0,,,
FP_PH,500bO00000t8VlQQAU,2026-05-26 07:48:48,Closed,HTNL3U,PHL-hgjb,"Chicken Joo - Pae, Central Bicutan",Yes,FP_PH_20260526T074841_PHL-hgjb,salesforce_acquisition,2026-05-26 07:48:41,3015,File does not look like a restaurant menu,Not a Menu Document,"The file does not look like a restaurant menu.
        Please upload a clear menu (with items and prices) and ensure the content is not a receipt,
        flyer, or unrelated image.",salesforce_acquisition/FP_PH_20260526T074841_PHL-hgjb.json,https://console.cloud.google.com/storage/browser/dh-menu-digitalised-images-prod/salesforce_acquisition/FP_PH_20260526T074841_PHL-hgjb,,,
FP_PH,500bO00000t92PWQAY,2026-05-26 07:20:20,Closed,HT0DNS,PHL-nk8i,Donut Park - Dahlia Fairview,Yes,FP_PH_20260526T072012_PHL-nk8i,salesforce_acquisition,2026-05-26 07:20:12,3017,File not recognised as a menu by the language model,Not a Menu Document,"The file was not recognized as a menu by the language model.
        Please upload a genuine menu image/PDF (not a storefront photo, logo, or non-menu content)
        and try again.",salesforce_acquisition/FP_PH_20260526T072012_PHL-nk8i.json,https://console.cloud.google.com/storage/browser/dh-menu-digitalised-images-prod/salesforce_acquisition/FP_PH_20260526T072012_PHL-nk8i,,,
FP_PH,500bO00000t90nWQAQ,2026-05-26 07:15:16,Closed,HT0DOO,PHL-edq9,Master Siomai - Super8 San Pedro,Yes,FP_PH_20260526T071508_PHL-edq9,salesforce_acquisition,2026-05-26 07:15:08,3017,File not recognised as a menu by the language model,Not a Menu Document,"The file was not recognized as a menu by the language model.
        Please upload a genuine menu image/PDF (not a storefront photo, logo, or non-menu content)
        and try again.",salesforce_acquisition/FP_PH_20260526T071508_PHL-edq9.json,https://console.cloud.google.com/storage/browser/dh-menu-digitalised-images-prod/salesforce_acquisition/FP_PH_20260526T071508_PHL-edq9,,,
FP_PH,500bO00000t90ItQAI,2026-05-26 07:12:39,Closed,HTN9CN,PHL-es2v,Julie's Bakeshop - Puregold Kawit,Yes,FP_PH_20260526T071229_PHL-es2v,salesforce_acquisition,2026-05-26 07:12:30,3017,File not recognised as a menu by the language model,Not a Menu Document,"The file was not recognized as a menu by the language model.
        Please upload a genuine menu image/PDF (not a storefront photo, logo, or non-menu content)
        and try again.",salesforce_acquisition/FP_PH_20260526T071229_PHL-es2v.json,https://console.cloud.google.com/storage/browser/dh-menu-digitalised-images-prod/salesforce_acquisition/FP_PH_20260526T071229_PHL-es2v,,,
FP_PH,500bO00000t8RjJQAU,2026-05-26 04:52:06,Closed,HT083X,PHL-rqqr,Samgyup Central - Artiaga,Yes,FP_PH_20260526T045200_PHL-rqqr,salesforce_acquisition,2026-05-26 04:52:00,3015,File does not look like a restaurant menu,Not a Menu Document,"The file does not look like a restaurant menu.
        Please upload a clear menu (with items and prices) and ensure the content is not a receipt,
        flyer, or unrelated image.",salesforce_acquisition/FP_PH_20260526T045200_PHL-rqqr.json,https://console.cloud.google.com/storage/browser/dh-menu-digitalised-images-prod/salesforce_acquisition/FP_PH_20260526T045200_PHL-rqqr,,,
FP_PH,500bO00000t7w5SQAQ,2026-05-26 04:27:09,Closed,HTSDSW,PHL-z13i,Jollibee - Deparo Road Caloocan,Yes,FP_PH_20260528T080827_PHL-z13i,salesforce_acquisition,2026-05-28 08:08:29,3014,Image resolution too large (pixel count exceeds limit),MDS Technical Failure,"Image resolution is too large to process.
        Please resize the image to a smaller resolution and try again.
         tot 159776400 max 30000000",salesforce_acquisition/FP_PH_20260528T080827_PHL-z13i.json,https://console.cloud.google.com/storage/browser/dh-menu-digitalised-images-prod/salesforce_acquisition/FP_PH_20260528T080827_PHL-z13i,image_1.pdf,3.5,"File: 3.5 MB on disk. Pixel count: 159,776,400 px (+432.6% over 30M limit). Extremely high-DPI scan."
FP_PH,500bO00000t8MenQAE,2026-05-26 03:59:44,Closed,HTTL9O,PHL-e5aq,Profuel (The Clay Oven) - Marcos Highway,Yes,FP_PH_20260526T035939_PHL-e5aq,sf_menu_onboarding,2026-05-26 03:59:40,3015,File does not look like a restaurant menu,Not a Menu Document,"The file does not look like a restaurant menu.
        Please upload a clear menu (with items and prices) and ensure the content is not a receipt,
        flyer, or unrelated image.",sf_menu_onboarding/FP_PH_20260526T035939_PHL-e5aq.json,https://console.cloud.google.com/storage/browser/dh-menu-digitalised-images-prod/sf_menu_onboarding/FP_PH_20260526T035939_PHL-e5aq,,,
FP_PH,500bO00000t84nrQAA,2026-05-26 02:58:03,Closed,HT0848,PHL-qljt,Sox Manok - Bula,Yes,FP_PH_20260526T025757_PHL-qljt,salesforce_acquisition,2026-05-26 02:57:58,3015,File does not look like a restaurant menu,Not a Menu Document,"The file does not look like a restaurant menu.
        Please upload a clear menu (with items and prices) and ensure the content is not a receipt,
        flyer, or unrelated image.",salesforce_acquisition/FP_PH_20260526T025757_PHL-qljt.json,https://console.cloud.google.com/storage/browser/dh-menu-digitalised-images-prod/salesforce_acquisition/FP_PH_20260526T025757_PHL-qljt,,,
FP_PH,500bO00000t8EsXQAU,2026-05-26 02:30:04,Closed,HTS88U,PHL-m01h,Gagay's Hotel & Restaurant - Himomoro Road,Yes,FP_PH_20260526T022958_PHL-m01h,salesforce_acquisition,2026-05-26 02:29:59,3014,Image resolution too large (pixel count exceeds limit),MDS Technical Failure,"Image resolution is too large to process.
        Please resize the image to a smaller resolution and try again.
         tot 53186189 max 30000000",salesforce_acquisition/FP_PH_20260526T022958_PHL-m01h.json,https://console.cloud.google.com/storage/browser/dh-menu-digitalised-images-prod/salesforce_acquisition/FP_PH_20260526T022958_PHL-m01h,image_1.pdf,0.93,"File: 0.93 MB on disk. Pixel count: 53,186,189 px (+77.3% over 30M limit). High-DPI scan; minor compression would fix."
FP_PH,500bO00000t87RUQAY,2026-05-26 02:27:46,Closed,HT0EZ3,PHL-xsmw,Andok's - Sariaya,Yes,FP_PH_20260526T022740_PHL-xsmw,salesforce_acquisition,2026-05-26 02:27:40,3015,File does not look like a restaurant menu,Not a Menu Document,"The file does not look like a restaurant menu.
        Please upload a clear menu (with items and prices) and ensure the content is not a receipt,
        flyer, or unrelated image.",salesforce_acquisition/FP_PH_20260526T022740_PHL-xsmw.json,https://console.cloud.google.com/storage/browser/dh-menu-digitalised-images-prod/salesforce_acquisition/FP_PH_20260526T022740_PHL-xsmw,,,
FP_PH,500bO00000t7zbbQAA,2026-05-26 02:21:38,Closed,HTA2TW,PHL-sbi0,Andok's - Tayabas 2,Yes,FP_PH_20260526T022132_PHL-sbi0,salesforce_acquisition,2026-05-26 02:21:32,3015,File does not look like a restaurant menu,Not a Menu Document,"The file does not look like a restaurant menu.
        Please upload a clear menu (with items and prices) and ensure the content is not a receipt,
        flyer, or unrelated image.",salesforce_acquisition/FP_PH_20260526T022132_PHL-sbi0.json,https://console.cloud.google.com/storage/browser/dh-menu-digitalised-images-prod/salesforce_acquisition/FP_PH_20260526T022132_PHL-sbi0,,,
FP_PH,500bO00000t7im1QAA,2026-05-26 02:20:42,Closed,HATPCU,PHL-k4ar,Andok's - Tayabas 1,Yes,FP_PH_20260526T022037_PHL-k4ar,salesforce_acquisition,2026-05-26 02:20:37,3015,File does not look like a restaurant menu,Not a Menu Document,"The file does not look like a restaurant menu.
        Please upload a clear menu (with items and prices) and ensure the content is not a receipt,
        flyer, or unrelated image.",salesforce_acquisition/FP_PH_20260526T022037_PHL-k4ar.json,https://console.cloud.google.com/storage/browser/dh-menu-digitalised-images-prod/salesforce_acquisition/FP_PH_20260526T022037_PHL-k4ar,,,
FP_PH,500bO00000t8DryQAE,2026-05-26 02:19:14,Closed,HTAACM,PHL-wr52,Andok's - Sta. Cruz 2,Yes,FP_PH_20260526T021908_PHL-wr52,salesforce_acquisition,2026-05-26 02:19:08,3015,File does not look like a restaurant menu,Not a Menu Document,"The file does not look like a restaurant menu.
        Please upload a clear menu (with items and prices) and ensure the content is not a receipt,
        flyer, or unrelated image.",salesforce_acquisition/FP_PH_20260526T021908_PHL-wr52.json,https://console.cloud.google.com/storage/browser/dh-menu-digitalised-images-prod/salesforce_acquisition/FP_PH_20260526T021908_PHL-wr52,,,
FP_PH,500bO00000t85IrQAI,2026-05-26 02:14:46,Closed,HTA2RO,PHL-nl0i,Andok's - Pagbilao 2,Yes,FP_PH_20260526T021441_PHL-nl0i,salesforce_acquisition,2026-05-26 02:14:41,3015,File does not look like a restaurant menu,Not a Menu Document,"The file does not look like a restaurant menu.
        Please upload a clear menu (with items and prices) and ensure the content is not a receipt,
        flyer, or unrelated image.",salesforce_acquisition/FP_PH_20260526T021441_PHL-nl0i.json,https://console.cloud.google.com/storage/browser/dh-menu-digitalised-images-prod/salesforce_acquisition/FP_PH_20260526T021441_PHL-nl0i,,,
FP_PH,500bO00000t87CEQAY,2026-05-26 02:11:53,Closed,HAZSLW,PHL-h3me,Andok's - Sta. Cruz 1,Yes,FP_PH_20260526T021146_PHL-h3me,salesforce_acquisition,2026-05-26 02:11:46,3015,File does not look like a restaurant menu,Not a Menu Document,"The file does not look like a restaurant menu.
        Please upload a clear menu (with items and prices) and ensure the content is not a receipt,
        flyer, or unrelated image.",salesforce_acquisition/FP_PH_20260526T021146_PHL-h3me.json,https://console.cloud.google.com/storage/browser/dh-menu-digitalised-images-prod/salesforce_acquisition/FP_PH_20260526T021146_PHL-h3me,,,
FP_PH,500bO00000t7y2XQAQ,2026-05-26 02:09:12,Closed,HTA2W0,PHL-ht70,Andok's - Lucena 1,Yes,FP_PH_20260526T020905_PHL-ht70,salesforce_acquisition,2026-05-26 02:09:05,3015,File does not look like a restaurant menu,Not a Menu Document,"The file does not look like a restaurant menu.
        Please upload a clear menu (with items and prices) and ensure the content is not a receipt,
        flyer, or unrelated image.",salesforce_acquisition/FP_PH_20260526T020905_PHL-ht70.json,https://console.cloud.google.com/storage/browser/dh-menu-digitalised-images-prod/salesforce_acquisition/FP_PH_20260526T020905_PHL-ht70,,,
FP_PH,500bO00000t7ycTQAQ,2026-05-26 01:59:22,Closed,HTAFHP,PHL-efwf,Andok's - Candelaria,Yes,FP_PH_20260526T015917_PHL-efwf,salesforce_acquisition,2026-05-26 01:59:17,3015,File does not look like a restaurant menu,Not a Menu Document,"The file does not look like a restaurant menu.
        Please upload a clear menu (with items and prices) and ensure the content is not a receipt,
        flyer, or unrelated image.",salesforce_acquisition/FP_PH_20260526T015917_PHL-efwf.json,https://console.cloud.google.com/storage/browser/dh-menu-digitalised-images-prod/salesforce_acquisition/FP_PH_20260526T015917_PHL-efwf,,,
FP_PH,500bO00000t7x28QAA,2026-05-26 01:58:17,Closed,HWWWL5,PHL-cna9,Andok's - Canlubang 2,Yes,FP_PH_20260526T015812_PHL-cna9,salesforce_acquisition,2026-05-26 01:58:12,3015,File does not look like a restaurant menu,Not a Menu Document,"The file does not look like a restaurant menu.
        Please upload a clear menu (with items and prices) and ensure the content is not a receipt,
        flyer, or unrelated image.",salesforce_acquisition/FP_PH_20260526T015812_PHL-cna9.json,https://console.cloud.google.com/storage/browser/dh-menu-digitalised-images-prod/salesforce_acquisition/FP_PH_20260526T015812_PHL-cna9,,,
FP_PH,500bO00000t7jPyQAI,2026-05-26 01:55:44,Closed,HTWQRH,PHL-sju9,Andok's - Bay,Yes,FP_PH_20260526T015538_PHL-sju9,salesforce_acquisition,2026-05-26 01:55:38,3015,File does not look like a restaurant menu,Not a Menu Document,"The file does not look like a restaurant menu.
        Please upload a clear menu (with items and prices) and ensure the content is not a receipt,
        flyer, or unrelated image.",salesforce_acquisition/FP_PH_20260526T015538_PHL-sju9.json,https://console.cloud.google.com/storage/browser/dh-menu-digitalised-images-prod/salesforce_acquisition/FP_PH_20260526T015538_PHL-sju9,,,
FP_PH,500bO00000t6jogQAA,2026-05-26 01:52:46,Closed,HTWQ01,PHL-xkc8,Andok's - San Pablo 1,Yes,FP_PH_20260526T015241_PHL-xkc8,salesforce_acquisition,2026-05-26 01:52:41,3015,File does not look like a restaurant menu,Not a Menu Document,"The file does not look like a restaurant menu.
        Please upload a clear menu (with items and prices) and ensure the content is not a receipt,
        flyer, or unrelated image.",salesforce_acquisition/FP_PH_20260526T015241_PHL-xkc8.json,https://console.cloud.google.com/storage/browser/dh-menu-digitalised-images-prod/salesforce_acquisition/FP_PH_20260526T015241_PHL-xkc8,,,
FP_PH,500bO00000t7W6GQAU,2026-05-26 01:52:24,Closed,HTPFM2,PHL-vrrt,Andok's - Bel Air 2,Yes,FP_PH_20260526T015218_PHL-vrrt,salesforce_acquisition,2026-05-26 01:52:19,3015,File does not look like a restaurant menu,Not a Menu Document,"The file does not look like a restaurant menu.
        Please upload a clear menu (with items and prices) and ensure the content is not a receipt,
        flyer, or unrelated image.",salesforce_acquisition/FP_PH_20260526T015218_PHL-vrrt.json,https://console.cloud.google.com/storage/browser/dh-menu-digitalised-images-prod/salesforce_acquisition/FP_PH_20260526T015218_PHL-vrrt,,,
FP_PH,500bO00000t7p8bQAA,2026-05-26 01:50:39,Closed,HTWQRJ,PHL-n7v7,Andok's - Cabuyao 3,Yes,FP_PH_20260526T015034_PHL-n7v7,salesforce_acquisition,2026-05-26 01:50:34,3015,File does not look like a restaurant menu,Not a Menu Document,"The file does not look like a restaurant menu.
        Please upload a clear menu (with items and prices) and ensure the content is not a receipt,
        flyer, or unrelated image.",salesforce_acquisition/FP_PH_20260526T015034_PHL-n7v7.json,https://console.cloud.google.com/storage/browser/dh-menu-digitalised-images-prod/salesforce_acquisition/FP_PH_20260526T015034_PHL-n7v7,,,
FP_PH,500bO00000t7ma3QAA,2026-05-26 01:48:51,Closed,HTWQAY,PHL-ae6o,Andok's - Bucal,Yes,FP_PH_20260526T014846_PHL-ae6o,salesforce_acquisition,2026-05-26 01:48:46,3015,File does not look like a restaurant menu,Not a Menu Document,"The file does not look like a restaurant menu.
        Please upload a clear menu (with items and prices) and ensure the content is not a receipt,
        flyer, or unrelated image.",salesforce_acquisition/FP_PH_20260526T014846_PHL-ae6o.json,https://console.cloud.google.com/storage/browser/dh-menu-digitalised-images-prod/salesforce_acquisition/FP_PH_20260526T014846_PHL-ae6o,,,
FP_PH,500bO00000t7oLaQAI,2026-05-26 01:48:01,Closed,HTWQNZ,PHL-f68u,Andok's - Calendola,Yes,FP_PH_20260526T014756_PHL-f68u,salesforce_acquisition,2026-05-26 01:47:56,3015,File does not look like a restaurant menu,Not a Menu Document,"The file does not look like a restaurant menu.
        Please upload a clear menu (with items and prices) and ensure the content is not a receipt,
        flyer, or unrelated image.",salesforce_acquisition/FP_PH_20260526T014756_PHL-f68u.json,https://console.cloud.google.com/storage/browser/dh-menu-digitalised-images-prod/salesforce_acquisition/FP_PH_20260526T014756_PHL-f68u,,,
FP_PH,500bO00000t7JXpQAM,2026-05-26 01:47:14,Closed,HTPG69,PHL-tnq1,Andok's - Tiaong 2,Yes,FP_PH_20260526T014709_PHL-tnq1,salesforce_acquisition,2026-05-26 01:47:10,3015,File does not look like a restaurant menu,Not a Menu Document,"The file does not look like a restaurant menu.
        Please upload a clear menu (with items and prices) and ensure the content is not a receipt,
        flyer, or unrelated image.",salesforce_acquisition/FP_PH_20260526T014709_PHL-tnq1.json,https://console.cloud.google.com/storage/browser/dh-menu-digitalised-images-prod/salesforce_acquisition/FP_PH_20260526T014709_PHL-tnq1,,,
FP_PH,500bO00000t7jzGQAQ,2026-05-26 01:45:36,Closed,HTAAM8,PHL-m7qx,Andok's - Sta. Rosa,Yes,FP_PH_20260526T014532_PHL-m7qx,salesforce_acquisition,2026-05-26 01:45:32,3015,File does not look like a restaurant menu,Not a Menu Document,"The file does not look like a restaurant menu.
        Please upload a clear menu (with items and prices) and ensure the content is not a receipt,
        flyer, or unrelated image.",salesforce_acquisition/FP_PH_20260526T014532_PHL-m7qx.json,https://console.cloud.google.com/storage/browser/dh-menu-digitalised-images-prod/salesforce_acquisition/FP_PH_20260526T014532_PHL-m7qx,,,
FP_PH,500bO00000t6p3PQAQ,2026-05-26 01:43:45,Closed,HRP8V5,PHL-dhl0,Andok's - San Pablo 4,Yes,FP_PH_20260526T014341_PHL-dhl0,salesforce_acquisition,2026-05-26 01:43:41,3015,File does not look like a restaurant menu,Not a Menu Document,"The file does not look like a restaurant menu.
        Please upload a clear menu (with items and prices) and ensure the content is not a receipt,
        flyer, or unrelated image.",salesforce_acquisition/FP_PH_20260526T014341_PHL-dhl0.json,https://console.cloud.google.com/storage/browser/dh-menu-digitalised-images-prod/salesforce_acquisition/FP_PH_20260526T014341_PHL-dhl0,,,
FP_PH,500bO00000t7EAyQAM,2026-05-26 01:43:28,Closed,HTA2PZ,PHL-lg73,Andok's - Tiaong 1,Yes,FP_PH_20260526T014322_PHL-lg73,salesforce_acquisition,2026-05-26 01:43:22,3015,File does not look like a restaurant menu,Not a Menu Document,"The file does not look like a restaurant menu.
        Please upload a clear menu (with items and prices) and ensure the content is not a receipt,
        flyer, or unrelated image.",salesforce_acquisition/FP_PH_20260526T014322_PHL-lg73.json,https://console.cloud.google.com/storage/browser/dh-menu-digitalised-images-prod/salesforce_acquisition/FP_PH_20260526T014322_PHL-lg73,,,
FP_PH,500bO00000t7UDMQA2,2026-05-26 01:39:42,Closed,HTA2AW,PHL-xki1,Andok's - Lucena 3,Yes,FP_PH_20260526T013938_PHL-xki1,salesforce_acquisition,2026-05-26 01:39:38,3015,File does not look like a restaurant menu,Not a Menu Document,"The file does not look like a restaurant menu.
        Please upload a clear menu (with items and prices) and ensure the content is not a receipt,
        flyer, or unrelated image.",salesforce_acquisition/FP_PH_20260526T013938_PHL-xki1.json,https://console.cloud.google.com/storage/browser/dh-menu-digitalised-images-prod/salesforce_acquisition/FP_PH_20260526T013938_PHL-xki1,,,
FP_PH,500bO00000t7FhJQAU,2026-05-26 01:37:54,Closed,HTWQPP,PHL-tlbn,Andok's - Calamba 5,Yes,FP_PH_20260526T013745_PHL-tlbn,salesforce_acquisition,2026-05-26 01:37:45,3015,File does not look like a restaurant menu,Not a Menu Document,"The file does not look like a restaurant menu.
        Please upload a clear menu (with items and prices) and ensure the content is not a receipt,
        flyer, or unrelated image.",salesforce_acquisition/FP_PH_20260526T013745_PHL-tlbn.json,https://console.cloud.google.com/storage/browser/dh-menu-digitalised-images-prod/salesforce_acquisition/FP_PH_20260526T013745_PHL-tlbn,,,
FP_PH,500bO00000t7TERQA2,2026-05-26 01:37:49,Closed,HTPFMU,PHL-suoy,Andok's - Canlubang,Yes,FP_PH_20260526T013743_PHL-suoy,salesforce_acquisition,2026-05-26 01:37:43,3015,File does not look like a restaurant menu,Not a Menu Document,"The file does not look like a restaurant menu.
        Please upload a clear menu (with items and prices) and ensure the content is not a receipt,
        flyer, or unrelated image.",salesforce_acquisition/FP_PH_20260526T013743_PHL-suoy.json,https://console.cloud.google.com/storage/browser/dh-menu-digitalised-images-prod/salesforce_acquisition/FP_PH_20260526T013743_PHL-suoy,,,
FP_PH,500bO00000t7g1JQAQ,2026-05-26 01:35:00,Closed,HTPFCI,PHL-rvf5,Andok's - Calamba 3,Yes,FP_PH_20260526T013455_PHL-rvf5,salesforce_acquisition,2026-05-26 01:34:55,3015,File does not look like a restaurant menu,Not a Menu Document,"The file does not look like a restaurant menu.
        Please upload a clear menu (with items and prices) and ensure the content is not a receipt,
        flyer, or unrelated image.",salesforce_acquisition/FP_PH_20260526T013455_PHL-rvf5.json,https://console.cloud.google.com/storage/browser/dh-menu-digitalised-images-prod/salesforce_acquisition/FP_PH_20260526T013455_PHL-rvf5,,,
FP_PH,500bO00000t7lPUQAY,2026-05-26 01:34:20,Closed,HTW9R4,PHL-pf1o,Andok's - San Pablo 2,Yes,FP_PH_20260526T013416_PHL-pf1o,salesforce_acquisition,2026-05-26 01:34:16,3015,File does not look like a restaurant menu,Not a Menu Document,"The file does not look like a restaurant menu.
        Please upload a clear menu (with items and prices) and ensure the content is not a receipt,
        flyer, or unrelated image.",salesforce_acquisition/FP_PH_20260526T013416_PHL-pf1o.json,https://console.cloud.google.com/storage/browser/dh-menu-digitalised-images-prod/salesforce_acquisition/FP_PH_20260526T013416_PHL-pf1o,,,
FP_PH,500bO00000t7jhKQAQ,2026-05-26 01:34:07,Closed,HWWWH0,PHL-of81,Andok's - Cabuyao 1,Yes,FP_PH_20260526T013400_PHL-of81,salesforce_acquisition,2026-05-26 01:34:01,3015,File does not look like a restaurant menu,Not a Menu Document,"The file does not look like a restaurant menu.
        Please upload a clear menu (with items and prices) and ensure the content is not a receipt,
        flyer, or unrelated image.",salesforce_acquisition/FP_PH_20260526T013400_PHL-of81.json,https://console.cloud.google.com/storage/browser/dh-menu-digitalised-images-prod/salesforce_acquisition/FP_PH_20260526T013400_PHL-of81,,,
FP_PH,500bO00000t7mwJQAQ,2026-05-26 01:31:09,Closed,HTWQAQ,PHL-rrpk,Andok's - Binan 2,Yes,FP_PH_20260526T013103_PHL-rrpk,salesforce_acquisition,2026-05-26 01:31:03,3015,File does not look like a restaurant menu,Not a Menu Document,"The file does not look like a restaurant menu.
        Please upload a clear menu (with items and prices) and ensure the content is not a receipt,
        flyer, or unrelated image.",salesforce_acquisition/FP_PH_20260526T013103_PHL-rrpk.json,https://console.cloud.google.com/storage/browser/dh-menu-digitalised-images-prod/salesforce_acquisition/FP_PH_20260526T013103_PHL-rrpk,,,
FP_PH,500bO00000t7n5xQAA,2026-05-26 01:30:24,Closed,HWC3XD,PHL-jqt6,Andok's - San Pablo 3,Yes,FP_PH_20260526T013019_PHL-jqt6,salesforce_acquisition,2026-05-26 01:30:19,3015,File does not look like a restaurant menu,Not a Menu Document,"The file does not look like a restaurant menu.
        Please upload a clear menu (with items and prices) and ensure the content is not a receipt,
        flyer, or unrelated image.",salesforce_acquisition/FP_PH_20260526T013019_PHL-jqt6.json,https://console.cloud.google.com/storage/browser/dh-menu-digitalised-images-prod/salesforce_acquisition/FP_PH_20260526T013019_PHL-jqt6,,,
FP_PH,500bO00000t7J5PQAU,2026-05-26 01:29:35,Closed,HWJX9P,PHL-u5p6,Andok's - Los Banos 3,Yes,FP_PH_20260526T012930_PHL-u5p6,salesforce_acquisition,2026-05-26 01:29:30,3015,File does not look like a restaurant menu,Not a Menu Document,"The file does not look like a restaurant menu.
        Please upload a clear menu (with items and prices) and ensure the content is not a receipt,
        flyer, or unrelated image.",salesforce_acquisition/FP_PH_20260526T012930_PHL-u5p6.json,https://console.cloud.google.com/storage/browser/dh-menu-digitalised-images-prod/salesforce_acquisition/FP_PH_20260526T012930_PHL-u5p6,,,
FP_PH,500bO00000t6kPSQAY,2026-05-26 01:29:00,Closed,HWLPUG,PHL-bu65,Andok's - Binan 3,Yes,FP_PH_20260526T012855_PHL-bu65,salesforce_acquisition,2026-05-26 01:28:55,3015,File does not look like a restaurant menu,Not a Menu Document,"The file does not look like a restaurant menu.
        Please upload a clear menu (with items and prices) and ensure the content is not a receipt,
        flyer, or unrelated image.",salesforce_acquisition/FP_PH_20260526T012855_PHL-bu65.json,https://console.cloud.google.com/storage/browser/dh-menu-digitalised-images-prod/salesforce_acquisition/FP_PH_20260526T012855_PHL-bu65,,,
FP_PH,500bO00000t7g1HQAQ,2026-05-26 01:26:29,Closed,HWWWAK,PHL-sm85,Andok's - Tejero,Yes,FP_PH_20260526T012624_PHL-sm85,salesforce_acquisition,2026-05-26 01:26:24,3015,File does not look like a restaurant menu,Not a Menu Document,"The file does not look like a restaurant menu.
        Please upload a clear menu (with items and prices) and ensure the content is not a receipt,
        flyer, or unrelated image.",salesforce_acquisition/FP_PH_20260526T012624_PHL-sm85.json,https://console.cloud.google.com/storage/browser/dh-menu-digitalised-images-prod/salesforce_acquisition/FP_PH_20260526T012624_PHL-sm85,,,
FP_PH,500bO00000t7ZdjQAE,2026-05-26 01:26:24,Closed,HTWQP8,PHL-rlrj,Andok's - Calamba 1,Yes,FP_PH_20260526T012617_PHL-rlrj,salesforce_acquisition,2026-05-26 01:26:17,3015,File does not look like a restaurant menu,Not a Menu Document,"The file does not look like a restaurant menu.
        Please upload a clear menu (with items and prices) and ensure the content is not a receipt,
        flyer, or unrelated image.",salesforce_acquisition/FP_PH_20260526T012617_PHL-rlrj.json,https://console.cloud.google.com/storage/browser/dh-menu-digitalised-images-prod/salesforce_acquisition/FP_PH_20260526T012617_PHL-rlrj,,,
FP_PH,500bO00000t7PgNQAU,2026-05-26 01:26:20,Closed,HZZLMF,PHL-r082,Andok's - Canlalay 1,Yes,FP_PH_20260526T012614_PHL-r082,salesforce_acquisition,2026-05-26 01:26:14,3015,File does not look like a restaurant menu,Not a Menu Document,"The file does not look like a restaurant menu.
        Please upload a clear menu (with items and prices) and ensure the content is not a receipt,
        flyer, or unrelated image.",salesforce_acquisition/FP_PH_20260526T012614_PHL-r082.json,https://console.cloud.google.com/storage/browser/dh-menu-digitalised-images-prod/salesforce_acquisition/FP_PH_20260526T012614_PHL-r082,,,
FP_PH,500bO00000t7hV1QAI,2026-05-26 01:22:49,Closed,HTWFOE,PHL-mn1t,Andok's - Zapote,Yes,FP_PH_20260526T012241_PHL-mn1t,salesforce_acquisition,2026-05-26 01:22:41,3015,File does not look like a restaurant menu,Not a Menu Document,"The file does not look like a restaurant menu.
        Please upload a clear menu (with items and prices) and ensure the content is not a receipt,
        flyer, or unrelated image.",salesforce_acquisition/FP_PH_20260526T012241_PHL-mn1t.json,https://console.cloud.google.com/storage/browser/dh-menu-digitalised-images-prod/salesforce_acquisition/FP_PH_20260526T012241_PHL-mn1t,,,
FP_PH,500bO00000t7JPgQAM,2026-05-26 01:22:30,Closed,HTPFM3,PHL-bezl,Andok's - Calamba 6,Yes,FP_PH_20260526T012218_PHL-bezl,salesforce_acquisition,2026-05-26 01:22:18,3015,File does not look like a restaurant menu,Not a Menu Document,"The file does not look like a restaurant menu.
        Please upload a clear menu (with items and prices) and ensure the content is not a receipt,
        flyer, or unrelated image.",salesforce_acquisition/FP_PH_20260526T012218_PHL-bezl.json,https://console.cloud.google.com/storage/browser/dh-menu-digitalised-images-prod/salesforce_acquisition/FP_PH_20260526T012218_PHL-bezl,,,
FP_PH,500bO00000t7kA7QAI,2026-05-26 01:22:25,Closed,HZZLMS,PHL-tume,Andok's - Binan 1,Yes,FP_PH_20260526T012218_PHL-tume,salesforce_acquisition,2026-05-26 01:22:18,3015,File does not look like a restaurant menu,Not a Menu Document,"The file does not look like a restaurant menu.
        Please upload a clear menu (with items and prices) and ensure the content is not a receipt,
        flyer, or unrelated image.",salesforce_acquisition/FP_PH_20260526T012218_PHL-tume.json,https://console.cloud.google.com/storage/browser/dh-menu-digitalised-images-prod/salesforce_acquisition/FP_PH_20260526T012218_PHL-tume,,,
FP_PH,500bO00000t7fs7QAA,2026-05-26 01:18:19,Closed,HTWQR9,PHL-hff6,Andok's - Cabuyao 4,Yes,FP_PH_20260526T011813_PHL-hff6,salesforce_acquisition,2026-05-26 01:18:13,3015,File does not look like a restaurant menu,Not a Menu Document,"The file does not look like a restaurant menu.
        Please upload a clear menu (with items and prices) and ensure the content is not a receipt,
        flyer, or unrelated image.",salesforce_acquisition/FP_PH_20260526T011813_PHL-hff6.json,https://console.cloud.google.com/storage/browser/dh-menu-digitalised-images-prod/salesforce_acquisition/FP_PH_20260526T011813_PHL-hff6,,,
FP_PH,500bO00000t7mJZQAY,2026-05-26 01:14:23,Closed,HTPFCF,PHL-frqz,Andok's - Binan 5,Yes,FP_PH_20260526T011415_PHL-frqz,salesforce_acquisition,2026-05-26 01:14:15,3015,File does not look like a restaurant menu,Not a Menu Document,"The file does not look like a restaurant menu.
        Please upload a clear menu (with items and prices) and ensure the content is not a receipt,
        flyer, or unrelated image.",salesforce_acquisition/FP_PH_20260526T011415_PHL-frqz.json,https://console.cloud.google.com/storage/browser/dh-menu-digitalised-images-prod/salesforce_acquisition/FP_PH_20260526T011415_PHL-frqz,,,
FP_PH,500bO00000t5mM9QAI,2026-05-25 15:22:30,Closed,HTWFJ8,PHL-xiv1,Andok's - St. Peter,Yes,FP_PH_20260525T152225_PHL-xiv1,salesforce_acquisition,2026-05-25 15:22:26,3015,File does not look like a restaurant menu,Not a Menu Document,"The file does not look like a restaurant menu.
        Please upload a clear menu (with items and prices) and ensure the content is not a receipt,
        flyer, or unrelated image.",salesforce_acquisition/FP_PH_20260525T152225_PHL-xiv1.json,https://console.cloud.google.com/storage/browser/dh-menu-digitalised-images-prod/salesforce_acquisition/FP_PH_20260525T152225_PHL-xiv1,,,
FP_PH,500bO00000t5sT8QAI,2026-05-25 15:20:05,Closed,HTWFJW,PHL-nbpg,Andok's - Tanza 2,Yes,FP_PH_20260525T151959_PHL-nbpg,salesforce_acquisition,2026-05-25 15:19:59,3015,File does not look like a restaurant menu,Not a Menu Document,"The file does not look like a restaurant menu.
        Please upload a clear menu (with items and prices) and ensure the content is not a receipt,
        flyer, or unrelated image.",salesforce_acquisition/FP_PH_20260525T151959_PHL-nbpg.json,https://console.cloud.google.com/storage/browser/dh-menu-digitalised-images-prod/salesforce_acquisition/FP_PH_20260525T151959_PHL-nbpg,,,
FP_PH,500bO00000t5uEnQAI,2026-05-25 15:17:44,Closed,HTP6WO,PHL-rk26,Andok's - Tagaytay 6,Yes,FP_PH_20260525T151738_PHL-rk26,salesforce_acquisition,2026-05-25 15:17:39,3015,File does not look like a restaurant menu,Not a Menu Document,"The file does not look like a restaurant menu.
        Please upload a clear menu (with items and prices) and ensure the content is not a receipt,
        flyer, or unrelated image.",salesforce_acquisition/FP_PH_20260525T151738_PHL-rk26.json,https://console.cloud.google.com/storage/browser/dh-menu-digitalised-images-prod/salesforce_acquisition/FP_PH_20260525T151738_PHL-rk26,,,
FP_PH,500bO00000t5mPKQAY,2026-05-25 15:15:20,Closed,HTPF7Z,PHL-at0s,Andok's - Lumban,Yes,FP_PH_20260525T151515_PHL-at0s,salesforce_acquisition,2026-05-25 15:15:15,3015,File does not look like a restaurant menu,Not a Menu Document,"The file does not look like a restaurant menu.
        Please upload a clear menu (with items and prices) and ensure the content is not a receipt,
        flyer, or unrelated image.",salesforce_acquisition/FP_PH_20260525T151515_PHL-at0s.json,https://console.cloud.google.com/storage/browser/dh-menu-digitalised-images-prod/salesforce_acquisition/FP_PH_20260525T151515_PHL-at0s,,,
FP_PH,500bO00000t5oRAQAY,2026-05-25 15:12:33,Closed,HTWFJK,PHL-hf9y,Andok's - Sta. Rosa Heights,Yes,FP_PH_20260525T151228_PHL-hf9y,salesforce_acquisition,2026-05-25 15:12:28,3015,File does not look like a restaurant menu,Not a Menu Document,"The file does not look like a restaurant menu.
        Please upload a clear menu (with items and prices) and ensure the content is not a receipt,
        flyer, or unrelated image.",salesforce_acquisition/FP_PH_20260525T151228_PHL-hf9y.json,https://console.cloud.google.com/storage/browser/dh-menu-digitalised-images-prod/salesforce_acquisition/FP_PH_20260525T151228_PHL-hf9y,,,
FP_PH,500bO00000t5s9mQAA,2026-05-25 15:09:43,Closed,HWW80V,PHL-umgc,Andok's - Trece Martires,Yes,FP_PH_20260525T150938_PHL-umgc,salesforce_acquisition,2026-05-25 15:09:38,3015,File does not look like a restaurant menu,Not a Menu Document,"The file does not look like a restaurant menu.
        Please upload a clear menu (with items and prices) and ensure the content is not a receipt,
        flyer, or unrelated image.",salesforce_acquisition/FP_PH_20260525T150938_PHL-umgc.json,https://console.cloud.google.com/storage/browser/dh-menu-digitalised-images-prod/salesforce_acquisition/FP_PH_20260525T150938_PHL-umgc,,,
FP_PH,500bO00000t5mIvQAI,2026-05-25 15:07:10,Closed,HWMIMK,PHL-pwtd,Andok's - Makiling 2,Yes,FP_PH_20260525T150704_PHL-pwtd,salesforce_acquisition,2026-05-25 15:07:05,3015,File does not look like a restaurant menu,Not a Menu Document,"The file does not look like a restaurant menu.
        Please upload a clear menu (with items and prices) and ensure the content is not a receipt,
        flyer, or unrelated image.",salesforce_acquisition/FP_PH_20260525T150704_PHL-pwtd.json,https://console.cloud.google.com/storage/browser/dh-menu-digitalised-images-prod/salesforce_acquisition/FP_PH_20260525T150704_PHL-pwtd,,,
FP_PH,500bO00000t5ZLoQAM,2026-05-25 15:04:36,Closed,HWQO9J,PHL-iore,Andok's - Salitran,Yes,FP_PH_20260525T150430_PHL-iore,salesforce_acquisition,2026-05-25 15:04:30,3015,File does not look like a restaurant menu,Not a Menu Document,"The file does not look like a restaurant menu.
        Please upload a clear menu (with items and prices) and ensure the content is not a receipt,
        flyer, or unrelated image.",salesforce_acquisition/FP_PH_20260525T150430_PHL-iore.json,https://console.cloud.google.com/storage/browser/dh-menu-digitalised-images-prod/salesforce_acquisition/FP_PH_20260525T150430_PHL-iore,,,
FP_PH,500bO00000t5j86QAA,2026-05-25 14:36:11,Closed,HTWQNM,PHL-xfh7,Andok's - Mamatid,Yes,FP_PH_20260525T143604_PHL-xfh7,salesforce_acquisition,2026-05-25 14:36:05,3015,File does not look like a restaurant menu,Not a Menu Document,"The file does not look like a restaurant menu.
        Please upload a clear menu (with items and prices) and ensure the content is not a receipt,
        flyer, or unrelated image.",salesforce_acquisition/FP_PH_20260525T143604_PHL-xfh7.json,https://console.cloud.google.com/storage/browser/dh-menu-digitalised-images-prod/salesforce_acquisition/FP_PH_20260525T143604_PHL-xfh7,,,
FP_PH,500bO00000t5UnSQAU,2026-05-25 14:33:43,Closed,HTWFJI,PHL-k3dx,Andok's - Trece Martires 2,Yes,FP_PH_20260525T143337_PHL-k3dx,salesforce_acquisition,2026-05-25 14:33:37,3015,File does not look like a restaurant menu,Not a Menu Document,"The file does not look like a restaurant menu.
        Please upload a clear menu (with items and prices) and ensure the content is not a receipt,
        flyer, or unrelated image.",salesforce_acquisition/FP_PH_20260525T143337_PHL-k3dx.json,https://console.cloud.google.com/storage/browser/dh-menu-digitalised-images-prod/salesforce_acquisition/FP_PH_20260525T143337_PHL-k3dx,,,
FP_PH,500bO00000t5lmdQAA,2026-05-25 14:31:10,Closed,HTWUOT,PHL-at0e,Andok's - Silang 3,Yes,FP_PH_20260525T143104_PHL-at0e,salesforce_acquisition,2026-05-25 14:31:04,3015,File does not look like a restaurant menu,Not a Menu Document,"The file does not look like a restaurant menu.
        Please upload a clear menu (with items and prices) and ensure the content is not a receipt,
        flyer, or unrelated image.",salesforce_acquisition/FP_PH_20260525T143104_PHL-at0e.json,https://console.cloud.google.com/storage/browser/dh-menu-digitalised-images-prod/salesforce_acquisition/FP_PH_20260525T143104_PHL-at0e,,,
FP_PH,500bO00000t5ibqQAA,2026-05-25 14:24:29,Closed,HWCSSJ,PHL-k4nu,Andok's - Salawag 2,Yes,FP_PH_20260525T142424_PHL-k4nu,salesforce_acquisition,2026-05-25 14:24:24,3015,File does not look like a restaurant menu,Not a Menu Document,"The file does not look like a restaurant menu.
        Please upload a clear menu (with items and prices) and ensure the content is not a receipt,
        flyer, or unrelated image.",salesforce_acquisition/FP_PH_20260525T142424_PHL-k4nu.json,https://console.cloud.google.com/storage/browser/dh-menu-digitalised-images-prod/salesforce_acquisition/FP_PH_20260525T142424_PHL-k4nu,,,
FP_PH,500bO00000t5K07QAE,2026-05-25 14:22:06,Closed,HW5C3P,PHL-h1ct,Andok's - Tagaytay 4,Yes,FP_PH_20260525T142200_PHL-h1ct,salesforce_acquisition,2026-05-25 14:22:00,3015,File does not look like a restaurant menu,Not a Menu Document,"The file does not look like a restaurant menu.
        Please upload a clear menu (with items and prices) and ensure the content is not a receipt,
        flyer, or unrelated image.",salesforce_acquisition/FP_PH_20260525T142200_PHL-h1ct.json,https://console.cloud.google.com/storage/browser/dh-menu-digitalised-images-prod/salesforce_acquisition/FP_PH_20260525T142200_PHL-h1ct,,,
FP_PH,500bO00000t4M5kQAE,2026-05-25 14:19:15,Closed,HTWPYO,PHL-pi2o,Andok's - Silang 1,Yes,FP_PH_20260525T141910_PHL-pi2o,salesforce_acquisition,2026-05-25 14:19:10,3015,File does not look like a restaurant menu,Not a Menu Document,"The file does not look like a restaurant menu.
        Please upload a clear menu (with items and prices) and ensure the content is not a receipt,
        flyer, or unrelated image.",salesforce_acquisition/FP_PH_20260525T141910_PHL-pi2o.json,https://console.cloud.google.com/storage/browser/dh-menu-digitalised-images-prod/salesforce_acquisition/FP_PH_20260525T141910_PHL-pi2o,,,
FP_PH,500bO00000t5YkaQAE,2026-05-25 14:17:35,Closed,HWWWZ3,PHL-yiw7,Andok's - San Pedro 3,Yes,FP_PH_20260525T141730_PHL-yiw7,salesforce_acquisition,2026-05-25 14:17:30,3015,File does not look like a restaurant menu,Not a Menu Document,"The file does not look like a restaurant menu.
        Please upload a clear menu (with items and prices) and ensure the content is not a receipt,
        flyer, or unrelated image.",salesforce_acquisition/FP_PH_20260525T141730_PHL-yiw7.json,https://console.cloud.google.com/storage/browser/dh-menu-digitalised-images-prod/salesforce_acquisition/FP_PH_20260525T141730_PHL-yiw7,,,
FP_PH,500bO00000t521WQAQ,2026-05-25 14:15:51,Closed,HT0EKQ,PHL-bnxc,Andok's - Paradahan 2,Yes,FP_PH_20260525T141546_PHL-bnxc,salesforce_acquisition,2026-05-25 14:15:46,3015,File does not look like a restaurant menu,Not a Menu Document,"The file does not look like a restaurant menu.
        Please upload a clear menu (with items and prices) and ensure the content is not a receipt,
        flyer, or unrelated image.",salesforce_acquisition/FP_PH_20260525T141546_PHL-bnxc.json,https://console.cloud.google.com/storage/browser/dh-menu-digitalised-images-prod/salesforce_acquisition/FP_PH_20260525T141546_PHL-bnxc,,,
FP_PH,500bO00000t5ReOQAU,2026-05-25 14:14:02,Closed,HTWPYE,PHL-of36,Andok's - Salinas,Yes,FP_PH_20260525T141357_PHL-of36,salesforce_acquisition,2026-05-25 14:13:57,3015,File does not look like a restaurant menu,Not a Menu Document,"The file does not look like a restaurant menu.
        Please upload a clear menu (with items and prices) and ensure the content is not a receipt,
        flyer, or unrelated image.",salesforce_acquisition/FP_PH_20260525T141357_PHL-of36.json,https://console.cloud.google.com/storage/browser/dh-menu-digitalised-images-prod/salesforce_acquisition/FP_PH_20260525T141357_PHL-of36,,,
FP_PH,500bO00000t5K3NQAU,2026-05-25 14:13:39,Closed,HWJX9T,PHL-f5kq,Andok's - Magsaysay Laguna,Yes,FP_PH_20260525T141333_PHL-f5kq,salesforce_acquisition,2026-05-25 14:13:33,3015,File does not look like a restaurant menu,Not a Menu Document,"The file does not look like a restaurant menu.
        Please upload a clear menu (with items and prices) and ensure the content is not a receipt,
        flyer, or unrelated image.",salesforce_acquisition/FP_PH_20260525T141333_PHL-f5kq.json,https://console.cloud.google.com/storage/browser/dh-menu-digitalised-images-prod/salesforce_acquisition/FP_PH_20260525T141333_PHL-f5kq,,,
FP_PH,500bO00000t5Y7rQAE,2026-05-25 14:11:34,Closed,HRP8NR,PHL-nd56,Andok's - San Pedro 1,Yes,FP_PH_20260525T141129_PHL-nd56,salesforce_acquisition,2026-05-25 14:11:29,3015,File does not look like a restaurant menu,Not a Menu Document,"The file does not look like a restaurant menu.
        Please upload a clear menu (with items and prices) and ensure the content is not a receipt,
        flyer, or unrelated image.",salesforce_acquisition/FP_PH_20260525T141129_PHL-nd56.json,https://console.cloud.google.com/storage/browser/dh-menu-digitalised-images-prod/salesforce_acquisition/FP_PH_20260525T141129_PHL-nd56,,,
FP_PH,500bO00000t5ZS8QAM,2026-05-25 14:08:39,Closed,HT0EKV,PHL-hh8w,Andok's - Paliparan 2,Yes,FP_PH_20260525T140834_PHL-hh8w,salesforce_acquisition,2026-05-25 14:08:34,3015,File does not look like a restaurant menu,Not a Menu Document,"The file does not look like a restaurant menu.
        Please upload a clear menu (with items and prices) and ensure the content is not a receipt,
        flyer, or unrelated image.",salesforce_acquisition/FP_PH_20260525T140834_PHL-hh8w.json,https://console.cloud.google.com/storage/browser/dh-menu-digitalised-images-prod/salesforce_acquisition/FP_PH_20260525T140834_PHL-hh8w,,,
FP_PH,500bO00000t5RMbQAM,2026-05-25 14:05:12,Closed,HTW9PE,PHL-w3uq,Andok's - San Pedro 2,Yes,FP_PH_20260525T140506_PHL-w3uq,salesforce_acquisition,2026-05-25 14:05:06,3015,File does not look like a restaurant menu,Not a Menu Document,"The file does not look like a restaurant menu.
        Please upload a clear menu (with items and prices) and ensure the content is not a receipt,
        flyer, or unrelated image.",salesforce_acquisition/FP_PH_20260525T140506_PHL-w3uq.json,https://console.cloud.google.com/storage/browser/dh-menu-digitalised-images-prod/salesforce_acquisition/FP_PH_20260525T140506_PHL-w3uq,,,
FP_PH,500bO00000t4tEVQAY,2026-05-25 14:01:51,Closed,HTWQ0O,PHL-o7z9,"Andok's - Sta. Rosa, Garden Plaza",Yes,FP_PH_20260525T140145_PHL-o7z9,salesforce_acquisition,2026-05-25 14:01:45,3015,File does not look like a restaurant menu,Not a Menu Document,"The file does not look like a restaurant menu.
        Please upload a clear menu (with items and prices) and ensure the content is not a receipt,
        flyer, or unrelated image.",salesforce_acquisition/FP_PH_20260525T140145_PHL-o7z9.json,https://console.cloud.google.com/storage/browser/dh-menu-digitalised-images-prod/salesforce_acquisition/FP_PH_20260525T140145_PHL-o7z9,,,
FP_PH,500bO00000t5dttQAA,2026-05-25 13:54:44,Closed,HROMQQ,PHL-y46v,Andok's - Alfonso 2 ( Luksuhin ),Yes,FP_PH_20260525T135439_PHL-y46v,salesforce_acquisition,2026-05-25 13:54:39,3015,File does not look like a restaurant menu,Not a Menu Document,"The file does not look like a restaurant menu.
        Please upload a clear menu (with items and prices) and ensure the content is not a receipt,
        flyer, or unrelated image.",salesforce_acquisition/FP_PH_20260525T135439_PHL-y46v.json,https://console.cloud.google.com/storage/browser/dh-menu-digitalised-images-prod/salesforce_acquisition/FP_PH_20260525T135439_PHL-y46v,,,
FP_PH,500bO00000t5T0BQAU,2026-05-25 13:46:31,Closed,HT0EKC,PHL-eflw,Andok's - Naic 1,Yes,FP_PH_20260525T134626_PHL-eflw,salesforce_acquisition,2026-05-25 13:46:26,3015,File does not look like a restaurant menu,Not a Menu Document,"The file does not look like a restaurant menu.
        Please upload a clear menu (with items and prices) and ensure the content is not a receipt,
        flyer, or unrelated image.",salesforce_acquisition/FP_PH_20260525T134626_PHL-eflw.json,https://console.cloud.google.com/storage/browser/dh-menu-digitalised-images-prod/salesforce_acquisition/FP_PH_20260525T134626_PHL-eflw,,,
FP_PH,500bO00000t5Y32QAE,2026-05-25 13:38:55,Closed,HT0EKO,PHL-c16y,Andok's - Alfonso 3,Yes,FP_PH_20260525T133848_PHL-c16y,salesforce_acquisition,2026-05-25 13:38:48,3015,File does not look like a restaurant menu,Not a Menu Document,"The file does not look like a restaurant menu.
        Please upload a clear menu (with items and prices) and ensure the content is not a receipt,
        flyer, or unrelated image.",salesforce_acquisition/FP_PH_20260525T133848_PHL-c16y.json,https://console.cloud.google.com/storage/browser/dh-menu-digitalised-images-prod/salesforce_acquisition/FP_PH_20260525T133848_PHL-c16y,,,
FP_PH,500bO00000t5VgEQAU,2026-05-25 13:35:02,Closed,HT0EK9,PHL-odwv,Andok's - Sabang Cavite,Yes,FP_PH_20260525T133455_PHL-odwv,salesforce_acquisition,2026-05-25 13:34:55,3015,File does not look like a restaurant menu,Not a Menu Document,"The file does not look like a restaurant menu.
        Please upload a clear menu (with items and prices) and ensure the content is not a receipt,
        flyer, or unrelated image.",salesforce_acquisition/FP_PH_20260525T133455_PHL-odwv.json,https://console.cloud.google.com/storage/browser/dh-menu-digitalised-images-prod/salesforce_acquisition/FP_PH_20260525T133455_PHL-odwv,,,
FP_PH,500bO00000t5ZgbQAE,2026-05-25 13:32:41,Closed,HTA2GO,PHL-hqoz,Andok's - Imus 5,Yes,FP_PH_20260525T133236_PHL-hqoz,salesforce_acquisition,2026-05-25 13:32:36,3015,File does not look like a restaurant menu,Not a Menu Document,"The file does not look like a restaurant menu.
        Please upload a clear menu (with items and prices) and ensure the content is not a receipt,
        flyer, or unrelated image.",salesforce_acquisition/FP_PH_20260525T133236_PHL-hqoz.json,https://console.cloud.google.com/storage/browser/dh-menu-digitalised-images-prod/salesforce_acquisition/FP_PH_20260525T133236_PHL-hqoz,,,
FP_PH,500bO00000t4z28QAA,2026-05-25 13:31:42,Closed,HTWQ0B,PHL-l17j,Andok's - Pansol,Yes,FP_PH_20260525T133137_PHL-l17j,salesforce_acquisition,2026-05-25 13:31:37,3015,File does not look like a restaurant menu,Not a Menu Document,"The file does not look like a restaurant menu.
        Please upload a clear menu (with items and prices) and ensure the content is not a receipt,
        flyer, or unrelated image.",salesforce_acquisition/FP_PH_20260525T133137_PHL-l17j.json,https://console.cloud.google.com/storage/browser/dh-menu-digitalised-images-prod/salesforce_acquisition/FP_PH_20260525T133137_PHL-l17j,,,
FP_PH,500bO00000t5WCWQA2,2026-05-25 13:29:29,Closed,HTWUOW,PHL-w15r,Andok's - Silang 2,Yes,FP_PH_20260525T132855_PHL-w15r,salesforce_acquisition,2026-05-25 13:28:55,3015,File does not look like a restaurant menu,Not a Menu Document,"The file does not look like a restaurant menu.
        Please upload a clear menu (with items and prices) and ensure the content is not a receipt,
        flyer, or unrelated image.",salesforce_acquisition/FP_PH_20260525T132855_PHL-w15r.json,https://console.cloud.google.com/storage/browser/dh-menu-digitalised-images-prod/salesforce_acquisition/FP_PH_20260525T132855_PHL-w15r,,,
FP_PH,500bO00000t5VLIQA2,2026-05-25 13:25:05,Closed,HTWQ0K,PHL-enqy,Andok's - Pulo,Yes,FP_PH_20260525T132500_PHL-enqy,salesforce_acquisition,2026-05-25 13:25:00,3015,File does not look like a restaurant menu,Not a Menu Document,"The file does not look like a restaurant menu.
        Please upload a clear menu (with items and prices) and ensure the content is not a receipt,
        flyer, or unrelated image.",salesforce_acquisition/FP_PH_20260525T132500_PHL-enqy.json,https://console.cloud.google.com/storage/browser/dh-menu-digitalised-images-prod/salesforce_acquisition/FP_PH_20260525T132500_PHL-enqy,,,
FP_PH,500bO00000t58QOQAY,2026-05-25 13:18:15,Closed,HT0EK1,PHL-t2gs,Andok's - Patindig Araw,Yes,FP_PH_20260525T131810_PHL-t2gs,salesforce_acquisition,2026-05-25 13:18:10,3015,File does not look like a restaurant menu,Not a Menu Document,"The file does not look like a restaurant menu.
        Please upload a clear menu (with items and prices) and ensure the content is not a receipt,
        flyer, or unrelated image.",salesforce_acquisition/FP_PH_20260525T131810_PHL-t2gs.json,https://console.cloud.google.com/storage/browser/dh-menu-digitalised-images-prod/salesforce_acquisition/FP_PH_20260525T131810_PHL-t2gs,,,
FP_PH,500bO00000t5VMuQAM,2026-05-25 13:16:37,Closed,HTA05M,PHL-fe7t,Andok's - Carmona 2,Yes,FP_PH_20260525T131632_PHL-fe7t,salesforce_acquisition,2026-05-25 13:16:32,3015,File does not look like a restaurant menu,Not a Menu Document,"The file does not look like a restaurant menu.
        Please upload a clear menu (with items and prices) and ensure the content is not a receipt,
        flyer, or unrelated image.",salesforce_acquisition/FP_PH_20260525T131632_PHL-fe7t.json,https://console.cloud.google.com/storage/browser/dh-menu-digitalised-images-prod/salesforce_acquisition/FP_PH_20260525T131632_PHL-fe7t,,,
FP_PH,500bO00000t5WcHQAU,2026-05-25 13:15:39,Closed,HT0EKX,PHL-l18m,Andok's - Pasong Camachile,Yes,FP_PH_20260525T131533_PHL-l18m,salesforce_acquisition,2026-05-25 13:15:33,3015,File does not look like a restaurant menu,Not a Menu Document,"The file does not look like a restaurant menu.
        Please upload a clear menu (with items and prices) and ensure the content is not a receipt,
        flyer, or unrelated image.",salesforce_acquisition/FP_PH_20260525T131533_PHL-l18m.json,https://console.cloud.google.com/storage/browser/dh-menu-digitalised-images-prod/salesforce_acquisition/FP_PH_20260525T131533_PHL-l18m,,,
FP_PH,500bO00000t4l8oQAA,2026-05-25 13:13:13,Closed,HTAAFO,PHL-jvc8,"Andok's - San Pedro 4, San Antonio",Yes,FP_PH_20260525T131245_PHL-jvc8,salesforce_acquisition,2026-05-25 13:12:46,3015,File does not look like a restaurant menu,Not a Menu Document,"The file does not look like a restaurant menu.
        Please upload a clear menu (with items and prices) and ensure the content is not a receipt,
        flyer, or unrelated image.",salesforce_acquisition/FP_PH_20260525T131245_PHL-jvc8.json,https://console.cloud.google.com/storage/browser/dh-menu-digitalised-images-prod/salesforce_acquisition/FP_PH_20260525T131245_PHL-jvc8,,,
FP_PH,500bO00000t5PnlQAE,2026-05-25 13:07:01,Closed,HRP85A,PHL-k2xw,Andok's - Tanauan 2,Yes,FP_PH_20260525T130655_PHL-k2xw,salesforce_acquisition,2026-05-25 13:06:56,3015,File does not look like a restaurant menu,Not a Menu Document,"The file does not look like a restaurant menu.
        Please upload a clear menu (with items and prices) and ensure the content is not a receipt,
        flyer, or unrelated image.",salesforce_acquisition/FP_PH_20260525T130655_PHL-k2xw.json,https://console.cloud.google.com/storage/browser/dh-menu-digitalised-images-prod/salesforce_acquisition/FP_PH_20260525T130655_PHL-k2xw,,,
FP_PH,500bO00000t4vg5QAA,2026-05-25 12:55:55,Closed,HR2758,PHL-tffx,Andok's - Padre Garcia 2,Yes,FP_PH_20260525T125550_PHL-tffx,salesforce_acquisition,2026-05-25 12:55:50,3015,File does not look like a restaurant menu,Not a Menu Document,"The file does not look like a restaurant menu.
        Please upload a clear menu (with items and prices) and ensure the content is not a receipt,
        flyer, or unrelated image.",salesforce_acquisition/FP_PH_20260525T125550_PHL-tffx.json,https://console.cloud.google.com/storage/browser/dh-menu-digitalised-images-prod/salesforce_acquisition/FP_PH_20260525T125550_PHL-tffx,,,
FP_PH,500bO00000t5J7IQAU,2026-05-25 12:43:08,Closed,HT0EK5,PHL-gjki,Andok's - GMA 4,Yes,FP_PH_20260525T124303_PHL-gjki,salesforce_acquisition,2026-05-25 12:43:03,3015,File does not look like a restaurant menu,Not a Menu Document,"The file does not look like a restaurant menu.
        Please upload a clear menu (with items and prices) and ensure the content is not a receipt,
        flyer, or unrelated image.",salesforce_acquisition/FP_PH_20260525T124303_PHL-gjki.json,https://console.cloud.google.com/storage/browser/dh-menu-digitalised-images-prod/salesforce_acquisition/FP_PH_20260525T124303_PHL-gjki,,,
FP_PH,500bO00000t4kcWQAQ,2026-05-25 12:31:42,Closed,HTAACB,PHL-s3a6,Andok's - San Pedro 5 (4DR food hub),Yes,FP_PH_20260525T123136_PHL-s3a6,salesforce_acquisition,2026-05-25 12:31:36,3015,File does not look like a restaurant menu,Not a Menu Document,"The file does not look like a restaurant menu.
        Please upload a clear menu (with items and prices) and ensure the content is not a receipt,
        flyer, or unrelated image.",salesforce_acquisition/FP_PH_20260525T123136_PHL-s3a6.json,https://console.cloud.google.com/storage/browser/dh-menu-digitalised-images-prod/salesforce_acquisition/FP_PH_20260525T123136_PHL-s3a6,,,
FP_PH,500bO00000t5MEpQAM,2026-05-25 12:29:22,Closed,HTPF7S,PHL-syv0,Andok's - Pagsanjan,Yes,FP_PH_20260525T122917_PHL-syv0,salesforce_acquisition,2026-05-25 12:29:17,3015,File does not look like a restaurant menu,Not a Menu Document,"The file does not look like a restaurant menu.
        Please upload a clear menu (with items and prices) and ensure the content is not a receipt,
        flyer, or unrelated image.",salesforce_acquisition/FP_PH_20260525T122917_PHL-syv0.json,https://console.cloud.google.com/storage/browser/dh-menu-digitalised-images-prod/salesforce_acquisition/FP_PH_20260525T122917_PHL-syv0,,,
FP_PH,500bO00000t4ihCQAQ,2026-05-25 12:26:57,Closed,HT0EKM,,Andok's - Naic 2,Yes,FP_PH_20260525T122653_PHL-nsg8,salesforce_acquisition,2026-05-25 12:26:53,3015,File does not look like a restaurant menu,Not a Menu Document,"The file does not look like a restaurant menu.
        Please upload a clear menu (with items and prices) and ensure the content is not a receipt,
        flyer, or unrelated image.",salesforce_acquisition/FP_PH_20260525T122653_PHL-nsg8.json,https://console.cloud.google.com/storage/browser/dh-menu-digitalised-images-prod/salesforce_acquisition/FP_PH_20260525T122653_PHL-nsg8,,,
FP_PH,500bO00000t5CiYQAU,2026-05-25 12:24:23,Closed,HTRBA1,PHL-fvd8,Andok's - Molino 3,Yes,FP_PH_20260525T122418_PHL-fvd8,salesforce_acquisition,2026-05-25 12:24:18,3015,File does not look like a restaurant menu,Not a Menu Document,"The file does not look like a restaurant menu.
        Please upload a clear menu (with items and prices) and ensure the content is not a receipt,
        flyer, or unrelated image.",salesforce_acquisition/FP_PH_20260525T122418_PHL-fvd8.json,https://console.cloud.google.com/storage/browser/dh-menu-digitalised-images-prod/salesforce_acquisition/FP_PH_20260525T122418_PHL-fvd8,,,
FP_PH,500bO00000t4x9wQAA,2026-05-25 12:24:14,Closed,HTRBAN,PHL-olqm,Andok's - Molino 2,Yes,FP_PH_20260525T122410_PHL-olqm,salesforce_acquisition,2026-05-25 12:24:10,3015,File does not look like a restaurant menu,Not a Menu Document,"The file does not look like a restaurant menu.
        Please upload a clear menu (with items and prices) and ensure the content is not a receipt,
        flyer, or unrelated image.",salesforce_acquisition/FP_PH_20260525T122410_PHL-olqm.json,https://console.cloud.google.com/storage/browser/dh-menu-digitalised-images-prod/salesforce_acquisition/FP_PH_20260525T122410_PHL-olqm,,,
FP_PH,500bO00000t5Oq3QAE,2026-05-25 12:19:10,Closed,HTRBZF,PHL-rfah,Andok's - Mendez,Yes,FP_PH_20260525T121904_PHL-rfah,salesforce_acquisition,2026-05-25 12:19:04,3015,File does not look like a restaurant menu,Not a Menu Document,"The file does not look like a restaurant menu.
        Please upload a clear menu (with items and prices) and ensure the content is not a receipt,
        flyer, or unrelated image.",salesforce_acquisition/FP_PH_20260525T121904_PHL-rfah.json,https://console.cloud.google.com/storage/browser/dh-menu-digitalised-images-prod/salesforce_acquisition/FP_PH_20260525T121904_PHL-rfah,,,
FP_PH,500bO00000t56lHQAQ,2026-05-25 12:16:34,Closed,HWWW6M,PHL-shrc,Andok's - Malagasang,Yes,FP_PH_20260525T121629_PHL-shrc,salesforce_acquisition,2026-05-25 12:16:29,3015,File does not look like a restaurant menu,Not a Menu Document,"The file does not look like a restaurant menu.
        Please upload a clear menu (with items and prices) and ensure the content is not a receipt,
        flyer, or unrelated image.",salesforce_acquisition/FP_PH_20260525T121629_PHL-shrc.json,https://console.cloud.google.com/storage/browser/dh-menu-digitalised-images-prod/salesforce_acquisition/FP_PH_20260525T121629_PHL-shrc,,,
FP_PH,500bO00000t5BEbQAM,2026-05-25 12:14:05,Closed,HTRBWZ,PHL-gtm3,Andok's - Malabon GTR,Yes,FP_PH_20260525T121400_PHL-gtm3,salesforce_acquisition,2026-05-25 12:14:00,3015,File does not look like a restaurant menu,Not a Menu Document,"The file does not look like a restaurant menu.
        Please upload a clear menu (with items and prices) and ensure the content is not a receipt,
        flyer, or unrelated image.",salesforce_acquisition/FP_PH_20260525T121400_PHL-gtm3.json,https://console.cloud.google.com/storage/browser/dh-menu-digitalised-images-prod/salesforce_acquisition/FP_PH_20260525T121400_PHL-gtm3,,,
FP_PH,500bO00000t5Fy8QAE,2026-05-25 12:09:15,Closed,HTRBRB,PHL-w3j8,Andok's - Molino 4,Yes,FP_PH_20260525T120909_PHL-w3j8,salesforce_acquisition,2026-05-25 12:09:09,3015,File does not look like a restaurant menu,Not a Menu Document,"The file does not look like a restaurant menu.
        Please upload a clear menu (with items and prices) and ensure the content is not a receipt,
        flyer, or unrelated image.",salesforce_acquisition/FP_PH_20260525T120909_PHL-w3j8.json,https://console.cloud.google.com/storage/browser/dh-menu-digitalised-images-prod/salesforce_acquisition/FP_PH_20260525T120909_PHL-w3j8,,,
FP_PH,500bO00000t4tUZQAY,2026-05-25 11:56:00,Closed,HT0EKF,PHL-yudc,Andok's - Molino 5,Yes,FP_PH_20260525T115554_PHL-yudc,salesforce_acquisition,2026-05-25 11:55:54,3015,File does not look like a restaurant menu,Not a Menu Document,"The file does not look like a restaurant menu.
        Please upload a clear menu (with items and prices) and ensure the content is not a receipt,
        flyer, or unrelated image.",salesforce_acquisition/FP_PH_20260525T115554_PHL-yudc.json,https://console.cloud.google.com/storage/browser/dh-menu-digitalised-images-prod/salesforce_acquisition/FP_PH_20260525T115554_PHL-yudc,,,
FP_PH,500bO00000t57FlQAI,2026-05-25 11:47:32,Closed,HTRBZQ,PHL-j3wm,Andok's - Maguyam,Yes,FP_PH_20260525T114717_PHL-j3wm,salesforce_acquisition,2026-05-25 11:47:17,3015,File does not look like a restaurant menu,Not a Menu Document,"The file does not look like a restaurant menu.
        Please upload a clear menu (with items and prices) and ensure the content is not a receipt,
        flyer, or unrelated image.",salesforce_acquisition/FP_PH_20260525T114717_PHL-j3wm.json,https://console.cloud.google.com/storage/browser/dh-menu-digitalised-images-prod/salesforce_acquisition/FP_PH_20260525T114717_PHL-j3wm,,,
FP_PH,500bO00000t54xoQAA,2026-05-25 11:44:40,Closed,HRP80L,PHL-kpzd,Andok's - Lankaan,Yes,FP_PH_20260525T114426_PHL-kpzd,salesforce_acquisition,2026-05-25 11:44:26,3015,File does not look like a restaurant menu,Not a Menu Document,"The file does not look like a restaurant menu.
        Please upload a clear menu (with items and prices) and ensure the content is not a receipt,
        flyer, or unrelated image.",salesforce_acquisition/FP_PH_20260525T114426_PHL-kpzd.json,https://console.cloud.google.com/storage/browser/dh-menu-digitalised-images-prod/salesforce_acquisition/FP_PH_20260525T114426_PHL-kpzd,,,
FP_PH,500bO00000t4n5vQAA,2026-05-25 11:37:32,Closed,HTRBWY,PHL-ow2g,Andok's - Molino 1,Yes,FP_PH_20260525T113727_PHL-ow2g,salesforce_acquisition,2026-05-25 11:37:27,3015,File does not look like a restaurant menu,Not a Menu Document,"The file does not look like a restaurant menu.
        Please upload a clear menu (with items and prices) and ensure the content is not a receipt,
        flyer, or unrelated image.",salesforce_acquisition/FP_PH_20260525T113727_PHL-ow2g.json,https://console.cloud.google.com/storage/browser/dh-menu-digitalised-images-prod/salesforce_acquisition/FP_PH_20260525T113727_PHL-ow2g,,,
FP_PH,500bO00000t53fBQAQ,2026-05-25 11:31:11,Closed,HTRBZG,PHL-zhxl,Andok's - La Salle,Yes,FP_PH_20260525T113106_PHL-zhxl,salesforce_acquisition,2026-05-25 11:31:06,3015,File does not look like a restaurant menu,Not a Menu Document,"The file does not look like a restaurant menu.
        Please upload a clear menu (with items and prices) and ensure the content is not a receipt,
        flyer, or unrelated image.",salesforce_acquisition/FP_PH_20260525T113106_PHL-zhxl.json,https://console.cloud.google.com/storage/browser/dh-menu-digitalised-images-prod/salesforce_acquisition/FP_PH_20260525T113106_PHL-zhxl,,,
FP_PH,500bO00000t4o6nQAA,2026-05-25 11:25:36,Closed,HRP8NV,PHL-kamd,Andok's - Justinville,Yes,FP_PH_20260525T112531_PHL-kamd,salesforce_acquisition,2026-05-25 11:25:31,3015,File does not look like a restaurant menu,Not a Menu Document,"The file does not look like a restaurant menu.
        Please upload a clear menu (with items and prices) and ensure the content is not a receipt,
        flyer, or unrelated image.",salesforce_acquisition/FP_PH_20260525T112531_PHL-kamd.json,https://console.cloud.google.com/storage/browser/dh-menu-digitalised-images-prod/salesforce_acquisition/FP_PH_20260525T112531_PHL-kamd,,,
FP_PH,500bO00000t4iAwQAI,2026-05-25 11:22:35,Closed,HTA55R,PHL-k95i,Andok's - Imus 1,Yes,FP_PH_20260525T112215_PHL-k95i,salesforce_acquisition,2026-05-25 11:22:15,3015,File does not look like a restaurant menu,Not a Menu Document,"The file does not look like a restaurant menu.
        Please upload a clear menu (with items and prices) and ensure the content is not a receipt,
        flyer, or unrelated image.",salesforce_acquisition/FP_PH_20260525T112215_PHL-k95i.json,https://console.cloud.google.com/storage/browser/dh-menu-digitalised-images-prod/salesforce_acquisition/FP_PH_20260525T112215_PHL-k95i,,,
FP_PH,500bO00000t5DJYQA2,2026-05-25 11:21:27,Closed,HWLZQL,PHL-pc65,Andok's - Tanauan 1,Yes,FP_PH_20260525T112122_PHL-pc65,salesforce_acquisition,2026-05-25 11:21:22,3015,File does not look like a restaurant menu,Not a Menu Document,"The file does not look like a restaurant menu.
        Please upload a clear menu (with items and prices) and ensure the content is not a receipt,
        flyer, or unrelated image.",salesforce_acquisition/FP_PH_20260525T112122_PHL-pc65.json,https://console.cloud.google.com/storage/browser/dh-menu-digitalised-images-prod/salesforce_acquisition/FP_PH_20260525T112122_PHL-pc65,,,
FP_PH,500bO00000t5CnHQAU,2026-05-25 11:12:54,Closed,HTA5OZ,PHL-gqiu,"Andok's - Greenvalley, Bacoor",Yes,FP_PH_20260525T111248_PHL-gqiu,salesforce_acquisition,2026-05-25 11:12:48,3015,File does not look like a restaurant menu,Not a Menu Document,"The file does not look like a restaurant menu.
        Please upload a clear menu (with items and prices) and ensure the content is not a receipt,
        flyer, or unrelated image.",salesforce_acquisition/FP_PH_20260525T111248_PHL-gqiu.json,https://console.cloud.google.com/storage/browser/dh-menu-digitalised-images-prod/salesforce_acquisition/FP_PH_20260525T111248_PHL-gqiu,,,
FP_PH,500bO00000t5Af0QAE,2026-05-25 10:47:36,Closed,HTA5JU,PHL-vfrr,Andok's - Golden City,Yes,FP_PH_20260525T104730_PHL-vfrr,salesforce_acquisition,2026-05-25 10:47:31,3015,File does not look like a restaurant menu,Not a Menu Document,"The file does not look like a restaurant menu.
        Please upload a clear menu (with items and prices) and ensure the content is not a receipt,
        flyer, or unrelated image.",salesforce_acquisition/FP_PH_20260525T104730_PHL-vfrr.json,https://console.cloud.google.com/storage/browser/dh-menu-digitalised-images-prod/salesforce_acquisition/FP_PH_20260525T104730_PHL-vfrr,,,
FP_PH,500bO00000t4abeQAA,2026-05-25 10:44:44,Closed,HTA5O3,PHL-ot21,Andok's - GMA 2,Yes,FP_PH_20260525T104438_PHL-ot21,salesforce_acquisition,2026-05-25 10:44:38,3015,File does not look like a restaurant menu,Not a Menu Document,"The file does not look like a restaurant menu.
        Please upload a clear menu (with items and prices) and ensure the content is not a receipt,
        flyer, or unrelated image.",salesforce_acquisition/FP_PH_20260525T104438_PHL-ot21.json,https://console.cloud.google.com/storage/browser/dh-menu-digitalised-images-prod/salesforce_acquisition/FP_PH_20260525T104438_PHL-ot21,,,
FP_PH,500bO00000t56YBQAY,2026-05-25 10:42:05,Closed,HTA5J7,PHL-fmri,Andok's - GMA 1,Yes,FP_PH_20260525T104153_PHL-fmri,salesforce_acquisition,2026-05-25 10:41:53,3015,File does not look like a restaurant menu,Not a Menu Document,"The file does not look like a restaurant menu.
        Please upload a clear menu (with items and prices) and ensure the content is not a receipt,
        flyer, or unrelated image.",salesforce_acquisition/FP_PH_20260525T104153_PHL-fmri.json,https://console.cloud.google.com/storage/browser/dh-menu-digitalised-images-prod/salesforce_acquisition/FP_PH_20260525T104153_PHL-fmri,,,
FP_PH,500bO00000t4jDUQAY,2026-05-25 10:24:57,Closed,HTA5OM,PHL-b7z9,Andok's - Gen. Trias 1,Yes,FP_PH_20260525T102452_PHL-b7z9,salesforce_acquisition,2026-05-25 10:24:52,3015,File does not look like a restaurant menu,Not a Menu Document,"The file does not look like a restaurant menu.
        Please upload a clear menu (with items and prices) and ensure the content is not a receipt,
        flyer, or unrelated image.",salesforce_acquisition/FP_PH_20260525T102452_PHL-b7z9.json,https://console.cloud.google.com/storage/browser/dh-menu-digitalised-images-prod/salesforce_acquisition/FP_PH_20260525T102452_PHL-b7z9,,,
FP_PH,500bO00000t4dzHQAQ,2026-05-25 10:22:21,Closed,HTA5JD,PHL-n4zx,Andok's - Dasmarinas 4,Yes,FP_PH_20260525T102215_PHL-n4zx,salesforce_acquisition,2026-05-25 10:22:15,3015,File does not look like a restaurant menu,Not a Menu Document,"The file does not look like a restaurant menu.
        Please upload a clear menu (with items and prices) and ensure the content is not a receipt,
        flyer, or unrelated image.",salesforce_acquisition/FP_PH_20260525T102215_PHL-n4zx.json,https://console.cloud.google.com/storage/browser/dh-menu-digitalised-images-prod/salesforce_acquisition/FP_PH_20260525T102215_PHL-n4zx,,,
FP_PH,500bO00000t4wvNQAQ,2026-05-25 10:06:44,Closed,HTA05Q,PHL-tgrk,Andok's - Cavite City,Yes,FP_PH_20260525T100638_PHL-tgrk,salesforce_acquisition,2026-05-25 10:06:38,3015,File does not look like a restaurant menu,Not a Menu Document,"The file does not look like a restaurant menu.
        Please upload a clear menu (with items and prices) and ensure the content is not a receipt,
        flyer, or unrelated image.",salesforce_acquisition/FP_PH_20260525T100638_PHL-tgrk.json,https://console.cloud.google.com/storage/browser/dh-menu-digitalised-images-prod/salesforce_acquisition/FP_PH_20260525T100638_PHL-tgrk,,,
FP_PH,500bO00000t4jrlQAA,2026-05-25 10:03:39,Closed,HTA5ON,PHL-myhg,Andok's - Brookeside,Yes,FP_PH_20260525T100334_PHL-myhg,salesforce_acquisition,2026-05-25 10:03:34,3015,File does not look like a restaurant menu,Not a Menu Document,"The file does not look like a restaurant menu.
        Please upload a clear menu (with items and prices) and ensure the content is not a receipt,
        flyer, or unrelated image.",salesforce_acquisition/FP_PH_20260525T100334_PHL-myhg.json,https://console.cloud.google.com/storage/browser/dh-menu-digitalised-images-prod/salesforce_acquisition/FP_PH_20260525T100334_PHL-myhg,,,
FP_PH,500bO00000t43NvQAI,2026-05-25 09:50:17,Closed,HTA0YW,PHL-lvxr,Andok's - Bagtas,Yes,FP_PH_20260525T095012_PHL-lvxr,salesforce_acquisition,2026-05-25 09:50:12,3015,File does not look like a restaurant menu,Not a Menu Document,"The file does not look like a restaurant menu.
        Please upload a clear menu (with items and prices) and ensure the content is not a receipt,
        flyer, or unrelated image.",salesforce_acquisition/FP_PH_20260525T095012_PHL-lvxr.json,https://console.cloud.google.com/storage/browser/dh-menu-digitalised-images-prod/salesforce_acquisition/FP_PH_20260525T095012_PHL-lvxr,,,
FP_PH,500bO00000t4qDFQAY,2026-05-25 09:47:33,Closed,HTA0U1,PHL-bcs8,Andok's - Amparo,Yes,FP_PH_20260525T094729_PHL-bcs8,salesforce_acquisition,2026-05-25 09:47:29,3015,File does not look like a restaurant menu,Not a Menu Document,"The file does not look like a restaurant menu.
        Please upload a clear menu (with items and prices) and ensure the content is not a receipt,
        flyer, or unrelated image.",salesforce_acquisition/FP_PH_20260525T094729_PHL-bcs8.json,https://console.cloud.google.com/storage/browser/dh-menu-digitalised-images-prod/salesforce_acquisition/FP_PH_20260525T094729_PHL-bcs8,,,
FP_PH,500bO00000t4c8iQAA,2026-05-25 09:23:32,Closed,HTRBK6,PHL-c2or,Andok's - Ligtong,Yes,FP_PH_20260525T092328_PHL-c2or,salesforce_acquisition,2026-05-25 09:23:28,3015,File does not look like a restaurant menu,Not a Menu Document,"The file does not look like a restaurant menu.
        Please upload a clear menu (with items and prices) and ensure the content is not a receipt,
        flyer, or unrelated image.",salesforce_acquisition/FP_PH_20260525T092328_PHL-c2or.json,https://console.cloud.google.com/storage/browser/dh-menu-digitalised-images-prod/salesforce_acquisition/FP_PH_20260525T092328_PHL-c2or,,,
FP_PH,500bO00000t4kB5QAI,2026-05-25 09:21:36,Closed,HTRBWP,PHL-bl8d,Andok's - Molino 6,Yes,FP_PH_20260525T092046_PHL-bl8d,salesforce_acquisition,2026-05-25 09:20:46,3015,File does not look like a restaurant menu,Not a Menu Document,"The file does not look like a restaurant menu.
        Please upload a clear menu (with items and prices) and ensure the content is not a receipt,
        flyer, or unrelated image.",salesforce_acquisition/FP_PH_20260525T092046_PHL-bl8d.json,https://console.cloud.google.com/storage/browser/dh-menu-digitalised-images-prod/salesforce_acquisition/FP_PH_20260525T092046_PHL-bl8d,,,
FP_PH,500bO00000t4SnmQAE,2026-05-25 09:13:20,Closed,HT0EK7,PHL-siqz,Andok's - Naic 4,Yes,FP_PH_20260525T091314_PHL-siqz,salesforce_acquisition,2026-05-25 09:13:15,3015,File does not look like a restaurant menu,Not a Menu Document,"The file does not look like a restaurant menu.
        Please upload a clear menu (with items and prices) and ensure the content is not a receipt,
        flyer, or unrelated image.",salesforce_acquisition/FP_PH_20260525T091314_PHL-siqz.json,https://console.cloud.google.com/storage/browser/dh-menu-digitalised-images-prod/salesforce_acquisition/FP_PH_20260525T091314_PHL-siqz,,,
FP_PH,500bO00000t4WXzQAM,2026-05-25 09:09:37,Closed,HTSXCL,PHL-lmzf,Belle Eunice Soy Food House - San Juan Bautista,Yes,FP_PH_20260525T090930_PHL-lmzf,salesforce_acquisition,2026-05-25 09:09:31,3014,Image resolution too large (pixel count exceeds limit),MDS Technical Failure,"Image resolution is too large to process.
        Please resize the image to a smaller resolution and try again.
         tot 53186189 max 30000000",salesforce_acquisition/FP_PH_20260525T090930_PHL-lmzf.json,https://console.cloud.google.com/storage/browser/dh-menu-digitalised-images-prod/salesforce_acquisition/FP_PH_20260525T090930_PHL-lmzf,image_1.pdf,1.33,"File: 1.33 MB on disk. Pixel count: 53,186,189 px (+77.3% over 30M limit). High-DPI scan; minor compression would fix."
FP_PH,500bO00000t4fHpQAI,2026-05-25 08:51:18,Closed,HT08GU,PHL-sd7u,Saigon Table ( Chow ) - Batangas City,Yes,FP_PH_20260525T085113_PHL-sd7u,salesforce_acquisition,2026-05-25 08:51:14,3015,File does not look like a restaurant menu,Not a Menu Document,"The file does not look like a restaurant menu.
        Please upload a clear menu (with items and prices) and ensure the content is not a receipt,
        flyer, or unrelated image.",salesforce_acquisition/FP_PH_20260525T085113_PHL-sd7u.json,https://console.cloud.google.com/storage/browser/dh-menu-digitalised-images-prod/salesforce_acquisition/FP_PH_20260525T085113_PHL-sd7u,,,
FP_PH,500bO00000t4ScMQAU,2026-05-25 08:20:32,Closed,HT08GO,PHL-ftma,Tapsi Goals ( Chow ) - Batangas City,Yes,FP_PH_20260525T082019_PHL-ftma,salesforce_acquisition,2026-05-25 08:20:19,3015,File does not look like a restaurant menu,Not a Menu Document,"The file does not look like a restaurant menu.
        Please upload a clear menu (with items and prices) and ensure the content is not a receipt,
        flyer, or unrelated image.",salesforce_acquisition/FP_PH_20260525T082019_PHL-ftma.json,https://console.cloud.google.com/storage/browser/dh-menu-digitalised-images-prod/salesforce_acquisition/FP_PH_20260525T082019_PHL-ftma,,,
FP_PH,500bO00000t3skCQAQ,2026-05-25 07:19:39,Closed,HT083N,PHL-s67x,Wing Republik - Artiaga,Yes,FP_PH_20260525T071934_PHL-s67x,salesforce_acquisition,2026-05-25 07:19:34,3015,File does not look like a restaurant menu,Not a Menu Document,"The file does not look like a restaurant menu.
        Please upload a clear menu (with items and prices) and ensure the content is not a receipt,
        flyer, or unrelated image.",salesforce_acquisition/FP_PH_20260525T071934_PHL-s67x.json,https://console.cloud.google.com/storage/browser/dh-menu-digitalised-images-prod/salesforce_acquisition/FP_PH_20260525T071934_PHL-s67x,,,
FP_PH,500bO00000t3vN9QAI,2026-05-25 06:44:12,Closed,HTA0Y7,PHL-tlqj,Andok's - Bacoor 2,Yes,FP_PH_20260525T064406_PHL-tlqj,salesforce_acquisition,2026-05-25 06:44:06,3015,File does not look like a restaurant menu,Not a Menu Document,"The file does not look like a restaurant menu.
        Please upload a clear menu (with items and prices) and ensure the content is not a receipt,
        flyer, or unrelated image.",salesforce_acquisition/FP_PH_20260525T064406_PHL-tlqj.json,https://console.cloud.google.com/storage/browser/dh-menu-digitalised-images-prod/salesforce_acquisition/FP_PH_20260525T064406_PHL-tlqj,,,
FP_PH,500bO00000t4476QAA,2026-05-25 06:39:37,Closed,HT0EK2,PHL-fd8b,Andok's - Paliparan 1,Yes,FP_PH_20260525T063932_PHL-fd8b,salesforce_acquisition,2026-05-25 06:39:32,3015,File does not look like a restaurant menu,Not a Menu Document,"The file does not look like a restaurant menu.
        Please upload a clear menu (with items and prices) and ensure the content is not a receipt,
        flyer, or unrelated image.",salesforce_acquisition/FP_PH_20260525T063932_PHL-fd8b.json,https://console.cloud.google.com/storage/browser/dh-menu-digitalised-images-prod/salesforce_acquisition/FP_PH_20260525T063932_PHL-fd8b,,,
FP_PH,500bO00000t3zYnQAI,2026-05-25 06:34:35,Closed,HT084F,PHL-a7wm,Northside Kitchen - Lanang,Yes,FP_PH_20260525T063430_PHL-a7wm,salesforce_acquisition,2026-05-25 06:34:30,3015,File does not look like a restaurant menu,Not a Menu Document,"The file does not look like a restaurant menu.
        Please upload a clear menu (with items and prices) and ensure the content is not a receipt,
        flyer, or unrelated image.",salesforce_acquisition/FP_PH_20260525T063430_PHL-a7wm.json,https://console.cloud.google.com/storage/browser/dh-menu-digitalised-images-prod/salesforce_acquisition/FP_PH_20260525T063430_PHL-a7wm,,,
FP_PH,500bO00000t4AUBQA2,2026-05-25 06:29:57,Closed,HT08E6,PHL-jaht,Sulit Kitchen - Artiaga,Yes,FP_PH_20260525T062952_PHL-jaht,salesforce_acquisition,2026-05-25 06:29:53,3015,File does not look like a restaurant menu,Not a Menu Document,"The file does not look like a restaurant menu.
        Please upload a clear menu (with items and prices) and ensure the content is not a receipt,
        flyer, or unrelated image.",salesforce_acquisition/FP_PH_20260525T062952_PHL-jaht.json,https://console.cloud.google.com/storage/browser/dh-menu-digitalised-images-prod/salesforce_acquisition/FP_PH_20260525T062952_PHL-jaht,,,
FP_PH,500bO00000t3pROQAY,2026-05-25 04:35:00,Closed,HT08GX,PHL-xx06,Pizzakada ( Chow ) - Batangas City,Yes,FP_PH_20260525T043452_PHL-xx06,salesforce_acquisition,2026-05-25 04:34:53,3015,File does not look like a restaurant menu,Not a Menu Document,"The file does not look like a restaurant menu.
        Please upload a clear menu (with items and prices) and ensure the content is not a receipt,
        flyer, or unrelated image.",salesforce_acquisition/FP_PH_20260525T043452_PHL-xx06.json,https://console.cloud.google.com/storage/browser/dh-menu-digitalised-images-prod/salesforce_acquisition/FP_PH_20260525T043452_PHL-xx06,,,
FP_PH,500bO00000t3q41QAA,2026-05-25 04:28:25,Closed,HT08G0,PHL-tzyq,Ka-Sushi ( Chow ) - Batangas City,Yes,FP_PH_20260525T042819_PHL-tzyq,salesforce_acquisition,2026-05-25 04:28:19,3015,File does not look like a restaurant menu,Not a Menu Document,"The file does not look like a restaurant menu.
        Please upload a clear menu (with items and prices) and ensure the content is not a receipt,
        flyer, or unrelated image.",salesforce_acquisition/FP_PH_20260525T042819_PHL-tzyq.json,https://console.cloud.google.com/storage/browser/dh-menu-digitalised-images-prod/salesforce_acquisition/FP_PH_20260525T042819_PHL-tzyq,,,
FP_PH,500bO00000t3kTKQAY,2026-05-25 04:25:20,Closed,HTS9R5,PHL-me0y,K-Wings & Samgyup - Artiaga,Yes,FP_PH_20260525T042515_PHL-me0y,salesforce_acquisition,2026-05-25 04:25:15,3015,File does not look like a restaurant menu,Not a Menu Document,"The file does not look like a restaurant menu.
        Please upload a clear menu (with items and prices) and ensure the content is not a receipt,
        flyer, or unrelated image.",salesforce_acquisition/FP_PH_20260525T042515_PHL-me0y.json,https://console.cloud.google.com/storage/browser/dh-menu-digitalised-images-prod/salesforce_acquisition/FP_PH_20260525T042515_PHL-me0y,,,
FP_PH,500bO00000t3o73QAA,2026-05-25 04:12:22,Closed,HT0884,PHL-ai1u,Food Hub North - Lanang,Yes,FP_PH_20260525T041214_PHL-ai1u,salesforce_acquisition,2026-05-25 04:12:15,3015,File does not look like a restaurant menu,Not a Menu Document,"The file does not look like a restaurant menu.
        Please upload a clear menu (with items and prices) and ensure the content is not a receipt,
        flyer, or unrelated image.",salesforce_acquisition/FP_PH_20260525T041214_PHL-ai1u.json,https://console.cloud.google.com/storage/browser/dh-menu-digitalised-images-prod/salesforce_acquisition/FP_PH_20260525T041214_PHL-ai1u,,,
FP_PH,500bO00000t3lh3QAA,2026-05-25 03:42:41,Closed,HTNXUF,PHL-f2zb,Chooks to Go - Ubalde,Yes,FP_PH_20260525T034236_PHL-f2zb,salesforce_acquisition,2026-05-25 03:42:36,3015,File does not look like a restaurant menu,Not a Menu Document,"The file does not look like a restaurant menu.
        Please upload a clear menu (with items and prices) and ensure the content is not a receipt,
        flyer, or unrelated image.",salesforce_acquisition/FP_PH_20260525T034236_PHL-f2zb.json,https://console.cloud.google.com/storage/browser/dh-menu-digitalised-images-prod/salesforce_acquisition/FP_PH_20260525T034236_PHL-f2zb,,,
FP_PH,500bO00000t3lU9QAI,2026-05-25 03:37:54,Closed,HTA2DI,PHL-h8wg,Andok's - Imus 4,Yes,FP_PH_20260525T054724_PHL-h8wg,salesforce_acquisition,2026-05-25 05:47:24,3015,File does not look like a restaurant menu,Not a Menu Document,"The file does not look like a restaurant menu.
        Please upload a clear menu (with items and prices) and ensure the content is not a receipt,
        flyer, or unrelated image.",salesforce_acquisition/FP_PH_20260525T054724_PHL-h8wg.json,https://console.cloud.google.com/storage/browser/dh-menu-digitalised-images-prod/salesforce_acquisition/FP_PH_20260525T054724_PHL-h8wg,,,
FP_PH,500bO00000t3XeGQAU,2026-05-25 03:33:44,Closed,HTA28T,PHL-xdtm,Andok's - Imus 7,Yes,FP_PH_20260525T054535_PHL-xdtm,salesforce_acquisition,2026-05-25 05:45:35,3015,File does not look like a restaurant menu,Not a Menu Document,"The file does not look like a restaurant menu.
        Please upload a clear menu (with items and prices) and ensure the content is not a receipt,
        flyer, or unrelated image.",salesforce_acquisition/FP_PH_20260525T054535_PHL-xdtm.json,https://console.cloud.google.com/storage/browser/dh-menu-digitalised-images-prod/salesforce_acquisition/FP_PH_20260525T054535_PHL-xdtm,,,
FP_PH,500bO00000t3b5AQAQ,2026-05-25 02:58:17,Closed,HTA284,PHL-dvz3,Andok's - Imus 6,Yes,FP_PH_20260525T054619_PHL-dvz3,salesforce_acquisition,2026-05-25 05:46:19,3015,File does not look like a restaurant menu,Not a Menu Document,"The file does not look like a restaurant menu.
        Please upload a clear menu (with items and prices) and ensure the content is not a receipt,
        flyer, or unrelated image.",salesforce_acquisition/FP_PH_20260525T054619_PHL-dvz3.json,https://console.cloud.google.com/storage/browser/dh-menu-digitalised-images-prod/salesforce_acquisition/FP_PH_20260525T054619_PHL-dvz3,,,
FP_PH,500bO00000t3aVdQAI,2026-05-25 02:54:54,Closed,HWWWLP,PHL-ra6v,Andok's - Kadiwa,Yes,FP_PH_20260525T054451_PHL-ra6v,salesforce_acquisition,2026-05-25 05:44:51,3015,File does not look like a restaurant menu,Not a Menu Document,"The file does not look like a restaurant menu.
        Please upload a clear menu (with items and prices) and ensure the content is not a receipt,
        flyer, or unrelated image.",salesforce_acquisition/FP_PH_20260525T054451_PHL-ra6v.json,https://console.cloud.google.com/storage/browser/dh-menu-digitalised-images-prod/salesforce_acquisition/FP_PH_20260525T054451_PHL-ra6v,,,
FP_PH,500bO00000t3OT6QAM,2026-05-25 02:49:39,Closed,HTA55Q,PHL-pbb3,Andok's - Imus 3,Yes,FP_PH_20260525T054644_PHL-pbb3,salesforce_acquisition,2026-05-25 05:46:44,3015,File does not look like a restaurant menu,Not a Menu Document,"The file does not look like a restaurant menu.
        Please upload a clear menu (with items and prices) and ensure the content is not a receipt,
        flyer, or unrelated image.",salesforce_acquisition/FP_PH_20260525T054644_PHL-pbb3.json,https://console.cloud.google.com/storage/browser/dh-menu-digitalised-images-prod/salesforce_acquisition/FP_PH_20260525T054644_PHL-pbb3,,,
FP_PH,500bO00000t3fQMQAY,2026-05-25 02:45:41,Closed,HTA5OQ,PHL-t320,Andok's - Gen. Trias 2,Yes,FP_PH_20260525T054722_PHL-t320,salesforce_acquisition,2026-05-25 05:47:22,3015,File does not look like a restaurant menu,Not a Menu Document,"The file does not look like a restaurant menu.
        Please upload a clear menu (with items and prices) and ensure the content is not a receipt,
        flyer, or unrelated image.",salesforce_acquisition/FP_PH_20260525T054722_PHL-t320.json,https://console.cloud.google.com/storage/browser/dh-menu-digitalised-images-prod/salesforce_acquisition/FP_PH_20260525T054722_PHL-t320,,,
FP_PH,500bO00000t3h5ZQAQ,2026-05-25 02:41:29,Closed,HTA55D,PHL-pcat,Andok's - Gen. Trias 3,Yes,FP_PH_20260525T054745_PHL-pcat,salesforce_acquisition,2026-05-25 05:47:45,3015,File does not look like a restaurant menu,Not a Menu Document,"The file does not look like a restaurant menu.
        Please upload a clear menu (with items and prices) and ensure the content is not a receipt,
        flyer, or unrelated image.",salesforce_acquisition/FP_PH_20260525T054745_PHL-pcat.json,https://console.cloud.google.com/storage/browser/dh-menu-digitalised-images-prod/salesforce_acquisition/FP_PH_20260525T054745_PHL-pcat,,,
FP_PH,500bO00000t3DahQAE,2026-05-25 02:37:13,Closed,HZ9M94,PHL-dd2z,Andok's - Imus 2,Yes,FP_PH_20260525T054552_PHL-dd2z,salesforce_acquisition,2026-05-25 05:45:52,3015,File does not look like a restaurant menu,Not a Menu Document,"The file does not look like a restaurant menu.
        Please upload a clear menu (with items and prices) and ensure the content is not a receipt,
        flyer, or unrelated image.",salesforce_acquisition/FP_PH_20260525T054552_PHL-dd2z.json,https://console.cloud.google.com/storage/browser/dh-menu-digitalised-images-prod/salesforce_acquisition/FP_PH_20260525T054552_PHL-dd2z,,,
FP_PH,500bO00000t3c4IQAQ,2026-05-25 02:03:55,Closed,HTA5OH,PHL-r393,Andok's - GMA 3,Yes,FP_PH_20260525T054746_PHL-r393,salesforce_acquisition,2026-05-25 05:47:46,3015,File does not look like a restaurant menu,Not a Menu Document,"The file does not look like a restaurant menu.
        Please upload a clear menu (with items and prices) and ensure the content is not a receipt,
        flyer, or unrelated image.",salesforce_acquisition/FP_PH_20260525T054746_PHL-r393.json,https://console.cloud.google.com/storage/browser/dh-menu-digitalised-images-prod/salesforce_acquisition/FP_PH_20260525T054746_PHL-r393,,,
FP_PH,500bO00000t3b8FQAQ,2026-05-25 01:59:22,Closed,HTA5Y7,PHL-grs9,Andok's - Dasmarinas 1,Yes,FP_PH_20260525T054721_PHL-grs9,salesforce_acquisition,2026-05-25 05:47:21,3015,File does not look like a restaurant menu,Not a Menu Document,"The file does not look like a restaurant menu.
        Please upload a clear menu (with items and prices) and ensure the content is not a receipt,
        flyer, or unrelated image.",salesforce_acquisition/FP_PH_20260525T054721_PHL-grs9.json,https://console.cloud.google.com/storage/browser/dh-menu-digitalised-images-prod/salesforce_acquisition/FP_PH_20260525T054721_PHL-grs9,,,
FP_PH,500bO00000t3UutQAE,2026-05-25 01:55:30,Closed,HWS7A1,PHL-ir5c,Andok's - Dasmarinas 3,Yes,FP_PH_20260525T054904_PHL-ir5c,salesforce_acquisition,2026-05-25 05:49:05,3015,File does not look like a restaurant menu,Not a Menu Document,"The file does not look like a restaurant menu.
        Please upload a clear menu (with items and prices) and ensure the content is not a receipt,
        flyer, or unrelated image.",salesforce_acquisition/FP_PH_20260525T054904_PHL-ir5c.json,https://console.cloud.google.com/storage/browser/dh-menu-digitalised-images-prod/salesforce_acquisition/FP_PH_20260525T054904_PHL-ir5c,,,
FP_PH,500bO00000t3SOTQA2,2026-05-25 01:49:34,Closed,HTA5JZ,PHL-cdf0,Andok's - Dasmarinas 5,Yes,FP_PH_20260525T054743_PHL-cdf0,salesforce_acquisition,2026-05-25 05:47:44,3015,File does not look like a restaurant menu,Not a Menu Document,"The file does not look like a restaurant menu.
        Please upload a clear menu (with items and prices) and ensure the content is not a receipt,
        flyer, or unrelated image.",salesforce_acquisition/FP_PH_20260525T054743_PHL-cdf0.json,https://console.cloud.google.com/storage/browser/dh-menu-digitalised-images-prod/salesforce_acquisition/FP_PH_20260525T054743_PHL-cdf0,,,
FP_PH,500bO00000t3QHhQAM,2026-05-25 01:26:04,Closed,HRP8VA,PHL-pefh,Andok's - Amadeo 1,Yes,FP_PH_20260525T054441_PHL-pefh,salesforce_acquisition,2026-05-25 05:44:41,3015,File does not look like a restaurant menu,Not a Menu Document,"The file does not look like a restaurant menu.
        Please upload a clear menu (with items and prices) and ensure the content is not a receipt,
        flyer, or unrelated image.",salesforce_acquisition/FP_PH_20260525T054441_PHL-pefh.json,https://console.cloud.google.com/storage/browser/dh-menu-digitalised-images-prod/salesforce_acquisition/FP_PH_20260525T054441_PHL-pefh,,,
FP_PH,500bO00000t3PdLQAU,2026-05-25 01:16:54,Closed,HTA0J2,PHL-igyz,Andok's - Bacoor 4,Yes,FP_PH_20260525T054505_PHL-igyz,salesforce_acquisition,2026-05-25 05:45:05,3015,File does not look like a restaurant menu,Not a Menu Document,"The file does not look like a restaurant menu.
        Please upload a clear menu (with items and prices) and ensure the content is not a receipt,
        flyer, or unrelated image.",salesforce_acquisition/FP_PH_20260525T054505_PHL-igyz.json,https://console.cloud.google.com/storage/browser/dh-menu-digitalised-images-prod/salesforce_acquisition/FP_PH_20260525T054505_PHL-igyz,,,
FP_PH,500bO00000t3KU0QAM,2026-05-25 01:15:05,Closed,HT08DZ,PHL-u132,Busog Express - Artiaga,Yes,FP_PH_20260525T011458_PHL-u132,salesforce_acquisition,2026-05-25 01:14:58,3015,File does not look like a restaurant menu,Not a Menu Document,"The file does not look like a restaurant menu.
        Please upload a clear menu (with items and prices) and ensure the content is not a receipt,
        flyer, or unrelated image.",salesforce_acquisition/FP_PH_20260525T011458_PHL-u132.json,https://console.cloud.google.com/storage/browser/dh-menu-digitalised-images-prod/salesforce_acquisition/FP_PH_20260525T011458_PHL-u132,,,
FP_PK,500bO00000uSqD7QAK,2026-06-11 21:23:22,New,HTT88N,PAK-ecwm,Monaco Coffee,No,,,,,No DLQ record found (non-SCCS or pre-MDS failure),Not classified (no DLQ),,,,,,
FP_PK,500bO00000uSnvBQAS,2026-06-11 21:10:13,New,HTAGU2,PAK-n17l,Brewtl,No,,,,,No DLQ record found (non-SCCS or pre-MDS failure),Not classified (no DLQ),,,,,,
FP_PK,500bO00000uLEW4QAO,2026-06-10 15:00:37,Closed,HT6D4Q,PAK-lra5,Spud Club,No,,,,,No DLQ record found (non-SCCS or pre-MDS failure),Not classified (no DLQ),,,,,,
FP_PK,500bO00000u9HxUQAU,2026-06-08 17:57:34,Closed,HTUJFM,PAK-ne85,BONITA,No,,,,,No DLQ record found (non-SCCS or pre-MDS failure),Not classified (no DLQ),,,,,,
FP_PK,500bO00000u9mGUQAY,2026-06-08 17:52:39,Closed,HRGU3R,PAK-bvno,Karachi Abbott Rolls & BAR B Q,No,,,,,No DLQ record found (non-SCCS or pre-MDS failure),Not classified (no DLQ),,,,,,
FP_PK,500bO00000tmsg2QAA,2026-06-03 15:18:33,Closed,HTUW8F,PAK-r29l,Super Madina Nalli Biryani,No,,,,,No DLQ record found (non-SCCS or pre-MDS failure),Not classified (no DLQ),,,,,,
FP_PK,500bO00000tiNm1QAE,2026-06-02 17:41:49,Closed,HRGPB8,PAK-d8ca,We Drink - Fazal Center,No,,,,,No DLQ record found (non-SCCS or pre-MDS failure),Not classified (no DLQ),,,,,,
FP_PK,500bO00000tiEnkQAE,2026-06-02 17:38:46,Closed,HT8EZB,PAK-kk7o,TONY'S PIZZA,No,,,,,No DLQ record found (non-SCCS or pre-MDS failure),Not classified (no DLQ),,,,,,
FP_PK,500bO00000tiKEiQAM,2026-06-02 17:35:23,Closed,HT8EHQ,PAK-zs0r,Sanano's Cafe,No,,,,,No DLQ record found (non-SCCS or pre-MDS failure),Not classified (no DLQ),,,,,,
FP_PK,500bO00000thoMyQAI,2026-06-02 17:32:38,Closed,HTNXFX,PAK-tbb4,YARAAN,No,,,,,No DLQ record found (non-SCCS or pre-MDS failure),Not classified (no DLQ),,,,,,
FP_PK,500bO00000tiG6GQAU,2026-06-02 17:20:50,Closed,HT8EAQ,PAK-wrmi,Crave Bake Shop - Nasir Bagh,No,,,,,No DLQ record found (non-SCCS or pre-MDS failure),Not classified (no DLQ),,,,,,
FP_PK,500bO00000tfY7pQAE,2026-06-02 10:28:11,Closed,4MQE0M,PAK-ct46,AMAL DESSERTS,No,,,,,No DLQ record found (non-SCCS or pre-MDS failure),Not classified (no DLQ),,,,,,
FP_PK,500bO00000t69vVQAQ,2026-05-25 17:34:04,Closed,HTK8BZ,PAK-cieh,WOK MAN,No,,,,,No DLQ record found (non-SCCS or pre-MDS failure),Not classified (no DLQ),,,,,,
FP_PK,500bO00000t62NgQAI,2026-05-25 16:52:38,Closed,HRGU3L,PAK-bk4e,Nafees Mutton Chanay & Bong Paaye - Township,No,,,,,No DLQ record found (non-SCCS or pre-MDS failure),Not classified (no DLQ),,,,,,
FP_SG,500bO00000tjHtBQAU,2026-06-03 02:33:41,Closed,HT0MXW,SGP-muz8,Full Bowl 福饱 (Tiong Bahru Plaza),No,,,,,No DLQ record found (non-SCCS or pre-MDS failure),Not classified (no DLQ),,,,,,
FP_SG,500bO00000teqZpQAI,2026-06-02 06:14:30,Closed,HTT0C8,SGP-kqj3,Yi Ping Hainanese Chicken Rice (27 Jalan Berseh),No,,,,,No DLQ record found (non-SCCS or pre-MDS failure),Not classified (no DLQ),,,,,,
FP_SG,500bO00000tecTaQAI,2026-06-02 04:22:00,Closed,HT08T3,SGP-foyp,Kamrai Thong Thai Cuisine (Bedok North Road) – Home-Based Vendor,No,,,,,No DLQ record found (non-SCCS or pre-MDS failure),Not classified (no DLQ),,,,,,
FP_SG,500bO00000td1rNQAQ,2026-06-02 03:53:28,Closed,HT08RD,SGP-pq5e,Full Bowl 福饱 (Chinatown Point),No,,,,,No DLQ record found (non-SCCS or pre-MDS failure),Not classified (no DLQ),,,,,,
FP_SG,500bO00000tWztXQAS,2026-06-01 07:37:34,Closed,HT08AM,SGP-iz8t,Mui Kee  Congee (Raffles City Shoping Centre),No,,,,,No DLQ record found (non-SCCS or pre-MDS failure),Not classified (no DLQ),,,,,,
FP_SG,500bO00000tS1DzQAK,2026-05-30 04:57:23,Closed,HTN9XD,SGP-wm0q,Huay Kwang Thai Wanton Mee (Ubi Rd 5),No,,,,,No DLQ record found (non-SCCS or pre-MDS failure),Not classified (no DLQ),,,,,,
FP_SG,500bO00000tSp4rQAC,2026-05-30 04:53:19,Closed,HTN97A,SGP-obus,Huay Kwang Thai Wanton Mee (Amoy Street Food Centre),No,,,,,No DLQ record found (non-SCCS or pre-MDS failure),Not classified (no DLQ),,,,,,
FP_SG,500bO00000tRsG2QAK,2026-05-30 04:44:28,Closed,HTNPOA,SGP-r0ai,OMMA Chicken Soup (Northpoint City),No,,,,,No DLQ record found (non-SCCS or pre-MDS failure),Not classified (no DLQ),,,,,,
FP_SG,500bO00000tRnZeQAK,2026-05-30 04:26:18,Closed,HR0OBW,SGP-dq7x,Lixiang Noodle House,No,,,,,No DLQ record found (non-SCCS or pre-MDS failure),Not classified (no DLQ),,,,,,
FP_SG,500bO00000t6NrgQAE,2026-05-26 03:45:57,Closed,HTTHR2,SGP-mj4n,Makan Malah (Create Tower),No,,,,,No DLQ record found (non-SCCS or pre-MDS failure),Not classified (no DLQ),,,,,,
FP_SG,500bO00000t8G1VQAU,2026-05-26 02:40:55,Closed,HT08E9,SGP-xi72,Luckin Coffee (The Woodleigh Mall),No,,,,,No DLQ record found (non-SCCS or pre-MDS failure),Not classified (no DLQ),,,,,,
FP_SG,500bO00000t7xV7QAI,2026-05-26 01:57:46,Closed,HR3G10,SGP-zgsb,Indus Folks by Akasa (MBFC),No,,,,,No DLQ record found (non-SCCS or pre-MDS failure),Not classified (no DLQ),,,,,,
FP_SG,500bO00000t7ImCQAU,2026-05-26 01:45:31,Closed,HT08AD,SGP-sw0f,Lemaq (JTC Space),No,,,,,No DLQ record found (non-SCCS or pre-MDS failure),Not classified (no DLQ),,,,,,
FP_SG,500bO00000t3dI7QAI,2026-05-25 02:28:00,Closed,HT08GP,SGP-c2k6,Lao Fu Bak Kut Teh老福 (Hougang Street 21),No,,,,,No DLQ record found (non-SCCS or pre-MDS failure),Not classified (no DLQ),,,,,,
FP_TW,500bO00000tlAKPQA2,2026-06-03 08:14:55,Closed,HT0JPE,TWN-ades,亞丁尼義式麵屋 (大里店),No,,,,,No DLQ record found (non-SCCS or pre-MDS failure),Not classified (no DLQ),,,,,,
FP_TW,500bO00000tk2n8QAA,2026-06-03 03:52:52,Closed,HRQFFN,TWN-nvvd,皇殿鐵板燒,No,,,,,No DLQ record found (non-SCCS or pre-MDS failure),Not classified (no DLQ),,,,,,
FP_TW,500bO00000tk3JNQAY,2026-06-03 03:46:27,Closed,HT05X9,TWN-re6d,玖禾壽司,No,,,,,No DLQ record found (non-SCCS or pre-MDS failure),Not classified (no DLQ),,,,,,
FP_TW,500bO00000tjweXQAQ,2026-06-03 02:36:27,Closed,HTAM6Z,TWN-n7z9,正好吃松鹹酥雞 (鼎力店),No,,,,,No DLQ record found (non-SCCS or pre-MDS failure),Not classified (no DLQ),,,,,,
FP_TW,500bO00000tjzipQAA,2026-06-03 02:32:29,Closed,HAWAJP,TWN-mhnn,龍筑亭碳烤專賣店,No,,,,,No DLQ record found (non-SCCS or pre-MDS failure),Not classified (no DLQ),,,,,,
FP_TW,500bO00000tjYypQAE,2026-06-03 02:22:30,Closed,HT0OKS,TWN-pyzt,小豆宅,No,,,,,No DLQ record found (non-SCCS or pre-MDS failure),Not classified (no DLQ),,,,,,
FP_TW,500bO00000tj2ZDQAY,2026-06-03 01:22:38,Closed,HTS9SK,TWN-l61u,玉見蔬食,No,,,,,No DLQ record found (non-SCCS or pre-MDS failure),Not classified (no DLQ),,,,,,
FP_TW,500bO00000tfhMKQAY,2026-06-02 09:57:28,Closed,HTS1V6,TWN-iica,我要吃沙拉,No,,,,,No DLQ record found (non-SCCS or pre-MDS failure),Not classified (no DLQ),,,,,,
FP_TW,500bO00000tg4kJQAQ,2026-06-02 09:35:43,Closed,HTGC5N,TWN-fqun,芭 Bar Bus,No,,,,,No DLQ record found (non-SCCS or pre-MDS failure),Not classified (no DLQ),,,,,,
FP_TW,500bO00000tfnYBQAY,2026-06-02 08:34:11,Closed,HTPIAQ,TWN-yyu5,老同學鉢鉢雞,No,,,,,No DLQ record found (non-SCCS or pre-MDS failure),Not classified (no DLQ),,,,,,
FP_TW,500bO00000tfM3LQAU,2026-06-02 07:46:41,Closed,HTS6QG,TWN-gnv3,望高寮大腸包小腸 (二店),No,,,,,No DLQ record found (non-SCCS or pre-MDS failure),Not classified (no DLQ),,,,,,
FP_TW,500bO00000tdYm3QAE,2026-06-02 05:01:10,Closed,HT0ZUY,TWN-u8fu,嘉義順蚵仔煎 (永安店),No,,,,,No DLQ record found (non-SCCS or pre-MDS failure),Not classified (no DLQ),,,,,,
FP_TW,500bO00000teh1nQAA,2026-06-02 04:24:07,Closed,HTNZDD,TWN-y1k2,水云茶堂 (神清店),No,,,,,No DLQ record found (non-SCCS or pre-MDS failure),Not classified (no DLQ),,,,,,
FP_TW,500bO00000tegLpQAI,2026-06-02 04:06:21,Closed,HTS19W,TWN-jats,食刻煎餅果子,No,,,,,No DLQ record found (non-SCCS or pre-MDS failure),Not classified (no DLQ),,,,,,
FP_TW,500bO00000teZQXQA2,2026-06-02 03:45:56,Closed,HTSQGS,TWN-v277,豆哥冰淇淋豆腐店,No,,,,,No DLQ record found (non-SCCS or pre-MDS failure),Not classified (no DLQ),,,,,,
FP_TW,500bO00000teO3YQAU,2026-06-02 03:37:56,Closed,HRQVBA,TWN-bc7d,食見生活健康餐盒Foodlosophy (公益店),No,,,,,No DLQ record found (non-SCCS or pre-MDS failure),Not classified (no DLQ),,,,,,
FP_TW,500bO00000teL5DQAU,2026-06-02 03:14:20,Closed,HTPQ0S,TWN-cgo5,摩斯漢堡Mos Burger (南崁特力店),No,,,,,No DLQ record found (non-SCCS or pre-MDS failure),Not classified (no DLQ),,,,,,
FP_TW,500bO00000tedB3QAI,2026-06-02 02:20:44,Closed,HT05R9,TWN-w46n,可以可以地瓜球 (頭份店),No,,,,,No DLQ record found (non-SCCS or pre-MDS failure),Not classified (no DLQ),,,,,,
FP_TW,500bO00000tXiicQAC,2026-06-01 11:17:39,Closed,HTWEE3,TWN-tn0a,老陝食堂,No,,,,,No DLQ record found (non-SCCS or pre-MDS failure),Not classified (no DLQ),,,,,,
FP_TW,500bO00000tWh0bQAC,2026-06-01 06:31:27,Closed,HRYKDX,TWN-elc6,Ifangsweet方絲微特,No,,,,,No DLQ record found (non-SCCS or pre-MDS failure),Not classified (no DLQ),,,,,,
FP_TW,500bO00000tWK2TQAW,2026-06-01 05:46:33,Closed,HT07NN,TWN-ui2e,晨間廚房 (大武店),No,,,,,No DLQ record found (non-SCCS or pre-MDS failure),Not classified (no DLQ),,,,,,
FP_TW,500bO00000tWKvCQAW,2026-06-01 04:28:11,Closed,HTH0F1,TWN-ldac,煦禾里粥品,No,,,,,No DLQ record found (non-SCCS or pre-MDS failure),Not classified (no DLQ),,,,,,
FP_TW,500bO00000tWFyqQAG,2026-06-01 02:53:14,Closed,HRLVPL,TWN-spfj,夜燈炙燒,No,,,,,No DLQ record found (non-SCCS or pre-MDS failure),Not classified (no DLQ),,,,,,
FP_TW,500bO00000tVqNhQAK,2026-06-01 01:14:20,Closed,HT0DQ3,TWN-meuc,鏜鏜溫州大餛飩,No,,,,,No DLQ record found (non-SCCS or pre-MDS failure),Not classified (no DLQ),,,,,,
FP_TW,500bO00000tVJefQAG,2026-06-01 01:02:41,Closed,HTN3AG,TWN-oi7e,陳家排骨酥湯,No,,,,,No DLQ record found (non-SCCS or pre-MDS failure),Not classified (no DLQ),,,,,,
FP_TW,500bO00000tSsaWQAS,2026-05-30 09:49:00,Closed,HTNHEU,TWN-uj0p,米米炸雞 (台中龍井店),No,,,,,No DLQ record found (non-SCCS or pre-MDS failure),Not classified (no DLQ),,,,,,
FP_TW,500bO00000tT4TkQAK,2026-05-30 09:45:39,Closed,HTW3AM,TWN-dvy2,餅霸天下x粉漿脆皮蛋餅,No,,,,,No DLQ record found (non-SCCS or pre-MDS failure),Not classified (no DLQ),,,,,,
FP_TW,500bO00000tSHrqQAG,2026-05-30 08:05:40,Closed,HT655W,TWN-na2j,日勻晨食,No,,,,,No DLQ record found (non-SCCS or pre-MDS failure),Not classified (no DLQ),,,,,,
FP_TW,500bO00000tPfYGQA0,2026-05-29 13:44:36,Closed,HTNK8Q,TWN-drq0,奇哥沙茶魷魚,No,,,,,No DLQ record found (non-SCCS or pre-MDS failure),Not classified (no DLQ),,,,,,
FP_TW,500bO00000tOdn4QAC,2026-05-29 11:12:50,Closed,HR16CG,TWN-ykib,輕輕的蔬食簡餐咖啡廳,No,,,,,No DLQ record found (non-SCCS or pre-MDS failure),Not classified (no DLQ),,,,,,
FP_TW,500bO00000tP0bUQAS,2026-05-29 11:12:17,Closed,HTWDOV,TWN-wxd6,鷄蛋糕專賣店,No,,,,,No DLQ record found (non-SCCS or pre-MDS failure),Not classified (no DLQ),,,,,,
FP_TW,500bO00000tOo2UQAS,2026-05-29 10:55:22,Closed,HT05VT,TWN-hho1,鼎味寶藍菠雞 (桃園龜山店),No,,,,,No DLQ record found (non-SCCS or pre-MDS failure),Not classified (no DLQ),,,,,,
FP_TW,500bO00000tOV1QQAW,2026-05-29 09:33:53,Closed,HTT5NG,TWN-omf7,地瓜俱樂部 (桃園中原店),No,,,,,No DLQ record found (non-SCCS or pre-MDS failure),Not classified (no DLQ),,,,,,
FP_TW,500bO00000tORNbQAO,2026-05-29 08:51:03,Closed,HTPCAP,TWN-qrjt,汪汪車輪餅,No,,,,,No DLQ record found (non-SCCS or pre-MDS failure),Not classified (no DLQ),,,,,,
FP_TW,500bO00000tO6r9QAC,2026-05-29 08:25:33,Closed,HRHLNC,TWN-st5w,正宗老店福州麵,No,,,,,No DLQ record found (non-SCCS or pre-MDS failure),Not classified (no DLQ),,,,,,
FP_TW,500bO00000tNc4zQAC,2026-05-29 08:12:43,Closed,HREN8A,TWN-b96c,聖三食堂,No,,,,,No DLQ record found (non-SCCS or pre-MDS failure),Not classified (no DLQ),,,,,,
FP_TW,500bO00000tN8OmQAK,2026-05-29 08:01:36,Closed,HT0OD0,TWN-z38e,轉角大腸麵線,No,,,,,No DLQ record found (non-SCCS or pre-MDS failure),Not classified (no DLQ),,,,,,
FP_TW,500bO00000tNoCYQA0,2026-05-29 06:22:34,Closed,HT0DU5,TWN-og3y,富滿雞蛋燒,No,,,,,No DLQ record found (non-SCCS or pre-MDS failure),Not classified (no DLQ),,,,,,
FP_TW,500bO00000tNf61QAC,2026-05-29 05:44:28,Closed,HTPUA5,TWN-xfzq,猩猩相惜綠豆冰沙 (蘆洲信義店),No,,,,,No DLQ record found (non-SCCS or pre-MDS failure),Not classified (no DLQ),,,,,,
FP_TW,500bO00000tNG4TQAW,2026-05-29 03:57:24,Closed,HT08FH,TWN-ppyg,滿滿起司馬鈴薯 (高雄熱河店),No,,,,,No DLQ record found (non-SCCS or pre-MDS failure),Not classified (no DLQ),,,,,,
FP_TW,500bO00000tNLgnQAG,2026-05-29 03:33:01,Closed,HTN14E,TWN-we6f,蒜桃嬤-蒜拌麵、蒜蓉料理醬、蒜頭,No,,,,,No DLQ record found (non-SCCS or pre-MDS failure),Not classified (no DLQ),,,,,,
FP_TW,500bO00000tNHbZQAW,2026-05-29 02:39:28,Closed,HWDM3X,TWN-wdyi,錦銥芋食 (台北忠孝店),No,,,,,No DLQ record found (non-SCCS or pre-MDS failure),Not classified (no DLQ),,,,,,
FP_TW,500bO00000tNBCrQAO,2026-05-29 01:52:06,Closed,HPJD9S,TWN-dfox,森雨餐酒館,No,,,,,No DLQ record found (non-SCCS or pre-MDS failure),Not classified (no DLQ),,,,,,
FP_TW,500bO00000tN6meQAC,2026-05-29 01:43:27,Closed,HTN1HD,TWN-tt4g,笨妹日式菓子燒 (博館店),No,,,,,No DLQ record found (non-SCCS or pre-MDS failure),Not classified (no DLQ),,,,,,
FP_TW,500bO00000tN1IKQA0,2026-05-29 01:36:46,Closed,HTT31U,TWN-tuom,稻夢食光,No,,,,,No DLQ record found (non-SCCS or pre-MDS failure),Not classified (no DLQ),,,,,,
FP_TW,500bO00000tJrc7QAC,2026-05-28 09:27:04,Closed,HTS9AX,TWN-kjwq,黃家傳統清蒸肉圓 (安平店),No,,,,,No DLQ record found (non-SCCS or pre-MDS failure),Not classified (no DLQ),,,,,,
FP_TW,500bO00000tJb7XQAS,2026-05-28 09:21:57,Closed,HT0HRM,TWN-abrq,拾伍拉麵,No,,,,,No DLQ record found (non-SCCS or pre-MDS failure),Not classified (no DLQ),,,,,,
FP_TW,500bO00000tJ3iZQAS,2026-05-28 08:09:54,Closed,HTA9XG,TWN-j21t,雄師傅麻辣鴨血,No,,,,,No DLQ record found (non-SCCS or pre-MDS failure),Not classified (no DLQ),,,,,,
FP_TW,500bO00000tJDI7QAO,2026-05-28 07:56:32,Closed,HPHQDY,TWN-m4lc,鑫吉野烤肉飯 (桃園桃鶯店),No,,,,,No DLQ record found (non-SCCS or pre-MDS failure),Not classified (no DLQ),,,,,,
FP_TW,500bO00000tIvzYQAS,2026-05-28 07:11:32,Closed,HTWEDB,TWN-eb6d,夢谷飲料,No,,,,,No DLQ record found (non-SCCS or pre-MDS failure),Not classified (no DLQ),,,,,,
FP_TW,500bO00000tIz3nQAC,2026-05-28 07:01:50,Closed,HTGF97,TWN-d9g0,小胖稻草芋頭,No,,,,,No DLQ record found (non-SCCS or pre-MDS failure),Not classified (no DLQ),,,,,,
FP_TW,500bO00000tIrkbQAC,2026-05-28 06:39:54,Closed,HTND48,TWN-rlun,以娜好像有雞排,No,,,,,No DLQ record found (non-SCCS or pre-MDS failure),Not classified (no DLQ),,,,,,
FP_TW,500bO00000tIAoUQAW,2026-05-28 06:36:43,Closed,HTSE3T,TWN-dblo,雞豆你了豆乳雞,No,,,,,No DLQ record found (non-SCCS or pre-MDS failure),Not classified (no DLQ),,,,,,
FP_TW,500bO00000tISFZQA4,2026-05-28 04:12:02,Closed,HT0BZ8,TWN-p89k,飯飯之輩 (水上店),No,,,,,No DLQ record found (non-SCCS or pre-MDS failure),Not classified (no DLQ),,,,,,
FP_TW,500bO00000tH3aXQAS,2026-05-28 04:10:35,Closed,HT0J9O,TWN-duks,巷裡小時光早午餐 (彰化花壇店),No,,,,,No DLQ record found (non-SCCS or pre-MDS failure),Not classified (no DLQ),,,,,,
FP_TW,500bO00000tHdW6QAK,2026-05-28 03:13:44,Closed,HTGC3M,TWN-vr0n,煎百味煎餅果子 (永安店),No,,,,,No DLQ record found (non-SCCS or pre-MDS failure),Not classified (no DLQ),,,,,,
FP_TW,500bO00000tIQZ5QAO,2026-05-28 02:49:13,Closed,HT0DQL,TWN-wlhm,鍋王寶座,No,,,,,No DLQ record found (non-SCCS or pre-MDS failure),Not classified (no DLQ),,,,,,
FP_TW,500bO00000tGzigQAC,2026-05-28 02:10:54,Closed,HT0ZDG,TWN-kr8m,曾姐紫米飯糰,No,,,,,No DLQ record found (non-SCCS or pre-MDS failure),Not classified (no DLQ),,,,,,
FP_TW,500bO00000tHuDdQAK,2026-05-28 01:43:39,Closed,HTNXN3,TWN-jmn0,麵匡匡 (三峽北大店),No,,,,,No DLQ record found (non-SCCS or pre-MDS failure),Not classified (no DLQ),,,,,,
FP_TW,500bO00000tETLyQAO,2026-05-27 11:29:26,Closed,HP80GE,TWN-sbfn,好了啦紅茶冰 (楊梅中山店),No,,,,,No DLQ record found (non-SCCS or pre-MDS failure),Not classified (no DLQ),,,,,,
FP_TW,500bO00000tDtBwQAK,2026-05-27 09:07:34,Closed,HTRFO6,TWN-yfy6,金孫炸物俱樂部,No,,,,,No DLQ record found (non-SCCS or pre-MDS failure),Not classified (no DLQ),,,,,,
FP_TW,500bO00000tDt5RQAS,2026-05-27 08:23:54,Closed,HTNZK1,TWN-je1d,東海醬香蔥油餅,No,,,,,No DLQ record found (non-SCCS or pre-MDS failure),Not classified (no DLQ),,,,,,
FP_TW,500bO00000tCVWgQAO,2026-05-27 07:29:25,Closed,HTNPCK,TWN-r46i,齊哥酥炸土魠魚 (三民街總店),No,,,,,No DLQ record found (non-SCCS or pre-MDS failure),Not classified (no DLQ),,,,,,
FP_TW,500bO00000tDDRCQA4,2026-05-27 06:57:26,Closed,HTW33E,TWN-wq8w,雲之洲廣東粥鍋燒麵,No,,,,,No DLQ record found (non-SCCS or pre-MDS failure),Not classified (no DLQ),,,,,,
FP_TW,500bO00000tDM1SQAW,2026-05-27 06:46:31,Closed,HTKIAP,TWN-tymn,達麻迪娜原味熱炒,No,,,,,No DLQ record found (non-SCCS or pre-MDS failure),Not classified (no DLQ),,,,,,
FP_TW,500bO00000tDKKbQAO,2026-05-27 06:24:07,Closed,HTN9NO,TWN-lb5v,鐵三角吐司專賣 (新店中興店),No,,,,,No DLQ record found (non-SCCS or pre-MDS failure),Not classified (no DLQ),,,,,,
FP_TW,500bO00000tCkykQAC,2026-05-27 04:35:16,Closed,HTPZQK,TWN-zwtx,秘醬滷味 (南屯精科店),No,,,,,No DLQ record found (non-SCCS or pre-MDS failure),Not classified (no DLQ),,,,,,
FP_TW,500bO00000tCmPPQA0,2026-05-27 03:23:27,Closed,HTN9TM,TWN-ldi3,貓頭鷹茶森林 (東區復興店),No,,,,,No DLQ record found (non-SCCS or pre-MDS failure),Not classified (no DLQ),,,,,,
FP_TW,500bO00000tCs3OQAS,2026-05-27 03:09:13,Closed,HTAU1S,TWN-sgsi,旭堂海苔飯捲 (武慶店),No,,,,,No DLQ record found (non-SCCS or pre-MDS failure),Not classified (no DLQ),,,,,,
FP_TW,500bO00000tCetHQAS,2026-05-27 02:17:17,Closed,HTH25I,TWN-j187,福滷飯,No,,,,,No DLQ record found (non-SCCS or pre-MDS failure),Not classified (no DLQ),,,,,,
FP_TW,500bO00000tCmlxQAC,2026-05-27 02:06:15,Closed,HT648U,TWN-ty35,維縈家鄉碳烤雞排 (板橋遠東店),No,,,,,No DLQ record found (non-SCCS or pre-MDS failure),Not classified (no DLQ),,,,,,
FP_TW,500bO00000tClTJQA0,2026-05-27 01:57:18,Closed,HTNVI5,TWN-vmog,基隆蟹肉羹,No,,,,,No DLQ record found (non-SCCS or pre-MDS failure),Not classified (no DLQ),,,,,,
FP_TW,500bO00000tCkvRQAS,2026-05-27 01:41:31,Closed,HAOHY5,TWN-pdvm,素之香蔬食館,No,,,,,No DLQ record found (non-SCCS or pre-MDS failure),Not classified (no DLQ),,,,,,
FP_TW,500bO00000tCjmVQAS,2026-05-27 01:33:14,Closed,HT0DMY,TWN-eqtl,沁圓脆皮肉圓,No,,,,,No DLQ record found (non-SCCS or pre-MDS failure),Not classified (no DLQ),,,,,,
FP_TW,500bO00000tC29qQAC,2026-05-27 01:26:48,Closed,HTNQ6C,TWN-xcsd,許家當歸豬腳湯老店 (板橋店),No,,,,,No DLQ record found (non-SCCS or pre-MDS failure),Not classified (no DLQ),,,,,,
FP_TW,500bO00000tAdrjQAC,2026-05-26 13:35:48,Closed,456AXT,TWN-ma0r,太祖魷魚焿 (新店老店),No,,,,,No DLQ record found (non-SCCS or pre-MDS failure),Not classified (no DLQ),,,,,,
FP_TW,500bO00000tAELUQA4,2026-05-26 12:14:41,Closed,HTNPO9,TWN-xjva,沃金TEA (台南文賢店),No,,,,,No DLQ record found (non-SCCS or pre-MDS failure),Not classified (no DLQ),,,,,,
FP_TW,500bO00000tAY5ZQAW,2026-05-26 11:55:56,Closed,HTNZK9,TWN-yfr8,禾沐Hermood,No,,,,,No DLQ record found (non-SCCS or pre-MDS failure),Not classified (no DLQ),,,,,,
FP_TW,500bO00000t9lJQQAY,2026-05-26 10:21:42,Closed,HPHXK2,TWN-tssa,蒸味上品X功夫麵X手擀蒸餃麵食館,No,,,,,No DLQ record found (non-SCCS or pre-MDS failure),Not classified (no DLQ),,,,,,
FP_TW,500bO00000t8xRYQAY,2026-05-26 10:10:10,Closed,HTRAPV,TWN-ctis,好食多自助餐廳,No,,,,,No DLQ record found (non-SCCS or pre-MDS failure),Not classified (no DLQ),,,,,,
FP_TW,500bO00000t9vQoQAI,2026-05-26 09:55:00,Closed,HTSKK8,TWN-fc77,心丼食堂,No,,,,,No DLQ record found (non-SCCS or pre-MDS failure),Not classified (no DLQ),,,,,,
FP_TW,500bO00000t9hJ6QAI,2026-05-26 09:43:07,Closed,HT0DFN,TWN-ahnj,杏福餐飲,No,,,,,No DLQ record found (non-SCCS or pre-MDS failure),Not classified (no DLQ),,,,,,
FP_TW,500bO00000t9JJxQAM,2026-05-26 09:13:11,Closed,HT0GF1,TWN-yup3,這一家 傳承｜滷味 香雞排,No,,,,,No DLQ record found (non-SCCS or pre-MDS failure),Not classified (no DLQ),,,,,,
FP_TW,500bO00000t9bLeQAI,2026-05-26 08:57:11,Closed,HPVO31,TWN-r8sf,南洋一哥,No,,,,,No DLQ record found (non-SCCS or pre-MDS failure),Not classified (no DLQ),,,,,,
FP_TW,500bO00000t9K6KQAU,2026-05-26 08:48:05,Closed,HTN4JY,TWN-ek07,吼鍋喇風味小火鍋,No,,,,,No DLQ record found (non-SCCS or pre-MDS failure),Not classified (no DLQ),,,,,,
FP_TW,500bO00000t9CDfQAM,2026-05-26 08:01:34,Closed,HTS8KU,TWN-fao2,市仔口鹹水雞人生,No,,,,,No DLQ record found (non-SCCS or pre-MDS failure),Not classified (no DLQ),,,,,,
FP_TW,500bO00000t8mr8QAA,2026-05-26 08:01:00,Closed,HTS23D,TWN-ldpj,煎餃達人 (義民店),No,,,,,No DLQ record found (non-SCCS or pre-MDS failure),Not classified (no DLQ),,,,,,
FP_TW,500bO00000t8ohaQAA,2026-05-26 08:00:35,Closed,HTSYJI,TWN-m4am,富女咖啡公司,No,,,,,No DLQ record found (non-SCCS or pre-MDS failure),Not classified (no DLQ),,,,,,
FP_TW,500bO00000t9CDcQAM,2026-05-26 07:51:58,Closed,HR2WZO,TWN-alrf,日船章魚小丸子 (頭份店),No,,,,,No DLQ record found (non-SCCS or pre-MDS failure),Not classified (no DLQ),,,,,,
FP_TW,500bO00000t8WMPQA2,2026-05-26 05:22:49,Closed,458U8W,TWN-ksnt,金香豬腳涼麵,No,,,,,No DLQ record found (non-SCCS or pre-MDS failure),Not classified (no DLQ),,,,,,
FP_TW,500bO00000t8IOOQA2,2026-05-26 05:08:12,Closed,HTNGIK,TWN-zg09,誰吃誰知道早午餐,No,,,,,No DLQ record found (non-SCCS or pre-MDS failure),Not classified (no DLQ),,,,,,
FP_TW,500bO00000t7j33QAA,2026-05-26 04:48:26,Closed,HTN9N6,TWN-liac,陝西嘎嘎香肉夾饃,No,,,,,No DLQ record found (non-SCCS or pre-MDS failure),Not classified (no DLQ),,,,,,
FP_TW,500bO00000t8KMvQAM,2026-05-26 04:36:42,Closed,HTAFL7,TWN-dkl6,福隆月台便當 (竹東東寧店),No,,,,,No DLQ record found (non-SCCS or pre-MDS failure),Not classified (no DLQ),,,,,,
FP_TW,500bO00000t84m7QAA,2026-05-26 04:31:33,Closed,HTNXO1,TWN-jdli,魯家扁食麵,No,,,,,No DLQ record found (non-SCCS or pre-MDS failure),Not classified (no DLQ),,,,,,
FP_TW,500bO00000t8MtJQAU,2026-05-26 04:02:34,Closed,HTSXOK,TWN-sd6k,一流的烤玉米,No,,,,,No DLQ record found (non-SCCS or pre-MDS failure),Not classified (no DLQ),,,,,,
FP_TW,500bO00000t8Ax3QAE,2026-05-26 03:49:21,Closed,HTNH8U,TWN-no1a,正宗蚵仔煎臭豆腐,No,,,,,No DLQ record found (non-SCCS or pre-MDS failure),Not classified (no DLQ),,,,,,
FP_TW,500bO00000t7vQlQAI,2026-05-26 02:46:31,Closed,HTTGLB,TWN-nbm2,圓寶雞蛋堡,No,,,,,No DLQ record found (non-SCCS or pre-MDS failure),Not classified (no DLQ),,,,,,
FP_TW,500bO00000t74D3QAI,2026-05-26 02:29:01,Closed,HTSDMP,TWN-mwuy,吳記川渝現撈滷味,No,,,,,No DLQ record found (non-SCCS or pre-MDS failure),Not classified (no DLQ),,,,,,
FP_TW,500bO00000t80y8QAA,2026-05-26 02:03:36,Closed,HTN95W,TWN-oflp,現剖椰子水,No,,,,,No DLQ record found (non-SCCS or pre-MDS failure),Not classified (no DLQ),,,,,,
FP_TW,500bO00000t7OEgQAM,2026-05-26 01:48:33,Closed,HTNH4O,TWN-jakp,易心粥坊,No,,,,,No DLQ record found (non-SCCS or pre-MDS failure),Not classified (no DLQ),,,,,,
FP_TW,500bO00000t7fptQAA,2026-05-26 01:26:53,Closed,HTSYTM,,米香食堂,No,,,,,No DLQ record found (non-SCCS or pre-MDS failure),Not classified (no DLQ),,,,,,
FP_TW,500bO00000t4hmgQAA,2026-05-25 09:39:24,Closed,HTNLFS,TWN-diwk,炒地狀緣 炒飯 炒麵 便當,No,,,,,No DLQ record found (non-SCCS or pre-MDS failure),Not classified (no DLQ),,,,,,
FP_TW,500bO00000t4JxNQAU,2026-05-25 08:00:30,Closed,HTRPX0,TWN-y2r1,CHAR CHAR Steak&Bar,No,,,,,No DLQ record found (non-SCCS or pre-MDS failure),Not classified (no DLQ),,,,,,
FP_TW,500bO00000t4MGoQAM,2026-05-25 07:40:15,Closed,HPV6OP,TWN-yohl,謝職人の鍋物 (天祥店),No,,,,,No DLQ record found (non-SCCS or pre-MDS failure),Not classified (no DLQ),,,,,,
FP_TW,500bO00000t0DnCQAU,2026-05-25 07:16:57,Closed,4569W8,TWN-ysms,故鄉河粉飄香四方,No,,,,,No DLQ record found (non-SCCS or pre-MDS failure),Not classified (no DLQ),,,,,,
FP_TW,500bO00000t3jTxQAI,2026-05-25 03:09:44,Closed,HTS95G,TWN-ptl9,飽食堂,No,,,,,No DLQ record found (non-SCCS or pre-MDS failure),Not classified (no DLQ),,,,,,
FP_TW,500bO00000t3fOlQAI,2026-05-25 02:50:18,Closed,HTS7O8,TWN-svb4,煎餃達人 (北龍店),No,,,,,No DLQ record found (non-SCCS or pre-MDS failure),Not classified (no DLQ),,,,,,
GV_AM,500bO00000tlgKPQAY,2026-06-03 10:54:34,Closed,HT02KL,AM_937972,Tapaka Cascade,Yes,GV_AM_20260603T104801_AM937972,sf_menu_onboarding,2026-06-03 10:48:01,99,Internal processing error (NoneType attribute missing),MDS Technical Failure,'NoneType' object has no attribute 'items',sf_menu_onboarding/GV_AM_20260603T104801_AM937972.json,https://console.cloud.google.com/storage/browser/dh-menu-digitalised-images-prod/sf_menu_onboarding/GV_AM_20260603T104801_AM937972,,,
GV_AM,500bO00000tFDOlQAO,2026-05-27 14:22:19,Closed,4MVVQM,AM_936780,PitStop Burger - YRV - Gen1,Yes,GV_AM_20260527T141631_AM936780,sf_menu_onboarding,2026-05-27 14:16:32,99,Internal processing error (NoneType attribute missing),MDS Technical Failure,'NoneType' object has no attribute 'items',sf_menu_onboarding/GV_AM_20260527T141631_AM936780.json,https://console.cloud.google.com/storage/browser/dh-menu-digitalised-images-prod/sf_menu_onboarding/GV_AM_20260527T141631_AM936780,,,
GV_BG,500bO00000uINltQAG,2026-06-10 05:37:57,Closed,HTUIIK,BG_949303,СХЕМА-бар,Yes,GV_BG_20260610T053745_BG949303,sf_menu_onboarding,2026-06-10 05:37:45,3017,File not recognised as a menu by the language model,Not a Menu Document,"The file was not recognized as a menu by the language model.
        Please upload a genuine menu image/PDF (not a storefront photo, logo, or non-menu content)
        and try again.",sf_menu_onboarding/GV_BG_20260610T053745_BG949303.json,https://console.cloud.google.com/storage/browser/dh-menu-digitalised-images-prod/sf_menu_onboarding/GV_BG_20260610T053745_BG949303,,,
GV_BG,500bO00000u6QqwQAE,2026-06-08 09:39:04,Closed,HT0CXE,BG_948822,Papa Johns Pizza - SOF - Опълченска,Yes,GV_BG_20260608T093853_BG948822,sf_menu_onboarding,2026-06-08 09:38:54,3017,File not recognised as a menu by the language model,Not a Menu Document,"The file was not recognized as a menu by the language model.
        Please upload a genuine menu image/PDF (not a storefront photo, logo, or non-menu content)
        and try again.",sf_menu_onboarding/GV_BG_20260608T093853_BG948822.json,https://console.cloud.google.com/storage/browser/dh-menu-digitalised-images-prod/sf_menu_onboarding/GV_BG_20260608T093853_BG948822,,,
GV_BG,500bO00000u76lBQAQ,2026-06-08 09:26:10,Closed,HT0MPW,BG_948823,Papa Johns Pizza - SOF - Люлин,Yes,GV_BG_20260608T092602_BG948823,sf_menu_onboarding,2026-06-08 09:26:02,3017,File not recognised as a menu by the language model,Not a Menu Document,"The file was not recognized as a menu by the language model.
        Please upload a genuine menu image/PDF (not a storefront photo, logo, or non-menu content)
        and try again.",sf_menu_onboarding/GV_BG_20260608T092602_BG948823.json,https://console.cloud.google.com/storage/browser/dh-menu-digitalised-images-prod/sf_menu_onboarding/GV_BG_20260608T092602_BG948823,,,
GV_BG,500bO00000thmL3QAI,2026-06-02 14:25:57,Closed,4MQ8VX,BG_937788,Honu Hawaiian BBQ & Poke,Yes,GV_BG_20260602T142521_BG937788,sf_menu_onboarding,2026-06-02 14:25:21,3015,File does not look like a restaurant menu,Not a Menu Document,"The file does not look like a restaurant menu.
        Please upload a clear menu (with items and prices) and ensure the content is not a receipt,
        flyer, or unrelated image.",sf_menu_onboarding/GV_BG_20260602T142521_BG937788.json,https://console.cloud.google.com/storage/browser/dh-menu-digitalised-images-prod/sf_menu_onboarding/GV_BG_20260602T142521_BG937788,,,
GV_BG,500bO00000tKyTNQA0,2026-05-28 12:49:17,Closed,HT0OSD,BG_937013,Скара Джъмбо - SOF - Сливница 542б,Yes,GV_BG_20260528T124912_BG937013,sf_menu_onboarding,2026-05-28 12:49:13,3014,Image resolution too large (pixel count exceeds limit),MDS Technical Failure,"Image resolution is too large to process.
        Please resize the image to a smaller resolution and try again.
         tot 50000000 max 30000000",sf_menu_onboarding/GV_BG_20260528T124912_BG937013.json,https://console.cloud.google.com/storage/browser/dh-menu-digitalised-images-prod/sf_menu_onboarding/GV_BG_20260528T124912_BG937013,image_1.pdf,0.48,"File: 0.48 MB on disk. Pixel count: 50,000,000 px (+66.7% over 30M limit). High-DPI scan; minor compression would fix."
GV_BG,500bO00000tFM8iQAG,2026-05-27 14:41:56,Closed,HT08MN,BG_936788,Sandough - SOF - STAMBOLIYSKY 31,Yes,GV_BG_20260527T144149_BG936788,sf_menu_onboarding,2026-05-27 14:41:49,3015,File does not look like a restaurant menu,Not a Menu Document,"The file does not look like a restaurant menu.
        Please upload a clear menu (with items and prices) and ensure the content is not a receipt,
        flyer, or unrelated image.",sf_menu_onboarding/GV_BG_20260527T144149_BG936788.json,https://console.cloud.google.com/storage/browser/dh-menu-digitalised-images-prod/sf_menu_onboarding/GV_BG_20260527T144149_BG936788,,,
GV_BG,500bO00000tF8LnQAK,2026-05-27 13:03:29,Closed,HT08C9,BG_936750,In A Bun - SOF - Stamboliysky 31,Yes,GV_BG_20260527T130323_BG936750,sf_menu_onboarding,2026-05-27 13:03:23,3015,File does not look like a restaurant menu,Not a Menu Document,"The file does not look like a restaurant menu.
        Please upload a clear menu (with items and prices) and ensure the content is not a receipt,
        flyer, or unrelated image.",sf_menu_onboarding/GV_BG_20260527T130323_BG936750.json,https://console.cloud.google.com/storage/browser/dh-menu-digitalised-images-prod/sf_menu_onboarding/GV_BG_20260527T130323_BG936750,,,
GV_BG,500bO00000tAVsUQAW,2026-05-26 12:34:33,Closed,HT0OST,BG_936420,Мастър Пица,Yes,GV_BG_20260526T123426_BG936420,sf_menu_onboarding,2026-05-26 12:34:27,3014,Image resolution too large (pixel count exceeds limit),MDS Technical Failure,"Image resolution is too large to process.
        Please resize the image to a smaller resolution and try again.
         tot 48535704 max 30000000",sf_menu_onboarding/GV_BG_20260526T123426_BG936420.json,https://console.cloud.google.com/storage/browser/dh-menu-digitalised-images-prod/sf_menu_onboarding/GV_BG_20260526T123426_BG936420,image_1.pdf,0.61,"File: 0.61 MB on disk. Pixel count: 48,535,704 px (+61.8% over 30M limit). High-DPI scan; minor compression would fix."
GV_BG,500bO00000tATNfQAO,2026-05-26 12:07:17,Closed,HPOWM4,BG_936407,Amaro - SOF - Sotir Andonov 33,Yes,GV_BG_20260526T120710_BG936407,sf_menu_onboarding,2026-05-26 12:07:10,3015,File does not look like a restaurant menu,Not a Menu Document,"The file does not look like a restaurant menu.
        Please upload a clear menu (with items and prices) and ensure the content is not a receipt,
        flyer, or unrelated image.",sf_menu_onboarding/GV_BG_20260526T120710_BG936407.json,https://console.cloud.google.com/storage/browser/dh-menu-digitalised-images-prod/sf_menu_onboarding/GV_BG_20260526T120710_BG936407,,,
GV_CI,500bO00000uJHY4QAO,2026-06-10 08:44:32,Closed,HR2CG8,CI_949347,DGL Restaurant,No,,,,,No DLQ record found (non-SCCS or pre-MDS failure),Not classified (no DLQ),,,,,,
GV_ES,500bO00000uS2EoQAK,2026-06-11 16:35:42,Closed,4M16S4,ES_949887,Dragon Kitchen - HEN - Calle Ronda Fiscal,Yes,GV_ES_20260611T163517_ES949887,sf_menu_onboarding,2026-06-11 16:35:17,3013,Not enough menu items extracted (fewer than 3),Lesser than 3 Items,"Not enough menu items were extracted (fewer than 3).
        Please upload a clearer, higher-quality menu image/PDF
        (well-lit, not blurry, complete menu) and try again.",sf_menu_onboarding/GV_ES_20260611T163517_ES949887.json,https://console.cloud.google.com/storage/browser/dh-menu-digitalised-images-prod/sf_menu_onboarding/GV_ES_20260611T163517_ES949887,,,
GV_ES,500bO00000uR9VNQA0,2026-06-11 13:56:42,Closed,4M18P9,ES_949814,La Buenorra Triana,Yes,GV_ES_20260611T135632_ES949814,sf_menu_onboarding,2026-06-11 13:56:33,3017,File not recognised as a menu by the language model,Not a Menu Document,"The file was not recognized as a menu by the language model.
        Please upload a genuine menu image/PDF (not a storefront photo, logo, or non-menu content)
        and try again.",sf_menu_onboarding/GV_ES_20260611T135632_ES949814.json,https://console.cloud.google.com/storage/browser/dh-menu-digitalised-images-prod/sf_menu_onboarding/GV_ES_20260611T135632_ES949814,,,
GV_ES,500bO00000uRTX7QAO,2026-06-11 13:25:10,Closed,4M1DUM,ES_949802,Begin - PDS - Av. Fausto Caruana,Yes,GV_ES_20260611T132458_ES949802,sf_menu_onboarding,2026-06-11 13:24:58,3017,File not recognised as a menu by the language model,Not a Menu Document,"The file was not recognized as a menu by the language model.
        Please upload a genuine menu image/PDF (not a storefront photo, logo, or non-menu content)
        and try again.",sf_menu_onboarding/GV_ES_20260611T132458_ES949802.json,https://console.cloud.google.com/storage/browser/dh-menu-digitalised-images-prod/sf_menu_onboarding/GV_ES_20260611T132458_ES949802,,,
GV_ES,500bO00000uPlMxQAK,2026-06-11 10:27:38,New,HTYE57,ES_949723,Brasil Açaí Villanueva de la Cañada,Yes,GV_ES_20260611T102726_ES949723,sf_menu_onboarding,2026-06-11 10:27:26,3017,File not recognised as a menu by the language model,Not a Menu Document,"The file was not recognized as a menu by the language model.
        Please upload a genuine menu image/PDF (not a storefront photo, logo, or non-menu content)
        and try again.",sf_menu_onboarding/GV_ES_20260611T102726_ES949723.json,https://console.cloud.google.com/storage/browser/dh-menu-digitalised-images-prod/sf_menu_onboarding/GV_ES_20260611T102726_ES949723,,,
GV_ES,500bO00000uKpcVQAS,2026-06-10 13:48:59,Closed,4MQ9P8,ES_949499,Ramen Shifu - CUG - Carrer de Sant Sebastià 16,Yes,GV_ES_20260610T134851_ES949499,sf_menu_onboarding,2026-06-10 13:48:51,3017,File not recognised as a menu by the language model,Not a Menu Document,"The file was not recognized as a menu by the language model.
        Please upload a genuine menu image/PDF (not a storefront photo, logo, or non-menu content)
        and try again.",sf_menu_onboarding/GV_ES_20260610T134851_ES949499.json,https://console.cloud.google.com/storage/browser/dh-menu-digitalised-images-prod/sf_menu_onboarding/GV_ES_20260610T134851_ES949499,,,
GV_ES,500bO00000uKlXFQA0,2026-06-10 13:16:32,Closed,4M1DMF,ES_949487,Assaí by Tasty - STD - C.Cádiz,Yes,GV_ES_20260610T131548_ES949487,sf_menu_onboarding,2026-06-10 13:15:49,3017,File not recognised as a menu by the language model,Not a Menu Document,"The file was not recognized as a menu by the language model.
        Please upload a genuine menu image/PDF (not a storefront photo, logo, or non-menu content)
        and try again.",sf_menu_onboarding/GV_ES_20260610T131548_ES949487.json,https://console.cloud.google.com/storage/browser/dh-menu-digitalised-images-prod/sf_menu_onboarding/GV_ES_20260610T131548_ES949487,,,
GV_ES,500bO00000uIa88QAC,2026-06-10 09:54:16,Closed,4M1BNA,ES_949390,ÑAM CENTRO OESTE,Yes,GV_ES_20260610T095400_ES949390,sf_menu_onboarding,2026-06-10 09:54:00,3017,File not recognised as a menu by the language model,Not a Menu Document,"The file was not recognized as a menu by the language model.
        Please upload a genuine menu image/PDF (not a storefront photo, logo, or non-menu content)
        and try again.",sf_menu_onboarding/GV_ES_20260610T095400_ES949390.json,https://console.cloud.google.com/storage/browser/dh-menu-digitalised-images-prod/sf_menu_onboarding/GV_ES_20260610T095400_ES949390,,,
GV_ES,500bO00000uJEgfQAG,2026-06-10 08:56:43,Closed,4M1B7X,ES_949353,ÑAM PARQUESUR,Yes,GV_ES_20260610T085634_ES949353,sf_menu_onboarding,2026-06-10 08:56:34,3017,File not recognised as a menu by the language model,Not a Menu Document,"The file was not recognized as a menu by the language model.
        Please upload a genuine menu image/PDF (not a storefront photo, logo, or non-menu content)
        and try again.",sf_menu_onboarding/GV_ES_20260610T085634_ES949353.json,https://console.cloud.google.com/storage/browser/dh-menu-digitalised-images-prod/sf_menu_onboarding/GV_ES_20260610T085634_ES949353,,,
GV_ES,500bO00000uJV9VQAW,2026-06-10 08:23:14,Closed,HT0EB3,ES_949335,Nata The Cook Pastry Shop,No,,,,,No DLQ record found (non-SCCS or pre-MDS failure),Not classified (no DLQ),,,,,,
GV_ES,500bO00000uFW4GQAW,2026-06-09 16:26:10,Closed,4MQE1T,ES_949276,Lettus Healthy Food- PNA- Avda Carlos III,Yes,GV_ES_20260609T162603_ES949276,sf_menu_onboarding,2026-06-09 16:26:04,4032,CSV/XLS input too large to process safely,File Not Supported,"The CSV/XLS input is too large to be processed safely.
        Please split the spreadsheet into smaller parts and retry.",sf_menu_onboarding/GV_ES_20260609T162603_ES949276.json,https://console.cloud.google.com/storage/browser/dh-menu-digitalised-images-prod/sf_menu_onboarding/GV_ES_20260609T162603_ES949276,,,
GV_ES,500bO00000uDxbYQAS,2026-06-09 08:29:15,Closed,HTUPNL,ES_949094,RESTAURANTE JIAO YOU XI - 饺有喜,No,,,,,No DLQ record found (non-SCCS or pre-MDS failure),Not classified (no DLQ),,,,,,
GV_ES,500bO00000u9TfGQAU,2026-06-08 17:07:00,Closed,4MQGAH,ES_948996,Madame Saigon,Yes,GV_ES_20260608T170652_ES948996,sf_menu_onboarding,2026-06-08 17:06:53,3014,Image resolution too large (pixel count exceeds limit),MDS Technical Failure,"Image resolution is too large to process.
        Please resize the image to a smaller resolution and try again.
         tot 30933678 max 30000000",sf_menu_onboarding/GV_ES_20260608T170652_ES948996.json,https://console.cloud.google.com/storage/browser/dh-menu-digitalised-images-prod/sf_menu_onboarding/GV_ES_20260608T170652_ES948996,image_1.pdf,8.23,"File: 8.23 MB on disk. Pixel count: 30,933,678 px (+3.1% over 30M limit). High-DPI scan; minor compression would fix."
GV_ES,500bO00000u8mTtQAI,2026-06-08 15:38:30,Closed,4MQTXN,ES_948976,"Deep Detroit Style Pizza - BCN - Carrer del Taquígraf Serra, 26, Les Corts, 08029 Barcelona",Yes,GV_ES_20260608T153820_ES948976,sf_menu_onboarding,2026-06-08 15:38:20,3017,File not recognised as a menu by the language model,Not a Menu Document,"The file was not recognized as a menu by the language model.
        Please upload a genuine menu image/PDF (not a storefront photo, logo, or non-menu content)
        and try again.",sf_menu_onboarding/GV_ES_20260608T153820_ES948976.json,https://console.cloud.google.com/storage/browser/dh-menu-digitalised-images-prod/sf_menu_onboarding/GV_ES_20260608T153820_ES948976,,,
GV_ES,500bO00000u8RuAQAU,2026-06-08 14:46:09,Closed,HTUCC9,ES_948963,D'Tacos,Yes,GV_ES_20260608T144554_ES948963,sf_menu_onboarding,2026-06-08 14:45:54,3013,Not enough menu items extracted (fewer than 3),Lesser than 3 Items,"Not enough menu items were extracted (fewer than 3).
        Please upload a clearer, higher-quality menu image/PDF
        (well-lit, not blurry, complete menu) and try again.",sf_menu_onboarding/GV_ES_20260608T144554_ES948963.json,https://console.cloud.google.com/storage/browser/dh-menu-digitalised-images-prod/sf_menu_onboarding/GV_ES_20260608T144554_ES948963,,,
GV_ES,500bO00000tytMzQAI,2026-06-05 19:51:12,Closed,4MQMFD,ES_948699,Chichicko - TGN - Carrer de Lleida,Yes,GV_ES_20260605T195100_ES948699,sf_menu_onboarding,2026-06-05 19:51:00,3017,File not recognised as a menu by the language model,Not a Menu Document,"The file was not recognized as a menu by the language model.
        Please upload a genuine menu image/PDF (not a storefront photo, logo, or non-menu content)
        and try again.",sf_menu_onboarding/GV_ES_20260605T195100_ES948699.json,https://console.cloud.google.com/storage/browser/dh-menu-digitalised-images-prod/sf_menu_onboarding/GV_ES_20260605T195100_ES948699,,,
GV_ES,500bO00000tyRSdQAM,2026-06-05 18:21:11,Closed,4MQCX1,ES_948680,Fat Smash - REU - Carrer de Sor Lluïsa Estivill,Yes,GV_ES_20260605T182059_ES948680,sf_menu_onboarding,2026-06-05 18:20:59,3017,File not recognised as a menu by the language model,Not a Menu Document,"The file was not recognized as a menu by the language model.
        Please upload a genuine menu image/PDF (not a storefront photo, logo, or non-menu content)
        and try again.",sf_menu_onboarding/GV_ES_20260605T182059_ES948680.json,https://console.cloud.google.com/storage/browser/dh-menu-digitalised-images-prod/sf_menu_onboarding/GV_ES_20260605T182059_ES948680,,,
GV_ES,500bO00000tx4GHQAY,2026-06-05 13:33:27,Closed,4MQ8XS,ES_938539,Turtle Smash - FDA - Av de la Universidad,Yes,GV_ES_20260605T133317_ES938539,sf_menu_onboarding,2026-06-05 13:33:17,3017,File not recognised as a menu by the language model,Not a Menu Document,"The file was not recognized as a menu by the language model.
        Please upload a genuine menu image/PDF (not a storefront photo, logo, or non-menu content)
        and try again.",sf_menu_onboarding/GV_ES_20260605T133317_ES938539.json,https://console.cloud.google.com/storage/browser/dh-menu-digitalised-images-prod/sf_menu_onboarding/GV_ES_20260605T133317_ES938539,,,
GV_ES,500bO00000txCgmQAE,2026-06-05 12:14:30,Closed,4MXVXD,ES_938522,Black Turtle - FDA - Av. Universidad,Yes,GV_ES_20260605T121423_ES938522,sf_menu_onboarding,2026-06-05 12:14:24,3015,File does not look like a restaurant menu,Not a Menu Document,"The file does not look like a restaurant menu.
        Please upload a clear menu (with items and prices) and ensure the content is not a receipt,
        flyer, or unrelated image.",sf_menu_onboarding/GV_ES_20260605T121423_ES938522.json,https://console.cloud.google.com/storage/browser/dh-menu-digitalised-images-prod/sf_menu_onboarding/GV_ES_20260605T121423_ES938522,,,
GV_ES,500bO00000tfTUlQAM,2026-06-02 10:58:45,Closed,HTU43B,ES_937696,Tacos Galos - TGN - Rambla de Ponent 1,Yes,GV_ES_20260602T105839_ES937696,sf_menu_onboarding,2026-06-02 10:58:39,3015,File does not look like a restaurant menu,Not a Menu Document,"The file does not look like a restaurant menu.
        Please upload a clear menu (with items and prices) and ensure the content is not a receipt,
        flyer, or unrelated image.",sf_menu_onboarding/GV_ES_20260602T105839_ES937696.json,https://console.cloud.google.com/storage/browser/dh-menu-digitalised-images-prod/sf_menu_onboarding/GV_ES_20260602T105839_ES937696,,,
GV_ES,500bO00000tc27ZQAQ,2026-06-01 16:22:16,Closed,4MXWRE,ES_937578,Monkey Food - BJZ- Av. Sinforiano Madroñero,Yes,GV_ES_20260601T162150_ES937578,salesforce_acquisition,2026-06-01 16:21:50,4032,CSV/XLS input too large to process safely,File Not Supported,"The CSV/XLS input is too large to be processed safely.
        Please split the spreadsheet into smaller parts and retry.",salesforce_acquisition/GV_ES_20260601T162150_ES937578.json,https://console.cloud.google.com/storage/browser/dh-menu-digitalised-images-prod/salesforce_acquisition/GV_ES_20260601T162150_ES937578,,,
GV_ES,500bO00000tYEoxQAG,2026-06-01 11:39:54,Closed,4MXHCV,ES_937515,Tacos al Maghrib,No,,,,,No DLQ record found (non-SCCS or pre-MDS failure),Not classified (no DLQ),,,,,,
GV_ES,500bO00000tSpuZQAS,2026-05-30 14:43:30,Closed,HTWT4P,ES_937377,La Academia Burger,Yes,GV_ES_20260530T144321_ES937377,sf_menu_onboarding,2026-05-30 14:43:21,3015,File does not look like a restaurant menu,Not a Menu Document,"The file does not look like a restaurant menu.
        Please upload a clear menu (with items and prices) and ensure the content is not a receipt,
        flyer, or unrelated image.",sf_menu_onboarding/GV_ES_20260530T144321_ES937377.json,https://console.cloud.google.com/storage/browser/dh-menu-digitalised-images-prod/sf_menu_onboarding/GV_ES_20260530T144321_ES937377,,,
GV_ES,500bO00000tT8nLQAS,2026-05-30 08:43:44,Closed,4MVAP4,ES_937313,Restaurante Entre Lías- ODB - C. de los Reyes Católicos,Yes,GV_ES_20260530T084335_ES937313,sf_menu_onboarding,2026-05-30 08:43:36,3015,File does not look like a restaurant menu,Not a Menu Document,"The file does not look like a restaurant menu.
        Please upload a clear menu (with items and prices) and ensure the content is not a receipt,
        flyer, or unrelated image.",sf_menu_onboarding/GV_ES_20260530T084335_ES937313.json,https://console.cloud.google.com/storage/browser/dh-menu-digitalised-images-prod/sf_menu_onboarding/GV_ES_20260530T084335_ES937313,,,
GV_ES,500bO00000tT5EPQA0,2026-05-30 08:37:26,Closed,4MX9Z0,ES_937312,"Nachos Machos BCN - Carrer del Taquígraf Serra, 26, Les Corts, 08029 Barcelona",Yes,GV_ES_20260530T083718_ES937312,sf_menu_onboarding,2026-05-30 08:37:18,3015,File does not look like a restaurant menu,Not a Menu Document,"The file does not look like a restaurant menu.
        Please upload a clear menu (with items and prices) and ensure the content is not a receipt,
        flyer, or unrelated image.",sf_menu_onboarding/GV_ES_20260530T083718_ES937312.json,https://console.cloud.google.com/storage/browser/dh-menu-digitalised-images-prod/sf_menu_onboarding/GV_ES_20260530T083718_ES937312,,,
GV_ES,500bO00000tT9LCQA0,2026-05-30 08:33:39,Closed,HT0FUN,ES_937311,El Farolito Gracia,Yes,GV_ES_20260530T083332_ES937311,sf_menu_onboarding,2026-05-30 08:33:32,3015,File does not look like a restaurant menu,Not a Menu Document,"The file does not look like a restaurant menu.
        Please upload a clear menu (with items and prices) and ensure the content is not a receipt,
        flyer, or unrelated image.",sf_menu_onboarding/GV_ES_20260530T083332_ES937311.json,https://console.cloud.google.com/storage/browser/dh-menu-digitalised-images-prod/sf_menu_onboarding/GV_ES_20260530T083332_ES937311,,,
GV_ES,500bO00000tQTepQAG,2026-05-29 19:35:00,Closed,4MX9ZI,ES_937306,Milanesa Haus QSA - Av. Guiera 6 08290 Cerdanyola del Vallés,Yes,GV_ES_20260529T193453_ES937306,sf_menu_onboarding,2026-05-29 19:34:53,3015,File does not look like a restaurant menu,Not a Menu Document,"The file does not look like a restaurant menu.
        Please upload a clear menu (with items and prices) and ensure the content is not a receipt,
        flyer, or unrelated image.",sf_menu_onboarding/GV_ES_20260529T193453_ES937306.json,https://console.cloud.google.com/storage/browser/dh-menu-digitalised-images-prod/sf_menu_onboarding/GV_ES_20260529T193453_ES937306,,,
GV_ES,500bO00000tQoBBQA0,2026-05-29 18:42:58,Closed,HT0EIN,ES_937302,Cocoa,Yes,GV_ES_20260529T184249_ES937302,sf_menu_onboarding,2026-05-29 18:42:49,3015,File does not look like a restaurant menu,Not a Menu Document,"The file does not look like a restaurant menu.
        Please upload a clear menu (with items and prices) and ensure the content is not a receipt,
        flyer, or unrelated image.",sf_menu_onboarding/GV_ES_20260529T184249_ES937302.json,https://console.cloud.google.com/storage/browser/dh-menu-digitalised-images-prod/sf_menu_onboarding/GV_ES_20260529T184249_ES937302,,,
GV_ES,500bO00000tEyO3QAK,2026-05-27 12:11:25,Closed,HT0ONN,ES_936725,"Home Pizza - GAV - Carrer de Montserrat Roig, 14",Yes,GV_ES_20260527T121116_ES936725,sf_menu_onboarding,2026-05-27 12:11:16,3017,File not recognised as a menu by the language model,Not a Menu Document,"The file was not recognized as a menu by the language model.
        Please upload a genuine menu image/PDF (not a storefront photo, logo, or non-menu content)
        and try again.",sf_menu_onboarding/GV_ES_20260527T121116_ES936725.json,https://console.cloud.google.com/storage/browser/dh-menu-digitalised-images-prod/sf_menu_onboarding/GV_ES_20260527T121116_ES936725,,,
GV_ES,500bO00000tEFXVQA4,2026-05-27 09:59:20,Closed,4MXX0H,ES_936649,"Birria Burrito ZAR - Cam. de los Molinos, 42, 50015 Zaragoza",Yes,GV_ES_20260527T095910_ES936649,sf_menu_onboarding,2026-05-27 09:59:10,3015,File does not look like a restaurant menu,Not a Menu Document,"The file does not look like a restaurant menu.
        Please upload a clear menu (with items and prices) and ensure the content is not a receipt,
        flyer, or unrelated image.",sf_menu_onboarding/GV_ES_20260527T095910_ES936649.json,https://console.cloud.google.com/storage/browser/dh-menu-digitalised-images-prod/sf_menu_onboarding/GV_ES_20260527T095910_ES936649,,,
GV_ES,500bO00000tDyUvQAK,2026-05-27 08:36:59,Closed,4MXXUL,ES_936621,"Ay Mamita Mexican Bowls ZAR - Cam. de los Molinos, 42, 50015 Zaragoza",Yes,GV_ES_20260527T083653_ES936621,sf_menu_onboarding,2026-05-27 08:36:53,3015,File does not look like a restaurant menu,Not a Menu Document,"The file does not look like a restaurant menu.
        Please upload a clear menu (with items and prices) and ensure the content is not a receipt,
        flyer, or unrelated image.",sf_menu_onboarding/GV_ES_20260527T083653_ES936621.json,https://console.cloud.google.com/storage/browser/dh-menu-digitalised-images-prod/sf_menu_onboarding/GV_ES_20260527T083653_ES936621,,,
GV_ES,500bO00000tBvHwQAK,2026-05-26 19:47:31,Closed,HT0OSH,ES_936562,Chila - BCN - Carrer de Mallorca 188,Yes,GV_ES_20260526T194621_ES936562,sf_menu_onboarding,2026-05-26 19:46:22,3013,Not enough menu items extracted (fewer than 3),Lesser than 3 Items,"Not enough menu items were extracted (fewer than 3).
        Please upload a clearer, higher-quality menu image/PDF
        (well-lit, not blurry, complete menu) and try again.",sf_menu_onboarding/GV_ES_20260526T194621_ES936562.json,https://console.cloud.google.com/storage/browser/dh-menu-digitalised-images-prod/sf_menu_onboarding/GV_ES_20260526T194621_ES936562,,,
GV_ES,500bO00000tBe2XQAS,2026-05-26 16:49:52,Closed,HTNXX0,ES_936538,Monkey Food - SEV - mata de carriazo,Yes,GV_ES_20260526T164946_ES936538,sf_menu_onboarding,2026-05-26 16:49:46,4032,CSV/XLS input too large to process safely,File Not Supported,"The CSV/XLS input is too large to be processed safely.
        Please split the spreadsheet into smaller parts and retry.",sf_menu_onboarding/GV_ES_20260526T164946_ES936538.json,https://console.cloud.google.com/storage/browser/dh-menu-digitalised-images-prod/sf_menu_onboarding/GV_ES_20260526T164946_ES936538,,,
GV_ES,500bO00000tBai4QAC,2026-05-26 16:47:12,Closed,HTNQI5,ES_936536,Monkey Food - HUV - Av. Martín Alonso PinzóN,Yes,GV_ES_20260526T164706_ES936536,sf_menu_onboarding,2026-05-26 16:47:07,4032,CSV/XLS input too large to process safely,File Not Supported,"The CSV/XLS input is too large to be processed safely.
        Please split the spreadsheet into smaller parts and retry.",sf_menu_onboarding/GV_ES_20260526T164706_ES936536.json,https://console.cloud.google.com/storage/browser/dh-menu-digitalised-images-prod/sf_menu_onboarding/GV_ES_20260526T164706_ES936536,,,
GV_ES,500bO00000tBGTKQA4,2026-05-26 16:45:50,Closed,HTN219,ES_936535,NORMAL burger bar,Yes,GV_ES_20260526T164543_ES936535,sf_menu_onboarding,2026-05-26 16:45:43,3015,File does not look like a restaurant menu,Not a Menu Document,"The file does not look like a restaurant menu.
        Please upload a clear menu (with items and prices) and ensure the content is not a receipt,
        flyer, or unrelated image.",sf_menu_onboarding/GV_ES_20260526T164543_ES936535.json,https://console.cloud.google.com/storage/browser/dh-menu-digitalised-images-prod/sf_menu_onboarding/GV_ES_20260526T164543_ES936535,,,
GV_ES,500bO00000tB9wRQAS,2026-05-26 15:46:58,Closed,HT0JAX,ES_936520,McDonald's - 1190 - POR - Rua das Angustias,Yes,GV_ES_20260526T154650_ES936520,sf_menu_onboarding,2026-05-26 15:46:51,4032,CSV/XLS input too large to process safely,File Not Supported,"The CSV/XLS input is too large to be processed safely.
        Please split the spreadsheet into smaller parts and retry.",sf_menu_onboarding/GV_ES_20260526T154650_ES936520.json,https://console.cloud.google.com/storage/browser/dh-menu-digitalised-images-prod/sf_menu_onboarding/GV_ES_20260526T154650_ES936520,,,
GV_ES,500bO00000tAQJXQA4,2026-05-26 13:55:14,Closed,HTTJXR,ES_936460,"F De Focaccia - MAD -Av. del General Perón, 24, Tetuán, 28020 Madrid",Yes,GV_ES_20260526T135502_ES936460,sf_menu_onboarding,2026-05-26 13:55:02,3015,File does not look like a restaurant menu,Not a Menu Document,"The file does not look like a restaurant menu.
        Please upload a clear menu (with items and prices) and ensure the content is not a receipt,
        flyer, or unrelated image.",sf_menu_onboarding/GV_ES_20260526T135502_ES936460.json,https://console.cloud.google.com/storage/browser/dh-menu-digitalised-images-prod/sf_menu_onboarding/GV_ES_20260526T135502_ES936460,,,
GV_ES,500bO00000tAMVsQAO,2026-05-26 12:01:50,Closed,4MXPO1,ES_936404,Black Turtle - MAL - Calle Vendeja,Yes,GV_ES_20260526T120147_ES936404,salesforce_acquisition,2026-05-26 12:01:47,3015,File does not look like a restaurant menu,Not a Menu Document,"The file does not look like a restaurant menu.
        Please upload a clear menu (with items and prices) and ensure the content is not a receipt,
        flyer, or unrelated image.",salesforce_acquisition/GV_ES_20260526T120147_ES936404.json,https://console.cloud.google.com/storage/browser/dh-menu-digitalised-images-prod/salesforce_acquisition/GV_ES_20260526T120147_ES936404,,,
GV_ES,500bO00000tARX7QAO,2026-05-26 11:32:56,Closed,HTNIKX,ES_936389,Enrique Tomás - MAD - Calle de Atocha,Yes,GV_ES_20260526T113248_ES936389,sf_menu_onboarding,2026-05-26 11:32:48,3017,File not recognised as a menu by the language model,Not a Menu Document,"The file was not recognized as a menu by the language model.
        Please upload a genuine menu image/PDF (not a storefront photo, logo, or non-menu content)
        and try again.",sf_menu_onboarding/GV_ES_20260526T113248_ES936389.json,https://console.cloud.google.com/storage/browser/dh-menu-digitalised-images-prod/sf_menu_onboarding/GV_ES_20260526T113248_ES936389,,,
GV_ES,500bO00000t5oMHQAY,2026-05-25 14:40:55,Closed,HTTYB8,ES_936149,El Molí Pan y Café,Yes,GV_ES_20260525T144049_ES936149,sf_menu_onboarding,2026-05-25 14:40:49,3015,File does not look like a restaurant menu,Not a Menu Document,"The file does not look like a restaurant menu.
        Please upload a clear menu (with items and prices) and ensure the content is not a receipt,
        flyer, or unrelated image.",sf_menu_onboarding/GV_ES_20260525T144049_ES936149.json,https://console.cloud.google.com/storage/browser/dh-menu-digitalised-images-prod/sf_menu_onboarding/GV_ES_20260525T144049_ES936149,,,
GV_ES,500bO00000t5LP7QAM,2026-05-25 11:30:02,Closed,HPARSK,ES_936041,Roots Cafe,Yes,GV_ES_20260525T112955_ES936041,sf_menu_onboarding,2026-05-25 11:29:55,3015,File does not look like a restaurant menu,Not a Menu Document,"The file does not look like a restaurant menu.
        Please upload a clear menu (with items and prices) and ensure the content is not a receipt,
        flyer, or unrelated image.",sf_menu_onboarding/GV_ES_20260525T112955_ES936041.json,https://console.cloud.google.com/storage/browser/dh-menu-digitalised-images-prod/sf_menu_onboarding/GV_ES_20260525T112955_ES936041,,,
GV_GE,500bO00000uJSJoQAO,2026-06-10 09:48:13,Closed,HTY4UD,GE_949379,Your roll,Yes,GV_GE_20260610T094646_GE949379,sf_menu_onboarding,2026-06-10 09:46:46,3013,Not enough menu items extracted (fewer than 3),Lesser than 3 Items,"Not enough menu items were extracted (fewer than 3).
        Please upload a clearer, higher-quality menu image/PDF
        (well-lit, not blurry, complete menu) and try again.",sf_menu_onboarding/GV_GE_20260610T094646_GE949379.json,https://console.cloud.google.com/storage/browser/dh-menu-digitalised-images-prod/sf_menu_onboarding/GV_GE_20260610T094646_GE949379,,,
GV_GE,500bO00000tsCsXQAU,2026-06-04 09:45:07,Closed,HTURR1,GE_938203,Cafe-Lounge Savane,Yes,GV_GE_20260604T094501_GE938203,sf_menu_onboarding,2026-06-04 09:45:02,99,Internal processing error (NoneType attribute missing),MDS Technical Failure,Missing optional dependency 'xlrd'. Install xlrd >= 2.0.1 for xls Excel support Use pip or conda to install xlrd.,sf_menu_onboarding/GV_GE_20260604T094501_GE938203.json,https://console.cloud.google.com/storage/browser/dh-menu-digitalised-images-prod/sf_menu_onboarding/GV_GE_20260604T094501_GE938203,,,
GV_HR,500bO00000tXUpHQAW,2026-06-01 08:37:31,Closed,HT0OWK,HR_937443,Grill House,Yes,GV_HR_20260601T083726_HR937443,sf_menu_onboarding,2026-06-01 08:37:26,3014,Image resolution too large (pixel count exceeds limit),MDS Technical Failure,"Image resolution is too large to process.
        Please resize the image to a smaller resolution and try again.
         tot 30943032 max 30000000",sf_menu_onboarding/GV_HR_20260601T083726_HR937443.json,https://console.cloud.google.com/storage/browser/dh-menu-digitalised-images-prod/sf_menu_onboarding/GV_HR_20260601T083726_HR937443,image_1.pdf,0.06,"File: 0.06 MB on disk. Pixel count: 30,943,032 px (+3.1% over 30M limit). High-DPI scan; minor compression would fix."
GV_HR,500bO00000tWN3XQAW,2026-06-01 07:36:41,Closed,HT0MKE,HR_937430,Čudesa od mesa #2 by Magazinska Klet,Yes,GV_HR_20260601T073635_HR937430,sf_menu_onboarding,2026-06-01 07:36:37,3014,Image resolution too large (pixel count exceeds limit),MDS Technical Failure,"Image resolution is too large to process.
        Please resize the image to a smaller resolution and try again.
         tot 249654691 max 30000000",sf_menu_onboarding/GV_HR_20260601T073635_HR937430.json,https://console.cloud.google.com/storage/browser/dh-menu-digitalised-images-prod/sf_menu_onboarding/GV_HR_20260601T073635_HR937430,image_1.pdf,6.75,"File: 6.75 MB on disk. Pixel count: 249,654,691 px (+732.2% over 30M limit). Extremely high-DPI scan."
GV_IT,500bO00000uTtVbQAK,2026-06-12 07:51:59,New,HTY3G3,IT_949940,La camicia 1992,Yes,GV_IT_20260612T075136_IT949940,sf_menu_onboarding,2026-06-12 07:51:36,3017,File not recognised as a menu by the language model,Not a Menu Document,"The file was not recognized as a menu by the language model.
        Please upload a genuine menu image/PDF (not a storefront photo, logo, or non-menu content)
        and try again.",sf_menu_onboarding/GV_IT_20260612T075136_IT949940.json,https://console.cloud.google.com/storage/browser/dh-menu-digitalised-images-prod/sf_menu_onboarding/GV_IT_20260612T075136_IT949940,,,
GV_IT,500bO00000uRagiQAC,2026-06-11 17:32:24,Closed,HTYGJZ,IT_949913,Bello Garno - Il Cassone Riminese,No,,,,,No DLQ record found (non-SCCS or pre-MDS failure),Not classified (no DLQ),,,,,,
GV_IT,500bO00000uRaSGQA0,2026-06-11 17:00:06,New,HTYGHY,IT_949900,Rumba Smash,Yes,GV_IT_20260611T165911_IT949900,sf_menu_onboarding,2026-06-11 16:59:12,3014,Image resolution too large (pixel count exceeds limit),MDS Technical Failure,"Image resolution is too large to process.
        Please resize the image to a smaller resolution and try again.
         tot 36000000 max 30000000",sf_menu_onboarding/GV_IT_20260611T165911_IT949900.json,https://console.cloud.google.com/storage/browser/dh-menu-digitalised-images-prod/sf_menu_onboarding/GV_IT_20260611T165911_IT949900,image_1.pdf,0.05,"File: 0.05 MB on disk. Pixel count: 36,000,000 px (+20.0% over 30M limit). High-DPI scan; minor compression would fix."
GV_IT,500bO00000uS6QPQA0,2026-06-11 16:26:59,New,HTYE7M,IT_949877,UnBurger Martinsicuro,Yes,GV_IT_20260611T162309_IT949877,sf_menu_onboarding,2026-06-11 16:23:09,3013,Not enough menu items extracted (fewer than 3),Lesser than 3 Items,"Not enough menu items were extracted (fewer than 3).
        Please upload a clearer, higher-quality menu image/PDF
        (well-lit, not blurry, complete menu) and try again.",sf_menu_onboarding/GV_IT_20260611T162309_IT949877.json,https://console.cloud.google.com/storage/browser/dh-menu-digitalised-images-prod/sf_menu_onboarding/GV_IT_20260611T162309_IT949877,,,
GV_IT,500bO00000uPiNVQA0,2026-06-11 08:44:40,Closed,HTUZ9L,IT_949658,Antica Pizzeria RossoMargherita,Yes,GV_IT_20260611T084426_IT949658,sf_menu_onboarding,2026-06-11 08:44:27,3014,Image resolution too large (pixel count exceeds limit),MDS Technical Failure,"Image resolution is too large to process.
        Please resize the image to a smaller resolution and try again.
         tot 39276564 max 30000000",sf_menu_onboarding/GV_IT_20260611T084426_IT949658.json,https://console.cloud.google.com/storage/browser/dh-menu-digitalised-images-prod/sf_menu_onboarding/GV_IT_20260611T084426_IT949658,image_1.pdf,4.26,"File: 4.26 MB on disk. Pixel count: 39,276,564 px (+30.9% over 30M limit). High-DPI scan; minor compression would fix."
GV_IT,500bO00000uPEe1QAG,2026-06-11 07:47:41,Closed,HT87PS,IT_949636,Brunch Republic,Yes,GV_IT_20260611T074613_IT949636,sf_menu_onboarding,2026-06-11 07:46:13,3017,File not recognised as a menu by the language model,Not a Menu Document,"The file was not recognized as a menu by the language model.
        Please upload a genuine menu image/PDF (not a storefront photo, logo, or non-menu content)
        and try again.",sf_menu_onboarding/GV_IT_20260611T074613_IT949636.json,https://console.cloud.google.com/storage/browser/dh-menu-digitalised-images-prod/sf_menu_onboarding/GV_IT_20260611T074613_IT949636,,,
GV_IT,500bO00000uMMheQAG,2026-06-10 18:55:13,Closed,4M14DU,IT_949585,Billy Tacos by Roadhouse - TRE - Via Bergamo,Yes,GV_IT_20260610T185504_IT949585,sf_menu_onboarding,2026-06-10 18:55:04,3017,File not recognised as a menu by the language model,Not a Menu Document,"The file was not recognized as a menu by the language model.
        Please upload a genuine menu image/PDF (not a storefront photo, logo, or non-menu content)
        and try again.",sf_menu_onboarding/GV_IT_20260610T185504_IT949585.json,https://console.cloud.google.com/storage/browser/dh-menu-digitalised-images-prod/sf_menu_onboarding/GV_IT_20260610T185504_IT949585,,,
GV_IT,500bO00000uMNk5QAG,2026-06-10 17:36:59,Closed,HP1WZB,IT_949573,Doppio Malto Pompei,Yes,GV_IT_20260610T173648_IT949573,sf_menu_onboarding,2026-06-10 17:36:49,3017,File not recognised as a menu by the language model,Not a Menu Document,"The file was not recognized as a menu by the language model.
        Please upload a genuine menu image/PDF (not a storefront photo, logo, or non-menu content)
        and try again.",sf_menu_onboarding/GV_IT_20260610T173648_IT949573.json,https://console.cloud.google.com/storage/browser/dh-menu-digitalised-images-prod/sf_menu_onboarding/GV_IT_20260610T173648_IT949573,,,
GV_IT,500bO00000uMJdFQAW,2026-06-10 17:26:12,Closed,HTS2KP,IT_949569,Sweet Kiss,Yes,GV_IT_20260610T172603_IT949569,sf_menu_onboarding,2026-06-10 17:26:04,3017,File not recognised as a menu by the language model,Not a Menu Document,"The file was not recognized as a menu by the language model.
        Please upload a genuine menu image/PDF (not a storefront photo, logo, or non-menu content)
        and try again.",sf_menu_onboarding/GV_IT_20260610T172603_IT949569.json,https://console.cloud.google.com/storage/browser/dh-menu-digitalised-images-prod/sf_menu_onboarding/GV_IT_20260610T172603_IT949569,,,
GV_IT,500bO00000uJLtKQAW,2026-06-10 08:27:25,Closed,HTUW9V,IT_949337,Pizzeria Napoletana Reginé,Yes,GV_IT_20260610T082516_IT949337,sf_menu_onboarding,2026-06-10 08:25:16,3017,File not recognised as a menu by the language model,Not a Menu Document,"The file was not recognized as a menu by the language model.
        Please upload a genuine menu image/PDF (not a storefront photo, logo, or non-menu content)
        and try again.",sf_menu_onboarding/GV_IT_20260610T082516_IT949337.json,https://console.cloud.google.com/storage/browser/dh-menu-digitalised-images-prod/sf_menu_onboarding/GV_IT_20260610T082516_IT949337,,,
GV_IT,500bO00000uFeRdQAK,2026-06-09 15:31:47,Closed,HT06AB,IT_949265,Terra Mia Ristorante Pizzeria,No,,,,,No DLQ record found (non-SCCS or pre-MDS failure),Not classified (no DLQ),,,,,,
GV_IT,500bO00000uFgy3QAC,2026-06-09 15:11:40,Closed,HTUQS3,IT_949258,Green Pizza Padova,No,,,,,No DLQ record found (non-SCCS or pre-MDS failure),Not classified (no DLQ),,,,,,
GV_IT,500bO00000uEXoqQAG,2026-06-09 11:05:01,Closed,HTUPTR,IT_949160,Ristorante Be Kind Cattolica,Yes,GV_IT_20260609T110429_IT949160,sf_menu_onboarding,2026-06-09 11:04:30,3013,Not enough menu items extracted (fewer than 3),Lesser than 3 Items,"Not enough menu items were extracted (fewer than 3).
        Please upload a clearer, higher-quality menu image/PDF
        (well-lit, not blurry, complete menu) and try again.",sf_menu_onboarding/GV_IT_20260609T110429_IT949160.json,https://console.cloud.google.com/storage/browser/dh-menu-digitalised-images-prod/sf_menu_onboarding/GV_IT_20260609T110429_IT949160,,,
GV_IT,500bO00000uEXyOQAW,2026-06-09 10:44:40,Closed,HTUPC3,IT_949149,Mollicafe',Yes,GV_IT_20260609T104430_IT949149,sf_menu_onboarding,2026-06-09 10:44:30,3017,File not recognised as a menu by the language model,Not a Menu Document,"The file was not recognized as a menu by the language model.
        Please upload a genuine menu image/PDF (not a storefront photo, logo, or non-menu content)
        and try again.",sf_menu_onboarding/GV_IT_20260609T104430_IT949149.json,https://console.cloud.google.com/storage/browser/dh-menu-digitalised-images-prod/sf_menu_onboarding/GV_IT_20260609T104430_IT949149,,,
GV_IT,500bO00000uCaNfQAK,2026-06-09 08:05:20,Closed,4MQASB,IT_949084,Dunkers Smash Burger Club - MIL - Via Santa Monica,Yes,GV_IT_20260609T080443_IT949084,sf_menu_onboarding,2026-06-09 08:04:43,3017,File not recognised as a menu by the language model,Not a Menu Document,"The file was not recognized as a menu by the language model.
        Please upload a genuine menu image/PDF (not a storefront photo, logo, or non-menu content)
        and try again.",sf_menu_onboarding/GV_IT_20260609T080443_IT949084.json,https://console.cloud.google.com/storage/browser/dh-menu-digitalised-images-prod/sf_menu_onboarding/GV_IT_20260609T080443_IT949084,,,
GV_IT,500bO00000uDL81QAG,2026-06-09 07:15:16,Closed,HTNIHE,IT_949058,Ristorante Greco Apollonia,No,,,,,No DLQ record found (non-SCCS or pre-MDS failure),Not classified (no DLQ),,,,,,
GV_IT,500bO00000uCHkqQAG,2026-06-09 03:16:11,Closed,HT0OC0,IT_949020,Iso Sushi,Yes,GV_IT_20260609T031526_IT949020,sf_menu_onboarding,2026-06-09 03:15:26,3013,Not enough menu items extracted (fewer than 3),Lesser than 3 Items,"Not enough menu items were extracted (fewer than 3).
        Please upload a clearer, higher-quality menu image/PDF
        (well-lit, not blurry, complete menu) and try again.",sf_menu_onboarding/GV_IT_20260609T031526_IT949020.json,https://console.cloud.google.com/storage/browser/dh-menu-digitalised-images-prod/sf_menu_onboarding/GV_IT_20260609T031526_IT949020,,,
GV_IT,500bO00000u9mBdQAI,2026-06-08 17:48:34,Closed,HPLV6P,IT_949006,Mizu,Yes,GV_IT_20260608T174824_IT949006,sf_menu_onboarding,2026-06-08 17:48:25,3017,File not recognised as a menu by the language model,Not a Menu Document,"The file was not recognized as a menu by the language model.
        Please upload a genuine menu image/PDF (not a storefront photo, logo, or non-menu content)
        and try again.",sf_menu_onboarding/GV_IT_20260608T174824_IT949006.json,https://console.cloud.google.com/storage/browser/dh-menu-digitalised-images-prod/sf_menu_onboarding/GV_IT_20260608T174824_IT949006,,,
GV_IT,500bO00000u9OAwQAM,2026-06-08 17:38:28,Closed,HPLVT2,IT_949004,Le Sicilianedde -  La Bottega,Yes,GV_IT_20260608T173812_IT949004,sf_menu_onboarding,2026-06-08 17:38:12,3017,File not recognised as a menu by the language model,Not a Menu Document,"The file was not recognized as a menu by the language model.
        Please upload a genuine menu image/PDF (not a storefront photo, logo, or non-menu content)
        and try again.",sf_menu_onboarding/GV_IT_20260608T173812_IT949004.json,https://console.cloud.google.com/storage/browser/dh-menu-digitalised-images-prod/sf_menu_onboarding/GV_IT_20260608T173812_IT949004,,,
GV_IT,500bO00000u9bPuQAI,2026-06-08 17:33:36,Closed,HPT5FU,IT_949003,Le Sicilianedde - Ristorante,Yes,GV_IT_20260608T173320_IT949003,sf_menu_onboarding,2026-06-08 17:33:20,3013,Not enough menu items extracted (fewer than 3),Lesser than 3 Items,"Not enough menu items were extracted (fewer than 3).
        Please upload a clearer, higher-quality menu image/PDF
        (well-lit, not blurry, complete menu) and try again.",sf_menu_onboarding/GV_IT_20260608T173320_IT949003.json,https://console.cloud.google.com/storage/browser/dh-menu-digitalised-images-prod/sf_menu_onboarding/GV_IT_20260608T173320_IT949003,,,
GV_IT,500bO00000u9BgqQAE,2026-06-08 17:27:34,Closed,HTUNJM,IT_948994,Pharina 2.0,Yes,GV_IT_20260608T172721_IT948994,sf_menu_onboarding,2026-06-08 17:27:21,3017,File not recognised as a menu by the language model,Not a Menu Document,"The file was not recognized as a menu by the language model.
        Please upload a genuine menu image/PDF (not a storefront photo, logo, or non-menu content)
        and try again.",sf_menu_onboarding/GV_IT_20260608T172721_IT948994.json,https://console.cloud.google.com/storage/browser/dh-menu-digitalised-images-prod/sf_menu_onboarding/GV_IT_20260608T172721_IT948994,,,
GV_IT,500bO00000u9bJRQAY,2026-06-08 17:22:35,Closed,HTUNRN,IT_949000,Le Sicilianedde - Gelateria & Pasticceria - Viale Parioli,Yes,GV_IT_20260608T172216_IT949000,sf_menu_onboarding,2026-06-08 17:22:16,3017,File not recognised as a menu by the language model,Not a Menu Document,"The file was not recognized as a menu by the language model.
        Please upload a genuine menu image/PDF (not a storefront photo, logo, or non-menu content)
        and try again.",sf_menu_onboarding/GV_IT_20260608T172216_IT949000.json,https://console.cloud.google.com/storage/browser/dh-menu-digitalised-images-prod/sf_menu_onboarding/GV_IT_20260608T172216_IT949000,,,
GV_IT,500bO00000u8fYnQAI,2026-06-08 13:42:44,Closed,4MXS09,IT_948944,Sole&Sapore Presso Natura sì via carducci 2,Yes,GV_IT_20260608T134233_IT948944,sf_menu_onboarding,2026-06-08 13:42:33,3017,File not recognised as a menu by the language model,Not a Menu Document,"The file was not recognized as a menu by the language model.
        Please upload a genuine menu image/PDF (not a storefront photo, logo, or non-menu content)
        and try again.",sf_menu_onboarding/GV_IT_20260608T134233_IT948944.json,https://console.cloud.google.com/storage/browser/dh-menu-digitalised-images-prod/sf_menu_onboarding/GV_IT_20260608T134233_IT948944,,,
GV_IT,500bO00000u82SfQAI,2026-06-08 13:20:24,Closed,HT0BBA,IT_948936,Sole&Sapore Milano Rombon,Yes,GV_IT_20260608T132006_IT948936,sf_menu_onboarding,2026-06-08 13:20:06,3013,Not enough menu items extracted (fewer than 3),Lesser than 3 Items,"Not enough menu items were extracted (fewer than 3).
        Please upload a clearer, higher-quality menu image/PDF
        (well-lit, not blurry, complete menu) and try again.",sf_menu_onboarding/GV_IT_20260608T132006_IT948936.json,https://console.cloud.google.com/storage/browser/dh-menu-digitalised-images-prod/sf_menu_onboarding/GV_IT_20260608T132006_IT948936,,,
GV_IT,500bO00000u7xXlQAI,2026-06-08 11:54:02,Closed,HTUNJK,IT_948899,MAG_gelato pavia,Yes,GV_IT_20260608T115347_IT948899,sf_menu_onboarding,2026-06-08 11:53:47,3017,File not recognised as a menu by the language model,Not a Menu Document,"The file was not recognized as a menu by the language model.
        Please upload a genuine menu image/PDF (not a storefront photo, logo, or non-menu content)
        and try again.",sf_menu_onboarding/GV_IT_20260608T115347_IT948899.json,https://console.cloud.google.com/storage/browser/dh-menu-digitalised-images-prod/sf_menu_onboarding/GV_IT_20260608T115347_IT948899,,,
GV_IT,500bO00000u7kdoQAA,2026-06-08 11:41:14,Closed,HT0HUR,IT_948889,Paninoteca Bass,Yes,GV_IT_20260608T114050_IT948889,sf_menu_onboarding,2026-06-08 11:40:51,3013,Not enough menu items extracted (fewer than 3),Lesser than 3 Items,"Not enough menu items were extracted (fewer than 3).
        Please upload a clearer, higher-quality menu image/PDF
        (well-lit, not blurry, complete menu) and try again.",sf_menu_onboarding/GV_IT_20260608T114050_IT948889.json,https://console.cloud.google.com/storage/browser/dh-menu-digitalised-images-prod/sf_menu_onboarding/GV_IT_20260608T114050_IT948889,,,
GV_IT,500bO00000u7PJNQA2,2026-06-08 11:37:12,Closed,HTUNCG,IT_948881,Cocò KM0 Restaurant & Pizza,No,,,,,No DLQ record found (non-SCCS or pre-MDS failure),Not classified (no DLQ),,,,,,
GV_IT,500bO00000u6owTQAQ,2026-06-08 11:13:31,Closed,HTUPT4,IT_948866,Mario Tortora - Nola,Yes,GV_IT_20260608T110236_IT948866,sf_menu_onboarding,2026-06-08 11:02:37,3017,File not recognised as a menu by the language model,Not a Menu Document,"The file was not recognized as a menu by the language model.
        Please upload a genuine menu image/PDF (not a storefront photo, logo, or non-menu content)
        and try again.",sf_menu_onboarding/GV_IT_20260608T110236_IT948866.json,https://console.cloud.google.com/storage/browser/dh-menu-digitalised-images-prod/sf_menu_onboarding/GV_IT_20260608T110236_IT948866,,,
GV_IT,500bO00000u6D44QAE,2026-06-08 09:25:14,Closed,HPQU2T,IT_948820,Pizzagorà - Domenico Falduto,Yes,GV_IT_20260608T092506_IT948820,sf_menu_onboarding,2026-06-08 09:25:06,3017,File not recognised as a menu by the language model,Not a Menu Document,"The file was not recognized as a menu by the language model.
        Please upload a genuine menu image/PDF (not a storefront photo, logo, or non-menu content)
        and try again.",sf_menu_onboarding/GV_IT_20260608T092506_IT948820.json,https://console.cloud.google.com/storage/browser/dh-menu-digitalised-images-prod/sf_menu_onboarding/GV_IT_20260608T092506_IT948820,,,
GV_IT,500bO00000u6bG0QAI,2026-06-08 08:52:13,Closed,HTNQ1M,IT_948804,DESHI SHAD,Yes,GV_IT_20260608T085204_IT948804,sf_menu_onboarding,2026-06-08 08:52:04,3017,File not recognised as a menu by the language model,Not a Menu Document,"The file was not recognized as a menu by the language model.
        Please upload a genuine menu image/PDF (not a storefront photo, logo, or non-menu content)
        and try again.",sf_menu_onboarding/GV_IT_20260608T085204_IT948804.json,https://console.cloud.google.com/storage/browser/dh-menu-digitalised-images-prod/sf_menu_onboarding/GV_IT_20260608T085204_IT948804,,,
GV_IT,500bO00000u5KFeQAM,2026-06-08 05:20:46,Closed,4MQNHU,IT_948752,Chicken Smash Burger - MIL - Via Ausonio,Yes,GV_IT_20260608T052032_IT948752,sf_menu_onboarding,2026-06-08 05:20:32,3017,File not recognised as a menu by the language model,Not a Menu Document,"The file was not recognized as a menu by the language model.
        Please upload a genuine menu image/PDF (not a storefront photo, logo, or non-menu content)
        and try again.",sf_menu_onboarding/GV_IT_20260608T052032_IT948752.json,https://console.cloud.google.com/storage/browser/dh-menu-digitalised-images-prod/sf_menu_onboarding/GV_IT_20260608T052032_IT948752,,,
GV_IT,500bO00000tywmEQAQ,2026-06-05 19:04:14,Closed,4MQMVU,IT_948694,Rice & Roll,Yes,GV_IT_20260605T190402_IT948694,sf_menu_onboarding,2026-06-05 19:04:06,3020,PDF file too large (exceeds 20MB),File Not Supported,"The PDF file is too large (exceeds 20MB limit).
        Please reduce the file size by compressing the PDF or splitting it into smaller parts and try again.",sf_menu_onboarding/GV_IT_20260605T190402_IT948694.json,https://console.cloud.google.com/storage/browser/dh-menu-digitalised-images-prod/sf_menu_onboarding/GV_IT_20260605T190402_IT948694,,,
GV_IT,500bO00000tyZ3QQAU,2026-06-05 18:50:14,Closed,HT0246,IT_948692,Lorenzo’s Pizza Cinquale,Yes,GV_IT_20260605T185002_IT948692,sf_menu_onboarding,2026-06-05 18:50:02,3017,File not recognised as a menu by the language model,Not a Menu Document,"The file was not recognized as a menu by the language model.
        Please upload a genuine menu image/PDF (not a storefront photo, logo, or non-menu content)
        and try again.",sf_menu_onboarding/GV_IT_20260605T185002_IT948692.json,https://console.cloud.google.com/storage/browser/dh-menu-digitalised-images-prod/sf_menu_onboarding/GV_IT_20260605T185002_IT948692,,,
GV_IT,500bO00000ty9iIQAQ,2026-06-05 14:32:57,Closed,HTUN3B,IT_938563,Rimini kebab Afghano,Yes,GV_IT_20260605T143247_IT938563,sf_menu_onboarding,2026-06-05 14:32:48,3017,File not recognised as a menu by the language model,Not a Menu Document,"The file was not recognized as a menu by the language model.
        Please upload a genuine menu image/PDF (not a storefront photo, logo, or non-menu content)
        and try again.",sf_menu_onboarding/GV_IT_20260605T143247_IT938563.json,https://console.cloud.google.com/storage/browser/dh-menu-digitalised-images-prod/sf_menu_onboarding/GV_IT_20260605T143247_IT938563,,,
GV_IT,500bO00000tx27mQAA,2026-06-05 10:50:16,Closed,4MXQ51,IT_938476,la yogurteria,Yes,GV_IT_20260605T105011_IT938476,sf_menu_onboarding,2026-06-05 10:50:11,3015,File does not look like a restaurant menu,Not a Menu Document,"The file does not look like a restaurant menu.
        Please upload a clear menu (with items and prices) and ensure the content is not a receipt,
        flyer, or unrelated image.",sf_menu_onboarding/GV_IT_20260605T105011_IT938476.json,https://console.cloud.google.com/storage/browser/dh-menu-digitalised-images-prod/sf_menu_onboarding/GV_IT_20260605T105011_IT938476,,,
GV_IT,500bO00000twj9xQAA,2026-06-05 09:11:51,Closed,HPLOZW,IT_938442,Namaste - Ristorante Indiano,Yes,GV_IT_20260605T091114_IT938442,sf_menu_onboarding,2026-06-05 09:11:14,3017,File not recognised as a menu by the language model,Not a Menu Document,"The file was not recognized as a menu by the language model.
        Please upload a genuine menu image/PDF (not a storefront photo, logo, or non-menu content)
        and try again.",sf_menu_onboarding/GV_IT_20260605T091114_IT938442.json,https://console.cloud.google.com/storage/browser/dh-menu-digitalised-images-prod/sf_menu_onboarding/GV_IT_20260605T091114_IT938442,,,
GV_IT,500bO00000tw3XQQAY,2026-06-05 08:27:50,Closed,4MQATQ,IT_938419,Risotto e Lasagna,Yes,GV_IT_20260605T082742_IT938419,sf_menu_onboarding,2026-06-05 08:27:42,3015,File does not look like a restaurant menu,Not a Menu Document,"The file does not look like a restaurant menu.
        Please upload a clear menu (with items and prices) and ensure the content is not a receipt,
        flyer, or unrelated image.",sf_menu_onboarding/GV_IT_20260605T082742_IT938419.json,https://console.cloud.google.com/storage/browser/dh-menu-digitalised-images-prod/sf_menu_onboarding/GV_IT_20260605T082742_IT938419,,,
GV_IT,500bO00000tvfV7QAI,2026-06-05 07:41:24,Closed,HTUZIN,IT_938395,Handmade CakeAway,Yes,GV_IT_20260605T074109_IT938395,sf_menu_onboarding,2026-06-05 07:41:09,3015,File does not look like a restaurant menu,Not a Menu Document,"The file does not look like a restaurant menu.
        Please upload a clear menu (with items and prices) and ensure the content is not a receipt,
        flyer, or unrelated image.",sf_menu_onboarding/GV_IT_20260605T074109_IT938395.json,https://console.cloud.google.com/storage/browser/dh-menu-digitalised-images-prod/sf_menu_onboarding/GV_IT_20260605T074109_IT938395,,,
GV_IT,500bO00000tuAbNQAU,2026-06-04 18:49:52,Closed,4MQATD,IT_938379,Cotoletta Italiana,Yes,GV_IT_20260604T184943_IT938379,sf_menu_onboarding,2026-06-04 18:49:43,3015,File does not look like a restaurant menu,Not a Menu Document,"The file does not look like a restaurant menu.
        Please upload a clear menu (with items and prices) and ensure the content is not a receipt,
        flyer, or unrelated image.",sf_menu_onboarding/GV_IT_20260604T184943_IT938379.json,https://console.cloud.google.com/storage/browser/dh-menu-digitalised-images-prod/sf_menu_onboarding/GV_IT_20260604T184943_IT938379,,,
GV_IT,500bO00000tuCYKQA2,2026-06-04 18:43:16,Closed,4MQARX,IT_938378,Pizza Fantastica,Yes,GV_IT_20260604T184308_IT938378,sf_menu_onboarding,2026-06-04 18:43:08,3015,File does not look like a restaurant menu,Not a Menu Document,"The file does not look like a restaurant menu.
        Please upload a clear menu (with items and prices) and ensure the content is not a receipt,
        flyer, or unrelated image.",sf_menu_onboarding/GV_IT_20260604T184308_IT938378.json,https://console.cloud.google.com/storage/browser/dh-menu-digitalised-images-prod/sf_menu_onboarding/GV_IT_20260604T184308_IT938378,,,
GV_IT,500bO00000tuNaBQAU,2026-06-04 18:34:49,Closed,4MQAR7,IT_938374,Pasta In Tegame,Yes,GV_IT_20260604T183441_IT938374,sf_menu_onboarding,2026-06-04 18:34:41,3015,File does not look like a restaurant menu,Not a Menu Document,"The file does not look like a restaurant menu.
        Please upload a clear menu (with items and prices) and ensure the content is not a receipt,
        flyer, or unrelated image.",sf_menu_onboarding/GV_IT_20260604T183441_IT938374.json,https://console.cloud.google.com/storage/browser/dh-menu-digitalised-images-prod/sf_menu_onboarding/GV_IT_20260604T183441_IT938374,,,
GV_IT,500bO00000tu2iiQAA,2026-06-04 18:15:55,Closed,4MQARS,IT_938372,Pizza Bufalina,Yes,GV_IT_20260604T181546_IT938372,sf_menu_onboarding,2026-06-04 18:15:46,3015,File does not look like a restaurant menu,Not a Menu Document,"The file does not look like a restaurant menu.
        Please upload a clear menu (with items and prices) and ensure the content is not a receipt,
        flyer, or unrelated image.",sf_menu_onboarding/GV_IT_20260604T181546_IT938372.json,https://console.cloud.google.com/storage/browser/dh-menu-digitalised-images-prod/sf_menu_onboarding/GV_IT_20260604T181546_IT938372,,,
GV_IT,500bO00000tuGTsQAM,2026-06-04 18:08:53,Closed,4MQARL,IT_938369,La Pasta Italiana,Yes,GV_IT_20260604T180845_IT938369,sf_menu_onboarding,2026-06-04 18:08:45,3015,File does not look like a restaurant menu,Not a Menu Document,"The file does not look like a restaurant menu.
        Please upload a clear menu (with items and prices) and ensure the content is not a receipt,
        flyer, or unrelated image.",sf_menu_onboarding/GV_IT_20260604T180845_IT938369.json,https://console.cloud.google.com/storage/browser/dh-menu-digitalised-images-prod/sf_menu_onboarding/GV_IT_20260604T180845_IT938369,,,
GV_IT,500bO00000tuL3hQAE,2026-06-04 17:59:33,Closed,HTUWE0,IT_938368,MN KITCHEN pasta & pizza,Yes,GV_IT_20260604T175924_IT938368,sf_menu_onboarding,2026-06-04 17:59:25,3015,File does not look like a restaurant menu,Not a Menu Document,"The file does not look like a restaurant menu.
        Please upload a clear menu (with items and prices) and ensure the content is not a receipt,
        flyer, or unrelated image.",sf_menu_onboarding/GV_IT_20260604T175924_IT938368.json,https://console.cloud.google.com/storage/browser/dh-menu-digitalised-images-prod/sf_menu_onboarding/GV_IT_20260604T175924_IT938368,,,
GV_IT,500bO00000tuEgYQAU,2026-06-04 17:19:01,Closed,HTUP24,IT_938362,Super Smash Broz,No,,,,,No DLQ record found (non-SCCS or pre-MDS failure),Not classified (no DLQ),,,,,,
GV_IT,500bO00000ttcLJQAY,2026-06-04 16:35:05,Closed,HT0Y1I,IT_938351,Icedream,Yes,GV_IT_20260604T163454_IT938351,sf_menu_onboarding,2026-06-04 16:34:54,3017,File not recognised as a menu by the language model,Not a Menu Document,"The file was not recognized as a menu by the language model.
        Please upload a genuine menu image/PDF (not a storefront photo, logo, or non-menu content)
        and try again.",sf_menu_onboarding/GV_IT_20260604T163454_IT938351.json,https://console.cloud.google.com/storage/browser/dh-menu-digitalised-images-prod/sf_menu_onboarding/GV_IT_20260604T163454_IT938351,,,
GV_IT,500bO00000ttbIiQAI,2026-06-04 16:14:52,Closed,4MXQC1,IT_938346,C/C MONTEBELLO  - Old Wild West - VGH,Yes,GV_IT_20260604T161445_IT938346,sf_menu_onboarding,2026-06-04 16:14:45,3015,File does not look like a restaurant menu,Not a Menu Document,"The file does not look like a restaurant menu.
        Please upload a clear menu (with items and prices) and ensure the content is not a receipt,
        flyer, or unrelated image.",sf_menu_onboarding/GV_IT_20260604T161445_IT938346.json,https://console.cloud.google.com/storage/browser/dh-menu-digitalised-images-prod/sf_menu_onboarding/GV_IT_20260604T161445_IT938346,,,
GV_IT,500bO00000ttc53QAA,2026-06-04 16:00:43,Closed,HTS9Y2,IT_938343,Gelateria Sorriso,Yes,GV_IT_20260604T160036_IT938343,sf_menu_onboarding,2026-06-04 16:00:37,3015,File does not look like a restaurant menu,Not a Menu Document,"The file does not look like a restaurant menu.
        Please upload a clear menu (with items and prices) and ensure the content is not a receipt,
        flyer, or unrelated image.",sf_menu_onboarding/GV_IT_20260604T160036_IT938343.json,https://console.cloud.google.com/storage/browser/dh-menu-digitalised-images-prod/sf_menu_onboarding/GV_IT_20260604T160036_IT938343,,,
GV_IT,500bO00000tsrxSQAQ,2026-06-04 13:59:38,Closed,4MX1RK,IT_938306,Verderame Prato - Piazza mercatale,Yes,GV_IT_20260604T135926_IT938306,sf_menu_onboarding,2026-06-04 13:59:27,3015,File does not look like a restaurant menu,Not a Menu Document,"The file does not look like a restaurant menu.
        Please upload a clear menu (with items and prices) and ensure the content is not a receipt,
        flyer, or unrelated image.",sf_menu_onboarding/GV_IT_20260604T135926_IT938306.json,https://console.cloud.google.com/storage/browser/dh-menu-digitalised-images-prod/sf_menu_onboarding/GV_IT_20260604T135926_IT938306,,,
GV_IT,500bO00000trzIcQAI,2026-06-04 09:17:13,Closed,4MQRLY,IT_938191,The New President,Yes,GV_IT_20260604T091705_IT938191,sf_menu_onboarding,2026-06-04 09:17:05,3017,File not recognised as a menu by the language model,Not a Menu Document,"The file was not recognized as a menu by the language model.
        Please upload a genuine menu image/PDF (not a storefront photo, logo, or non-menu content)
        and try again.",sf_menu_onboarding/GV_IT_20260604T091705_IT938191.json,https://console.cloud.google.com/storage/browser/dh-menu-digitalised-images-prod/sf_menu_onboarding/GV_IT_20260604T091705_IT938191,,,
GV_IT,500bO00000toSnrQAE,2026-06-03 18:02:06,Closed,HT0OWI,IT_938118,GiorGelato dal 1926,Yes,GV_IT_20260603T180121_IT938118,sf_menu_onboarding,2026-06-03 18:01:21,3013,Not enough menu items extracted (fewer than 3),Lesser than 3 Items,"Not enough menu items were extracted (fewer than 3).
        Please upload a clearer, higher-quality menu image/PDF
        (well-lit, not blurry, complete menu) and try again.",sf_menu_onboarding/GV_IT_20260603T180121_IT938118.json,https://console.cloud.google.com/storage/browser/dh-menu-digitalised-images-prod/sf_menu_onboarding/GV_IT_20260603T180121_IT938118,,,
GV_IT,500bO00000to0bUQAQ,2026-06-03 16:25:39,Closed,HT06BR,IT_938098,Fresko Casual Food,Yes,GV_IT_20260603T162532_IT938098,sf_menu_onboarding,2026-06-03 16:25:32,3015,File does not look like a restaurant menu,Not a Menu Document,"The file does not look like a restaurant menu.
        Please upload a clear menu (with items and prices) and ensure the content is not a receipt,
        flyer, or unrelated image.",sf_menu_onboarding/GV_IT_20260603T162532_IT938098.json,https://console.cloud.google.com/storage/browser/dh-menu-digitalised-images-prod/sf_menu_onboarding/GV_IT_20260603T162532_IT938098,,,
GV_IT,500bO00000tnBcMQAU,2026-06-03 16:07:50,Closed,HTUW6U,IT_938091,Casa Lamian | Noodles cinesi fatti a mano | Piacenza,Yes,GV_IT_20260603T160701_IT938091,sf_menu_onboarding,2026-06-03 16:07:01,3015,File does not look like a restaurant menu,Not a Menu Document,"The file does not look like a restaurant menu.
        Please upload a clear menu (with items and prices) and ensure the content is not a receipt,
        flyer, or unrelated image.",sf_menu_onboarding/GV_IT_20260603T160701_IT938091.json,https://console.cloud.google.com/storage/browser/dh-menu-digitalised-images-prod/sf_menu_onboarding/GV_IT_20260603T160701_IT938091,,,
GV_IT,500bO00000tnvOrQAI,2026-06-03 16:04:52,Closed,4MQGWG,IT_938085,Billy Tacos y Burritos- VER - Viale del Lavoro,Yes,GV_IT_20260603T160445_IT938085,sf_menu_onboarding,2026-06-03 16:04:45,3015,File does not look like a restaurant menu,Not a Menu Document,"The file does not look like a restaurant menu.
        Please upload a clear menu (with items and prices) and ensure the content is not a receipt,
        flyer, or unrelated image.",sf_menu_onboarding/GV_IT_20260603T160445_IT938085.json,https://console.cloud.google.com/storage/browser/dh-menu-digitalised-images-prod/sf_menu_onboarding/GV_IT_20260603T160445_IT938085,,,
GV_IT,500bO00000tnrumQAA,2026-06-03 15:56:28,Closed,4MQGAP,IT_938088,Billy Tacos y Burritos - BGY - Via Papa Pio X,Yes,GV_IT_20260603T155621_IT938088,sf_menu_onboarding,2026-06-03 15:56:21,3015,File does not look like a restaurant menu,Not a Menu Document,"The file does not look like a restaurant menu.
        Please upload a clear menu (with items and prices) and ensure the content is not a receipt,
        flyer, or unrelated image.",sf_menu_onboarding/GV_IT_20260603T155621_IT938088.json,https://console.cloud.google.com/storage/browser/dh-menu-digitalised-images-prod/sf_menu_onboarding/GV_IT_20260603T155621_IT938088,,,
GV_IT,500bO00000tnvWyQAI,2026-06-03 15:52:40,Closed,4MQGWW,IT_938086,Billy Tacos y Burritos - QSE - Via Milano,Yes,GV_IT_20260603T155231_IT938086,sf_menu_onboarding,2026-06-03 15:52:32,3015,File does not look like a restaurant menu,Not a Menu Document,"The file does not look like a restaurant menu.
        Please upload a clear menu (with items and prices) and ensure the content is not a receipt,
        flyer, or unrelated image.",sf_menu_onboarding/GV_IT_20260603T155231_IT938086.json,https://console.cloud.google.com/storage/browser/dh-menu-digitalised-images-prod/sf_menu_onboarding/GV_IT_20260603T155231_IT938086,,,
GV_IT,500bO00000tnn7xQAA,2026-06-03 15:31:13,Closed,4MQGZ7,IT_938075,Billy Tacos y Burritos - ROM - Via Mattia Battistini,Yes,GV_IT_20260603T153107_IT938075,sf_menu_onboarding,2026-06-03 15:31:07,3015,File does not look like a restaurant menu,Not a Menu Document,"The file does not look like a restaurant menu.
        Please upload a clear menu (with items and prices) and ensure the content is not a receipt,
        flyer, or unrelated image.",sf_menu_onboarding/GV_IT_20260603T153107_IT938075.json,https://console.cloud.google.com/storage/browser/dh-menu-digitalised-images-prod/sf_menu_onboarding/GV_IT_20260603T153107_IT938075,,,
GV_IT,500bO00000tnWX3QAM,2026-06-03 15:29:56,Closed,4MQGWF,IT_938079,Billy Tacos y Burritos - MIL - Viale Italia,Yes,GV_IT_20260603T152949_IT938079,sf_menu_onboarding,2026-06-03 15:29:49,3015,File does not look like a restaurant menu,Not a Menu Document,"The file does not look like a restaurant menu.
        Please upload a clear menu (with items and prices) and ensure the content is not a receipt,
        flyer, or unrelated image.",sf_menu_onboarding/GV_IT_20260603T152949_IT938079.json,https://console.cloud.google.com/storage/browser/dh-menu-digitalised-images-prod/sf_menu_onboarding/GV_IT_20260603T152949_IT938079,,,
GV_IT,500bO00000tlvRVQAY,2026-06-03 14:51:17,Closed,4MQGKJ,,Billy Tacos by Roadhouse - TSF - Viale della Repubblica,Yes,GV_IT_20260603T145110_IT938068,sf_menu_onboarding,2026-06-03 14:51:11,3015,File does not look like a restaurant menu,Not a Menu Document,"The file does not look like a restaurant menu.
        Please upload a clear menu (with items and prices) and ensure the content is not a receipt,
        flyer, or unrelated image.",sf_menu_onboarding/GV_IT_20260603T145110_IT938068.json,https://console.cloud.google.com/storage/browser/dh-menu-digitalised-images-prod/sf_menu_onboarding/GV_IT_20260603T145110_IT938068,,,
GV_IT,500bO00000tnJ5RQAU,2026-06-03 14:40:48,Closed,4MXIB5,IT_938063,Billy Tacos by Roadhouse - VBS - Via Borgosatollo,Yes,GV_IT_20260603T144040_IT938063,sf_menu_onboarding,2026-06-03 14:40:41,3015,File does not look like a restaurant menu,Not a Menu Document,"The file does not look like a restaurant menu.
        Please upload a clear menu (with items and prices) and ensure the content is not a receipt,
        flyer, or unrelated image.",sf_menu_onboarding/GV_IT_20260603T144040_IT938063.json,https://console.cloud.google.com/storage/browser/dh-menu-digitalised-images-prod/sf_menu_onboarding/GV_IT_20260603T144040_IT938063,,,
GV_IT,500bO00000tlmKvQAI,2026-06-03 11:22:03,Closed,HPLVAC,IT_937981,Brikke Eat & Drink,Yes,GV_IT_20260603T112143_IT937981,sf_menu_onboarding,2026-06-03 11:21:43,3013,Not enough menu items extracted (fewer than 3),Lesser than 3 Items,"Not enough menu items were extracted (fewer than 3).
        Please upload a clearer, higher-quality menu image/PDF
        (well-lit, not blurry, complete menu) and try again.",sf_menu_onboarding/GV_IT_20260603T112143_IT937981.json,https://console.cloud.google.com/storage/browser/dh-menu-digitalised-images-prod/sf_menu_onboarding/GV_IT_20260603T112143_IT937981,,,
GV_IT,500bO00000tkN7NQAU,2026-06-03 08:10:34,Closed,4MXQM4,IT_937886,Old Wild West - THI - Via Molise,Yes,GV_IT_20260603T081030_IT937886,salesforce_acquisition,2026-06-03 08:10:30,3015,File does not look like a restaurant menu,Not a Menu Document,"The file does not look like a restaurant menu.
        Please upload a clear menu (with items and prices) and ensure the content is not a receipt,
        flyer, or unrelated image.",salesforce_acquisition/GV_IT_20260603T081030_IT937886.json,https://console.cloud.google.com/storage/browser/dh-menu-digitalised-images-prod/salesforce_acquisition/GV_IT_20260603T081030_IT937886,,,
GV_IT,500bO00000tcfwxQAA,2026-06-01 18:33:30,Closed,HTNFJ7,IT_937610,Bismillah Restaurant di Akter Fatema,Yes,GV_IT_20260601T183316_IT937610,sf_menu_onboarding,2026-06-01 18:33:16,3017,File not recognised as a menu by the language model,Not a Menu Document,"The file was not recognized as a menu by the language model.
        Please upload a genuine menu image/PDF (not a storefront photo, logo, or non-menu content)
        and try again.",sf_menu_onboarding/GV_IT_20260601T183316_IT937610.json,https://console.cloud.google.com/storage/browser/dh-menu-digitalised-images-prod/sf_menu_onboarding/GV_IT_20260601T183316_IT937610,,,
GV_IT,500bO00000tZcu2QAC,2026-06-01 18:11:55,Closed,HT6KKR,IT_937608,Il Sogno Ristorante Pizzeria,No,,,,,No DLQ record found (non-SCCS or pre-MDS failure),Not classified (no DLQ),,,,,,
GV_IT,500bO00000tbYRMQA2,2026-06-01 17:57:09,Closed,HT0OO7,IT_937600,Hong Kong - Cucina Autentica,No,,,,,No DLQ record found (non-SCCS or pre-MDS failure),Not classified (no DLQ),,,,,,
GV_IT,500bO00000tb3M5QAI,2026-06-01 17:50:59,Closed,HPL2OV,IT_937599,Open Baladin Roma,No,,,,,No DLQ record found (non-SCCS or pre-MDS failure),Not classified (no DLQ),,,,,,
GV_IT,500bO00000tcZwLQAU,2026-06-01 17:39:45,Closed,HTN2TH,IT_937594,CRAVE crepes & bakery,Yes,GV_IT_20260601T173932_IT937594,sf_menu_onboarding,2026-06-01 17:39:32,3014,Image resolution too large (pixel count exceeds limit),MDS Technical Failure,"Image resolution is too large to process.
        Please resize the image to a smaller resolution and try again.
         tot 111584029 max 30000000",sf_menu_onboarding/GV_IT_20260601T173932_IT937594.json,https://console.cloud.google.com/storage/browser/dh-menu-digitalised-images-prod/sf_menu_onboarding/GV_IT_20260601T173932_IT937594,image_1.pdf,0.18,"File: 0.18 MB on disk. Pixel count: 111,584,029 px (+271.9% over 30M limit). Extremely high-DPI scan."
GV_IT,500bO00000tXxOEQA0,2026-06-01 10:04:20,Closed,4MQBO0,IT_937474,Hot Chicks - VER - Interrato dell'Acqua Morta - Take Away,Yes,GV_IT_20260601T095902_IT937474,sf_menu_onboarding,2026-06-01 09:59:02,99,Internal processing error (NoneType attribute missing),MDS Technical Failure,'NoneType' object has no attribute 'items',sf_menu_onboarding/GV_IT_20260601T095902_IT937474.json,https://console.cloud.google.com/storage/browser/dh-menu-digitalised-images-prod/sf_menu_onboarding/GV_IT_20260601T095902_IT937474,,,
GV_IT,500bO00000tVeuPQAS,2026-05-31 19:14:03,Closed,HT07M1,IT_937418,Ristorante Al Capolinea,Yes,GV_IT_20260531T191356_IT937418,sf_menu_onboarding,2026-05-31 19:13:56,3015,File does not look like a restaurant menu,Not a Menu Document,"The file does not look like a restaurant menu.
        Please upload a clear menu (with items and prices) and ensure the content is not a receipt,
        flyer, or unrelated image.",sf_menu_onboarding/GV_IT_20260531T191356_IT937418.json,https://console.cloud.google.com/storage/browser/dh-menu-digitalised-images-prod/sf_menu_onboarding/GV_IT_20260531T191356_IT937418,,,
GV_IT,500bO00000tVPDxQAO,2026-05-31 19:10:46,Closed,HT0OMQ,IT_937417,Kebab doner King,Yes,GV_IT_20260531T191037_IT937417,sf_menu_onboarding,2026-05-31 19:10:37,3015,File does not look like a restaurant menu,Not a Menu Document,"The file does not look like a restaurant menu.
        Please upload a clear menu (with items and prices) and ensure the content is not a receipt,
        flyer, or unrelated image.",sf_menu_onboarding/GV_IT_20260531T191037_IT937417.json,https://console.cloud.google.com/storage/browser/dh-menu-digitalised-images-prod/sf_menu_onboarding/GV_IT_20260531T191037_IT937417,,,
GV_IT,500bO00000tVLeyQAG,2026-05-31 17:38:32,Closed,HPPVHK,IT_937402,Open Baladin Torino,No,,,,,No DLQ record found (non-SCCS or pre-MDS failure),Not classified (no DLQ),,,,,,
GV_IT,500bO00000tTLaxQAG,2026-05-30 10:37:17,Closed,HT0M5J,IT_937323,deFarina Pizza & Cucina Romana,Yes,GV_IT_20260530T103709_IT937323,sf_menu_onboarding,2026-05-30 10:37:09,3015,File does not look like a restaurant menu,Not a Menu Document,"The file does not look like a restaurant menu.
        Please upload a clear menu (with items and prices) and ensure the content is not a receipt,
        flyer, or unrelated image.",sf_menu_onboarding/GV_IT_20260530T103709_IT937323.json,https://console.cloud.google.com/storage/browser/dh-menu-digitalised-images-prod/sf_menu_onboarding/GV_IT_20260530T103709_IT937323,,,
GV_IT,500bO00000tPbrDQAS,2026-05-29 13:39:08,Closed,HT0FK1,IT_937247,PITA SHAWRMA AND MORE MILANO,No,,,,,No DLQ record found (non-SCCS or pre-MDS failure),Not classified (no DLQ),,,,,,
GV_IT,500bO00000tOWYfQAO,2026-05-29 10:05:48,Closed,HT077L,IT_937166,Desiderium (Carpe Diem),Yes,GV_IT_20260529T100542_IT937166,sf_menu_onboarding,2026-05-29 10:05:42,3015,File does not look like a restaurant menu,Not a Menu Document,"The file does not look like a restaurant menu.
        Please upload a clear menu (with items and prices) and ensure the content is not a receipt,
        flyer, or unrelated image.",sf_menu_onboarding/GV_IT_20260529T100542_IT937166.json,https://console.cloud.google.com/storage/browser/dh-menu-digitalised-images-prod/sf_menu_onboarding/GV_IT_20260529T100542_IT937166,,,
GV_IT,500bO00000tMuDcQAK,2026-05-29 04:20:45,Closed,HTSRIS,IT_937078,Tenki,No,,,,,No DLQ record found (non-SCCS or pre-MDS failure),Not classified (no DLQ),,,,,,
GV_IT,500bO00000tL02DQAS,2026-05-28 17:10:08,Closed,HTS9F6,IT_937065,Ristorante Pizzeria Incanto,No,,,,,No DLQ record found (non-SCCS or pre-MDS failure),Not classified (no DLQ),,,,,,
GV_IT,500bO00000tLEy3QAG,2026-05-28 14:32:11,Closed,HPLVCO,IT_937041,Ichiban Ramen,Yes,GV_IT_20260528T143204_IT937041,sf_menu_onboarding,2026-05-28 14:32:04,3015,File does not look like a restaurant menu,Not a Menu Document,"The file does not look like a restaurant menu.
        Please upload a clear menu (with items and prices) and ensure the content is not a receipt,
        flyer, or unrelated image.",sf_menu_onboarding/GV_IT_20260528T143204_IT937041.json,https://console.cloud.google.com/storage/browser/dh-menu-digitalised-images-prod/sf_menu_onboarding/GV_IT_20260528T143204_IT937041,,,
GV_IT,500bO00000tKCOpQAO,2026-05-28 11:56:04,Closed,4MXVIT,IT_936989,Hanami Ristorante Asiatico e Sushi Pisa,Yes,GV_IT_20260528T115556_IT936989,sf_menu_onboarding,2026-05-28 11:55:56,3015,File does not look like a restaurant menu,Not a Menu Document,"The file does not look like a restaurant menu.
        Please upload a clear menu (with items and prices) and ensure the content is not a receipt,
        flyer, or unrelated image.",sf_menu_onboarding/GV_IT_20260528T115556_IT936989.json,https://console.cloud.google.com/storage/browser/dh-menu-digitalised-images-prod/sf_menu_onboarding/GV_IT_20260528T115556_IT936989,,,
GV_IT,500bO00000tJLVmQAO,2026-05-28 08:22:26,Closed,4MXXAY,IT_936912,Meraki Pita - PAD - Via Orsini,Yes,GV_IT_20260528T082217_IT936912,sf_menu_onboarding,2026-05-28 08:22:17,3015,File does not look like a restaurant menu,Not a Menu Document,"The file does not look like a restaurant menu.
        Please upload a clear menu (with items and prices) and ensure the content is not a receipt,
        flyer, or unrelated image.",sf_menu_onboarding/GV_IT_20260528T082217_IT936912.json,https://console.cloud.google.com/storage/browser/dh-menu-digitalised-images-prod/sf_menu_onboarding/GV_IT_20260528T082217_IT936912,,,
GV_IT,500bO00000tIvmcQAC,2026-05-28 07:38:57,Closed,4MXUVP,IT_936897,Brunch Lovers - FIR -. Viale dei Cadorna,Yes,GV_IT_20260528T073848_IT936897,sf_menu_onboarding,2026-05-28 07:38:49,3015,File does not look like a restaurant menu,Not a Menu Document,"The file does not look like a restaurant menu.
        Please upload a clear menu (with items and prices) and ensure the content is not a receipt,
        flyer, or unrelated image.",sf_menu_onboarding/GV_IT_20260528T073848_IT936897.json,https://console.cloud.google.com/storage/browser/dh-menu-digitalised-images-prod/sf_menu_onboarding/GV_IT_20260528T073848_IT936897,,,
GV_IT,500bO00000tGGXVQA4,2026-05-27 19:11:35,Closed,4MXXS9,IT_936849,Crepes Boutique - PAD - Via Orsini,Yes,GV_IT_20260527T191129_IT936849,sf_menu_onboarding,2026-05-27 19:11:29,3015,File does not look like a restaurant menu,Not a Menu Document,"The file does not look like a restaurant menu.
        Please upload a clear menu (with items and prices) and ensure the content is not a receipt,
        flyer, or unrelated image.",sf_menu_onboarding/GV_IT_20260527T191129_IT936849.json,https://console.cloud.google.com/storage/browser/dh-menu-digitalised-images-prod/sf_menu_onboarding/GV_IT_20260527T191129_IT936849,,,
GV_IT,500bO00000tG5XFQA0,2026-05-27 19:04:31,Closed,4MXXAS,IT_936847,Big Toast - PAD - Via Orsini,Yes,GV_IT_20260527T190424_IT936847,sf_menu_onboarding,2026-05-27 19:04:24,3015,File does not look like a restaurant menu,Not a Menu Document,"The file does not look like a restaurant menu.
        Please upload a clear menu (with items and prices) and ensure the content is not a receipt,
        flyer, or unrelated image.",sf_menu_onboarding/GV_IT_20260527T190424_IT936847.json,https://console.cloud.google.com/storage/browser/dh-menu-digitalised-images-prod/sf_menu_onboarding/GV_IT_20260527T190424_IT936847,,,
GV_IT,500bO00000tGRarQAG,2026-05-27 18:53:47,Closed,4MXXA5,IT_936844,Greek Pita King - PAD - Via Orsini,Yes,GV_IT_20260527T185338_IT936844,sf_menu_onboarding,2026-05-27 18:53:38,3015,File does not look like a restaurant menu,Not a Menu Document,"The file does not look like a restaurant menu.
        Please upload a clear menu (with items and prices) and ensure the content is not a receipt,
        flyer, or unrelated image.",sf_menu_onboarding/GV_IT_20260527T185338_IT936844.json,https://console.cloud.google.com/storage/browser/dh-menu-digitalised-images-prod/sf_menu_onboarding/GV_IT_20260527T185338_IT936844,,,
GV_IT,500bO00000tG8bUQAS,2026-05-27 18:35:49,Closed,4MXQM3,IT_936841,Old Wild West - TRI - VIALE MIRAMARE,Yes,GV_IT_20260527T183540_IT936841,sf_menu_onboarding,2026-05-27 18:35:41,3015,File does not look like a restaurant menu,Not a Menu Document,"The file does not look like a restaurant menu.
        Please upload a clear menu (with items and prices) and ensure the content is not a receipt,
        flyer, or unrelated image.",sf_menu_onboarding/GV_IT_20260527T183540_IT936841.json,https://console.cloud.google.com/storage/browser/dh-menu-digitalised-images-prod/sf_menu_onboarding/GV_IT_20260527T183540_IT936841,,,
GV_IT,500bO00000tDz2vQAC,2026-05-27 12:08:19,Closed,HTNX77,IT_936724,Repulgue Empanadas,Yes,GV_IT_20260527T120752_IT936724,sf_menu_onboarding,2026-05-27 12:07:52,3013,Not enough menu items extracted (fewer than 3),Lesser than 3 Items,"Not enough menu items were extracted (fewer than 3).
        Please upload a clearer, higher-quality menu image/PDF
        (well-lit, not blurry, complete menu) and try again.",sf_menu_onboarding/GV_IT_20260527T120752_IT936724.json,https://console.cloud.google.com/storage/browser/dh-menu-digitalised-images-prod/sf_menu_onboarding/GV_IT_20260527T120752_IT936724,,,
GV_IT,500bO00000tERofQAG,2026-05-27 10:26:24,Closed,HT0O1F,IT_936655,Gelateria artigianale Lulam,Yes,GV_IT_20260527T102616_IT936655,sf_menu_onboarding,2026-05-27 10:26:16,3015,File does not look like a restaurant menu,Not a Menu Document,"The file does not look like a restaurant menu.
        Please upload a clear menu (with items and prices) and ensure the content is not a receipt,
        flyer, or unrelated image.",sf_menu_onboarding/GV_IT_20260527T102616_IT936655.json,https://console.cloud.google.com/storage/browser/dh-menu-digitalised-images-prod/sf_menu_onboarding/GV_IT_20260527T102616_IT936655,,,
GV_IT,500bO00000tDtohQAC,2026-05-27 09:35:22,Closed,4MX7J2,IT_936635,Fiordilatte - Via Lomellina,Yes,GV_IT_20260527T093515_IT936635,sf_menu_onboarding,2026-05-27 09:35:15,3015,File does not look like a restaurant menu,Not a Menu Document,"The file does not look like a restaurant menu.
        Please upload a clear menu (with items and prices) and ensure the content is not a receipt,
        flyer, or unrelated image.",sf_menu_onboarding/GV_IT_20260527T093515_IT936635.json,https://console.cloud.google.com/storage/browser/dh-menu-digitalised-images-prod/sf_menu_onboarding/GV_IT_20260527T093515_IT936635,,,
GV_IT,500bO00000tD9CTQA0,2026-05-27 07:41:03,Closed,HT0O9Y,IT_936599,Yogurteria artigianale Lulam,Yes,GV_IT_20260527T074056_IT936599,sf_menu_onboarding,2026-05-27 07:40:57,3015,File does not look like a restaurant menu,Not a Menu Document,"The file does not look like a restaurant menu.
        Please upload a clear menu (with items and prices) and ensure the content is not a receipt,
        flyer, or unrelated image.",sf_menu_onboarding/GV_IT_20260527T074056_IT936599.json,https://console.cloud.google.com/storage/browser/dh-menu-digitalised-images-prod/sf_menu_onboarding/GV_IT_20260527T074056_IT936599,,,
GV_IT,500bO00000tBebzQAC,2026-05-26 16:40:02,Closed,4MXS8F,IT_936533,Billy Tacos y Burritos - VGG - Via Don Minzoni,Yes,GV_IT_20260526T163956_IT936533,sf_menu_onboarding,2026-05-26 16:39:56,3015,File does not look like a restaurant menu,Not a Menu Document,"The file does not look like a restaurant menu.
        Please upload a clear menu (with items and prices) and ensure the content is not a receipt,
        flyer, or unrelated image.",sf_menu_onboarding/GV_IT_20260526T163956_IT936533.json,https://console.cloud.google.com/storage/browser/dh-menu-digitalised-images-prod/sf_menu_onboarding/GV_IT_20260526T163956_IT936533,,,
GV_IT,500bO00000tAy8BQAS,2026-05-26 15:26:21,Closed,4MXUVT,IT_936510,Brunch Lovers - BOL - Bologna - Via Mascarella,Yes,GV_IT_20260526T152614_IT936510,sf_menu_onboarding,2026-05-26 15:26:15,3015,File does not look like a restaurant menu,Not a Menu Document,"The file does not look like a restaurant menu.
        Please upload a clear menu (with items and prices) and ensure the content is not a receipt,
        flyer, or unrelated image.",sf_menu_onboarding/GV_IT_20260526T152614_IT936510.json,https://console.cloud.google.com/storage/browser/dh-menu-digitalised-images-prod/sf_menu_onboarding/GV_IT_20260526T152614_IT936510,,,
GV_IT,500bO00000tBDaHQAW,2026-05-26 15:11:36,Closed,4MXUVW,IT_936497,Brunch Lovers - ROM - Via Carlo Sereni 16,Yes,GV_IT_20260526T151129_IT936497,sf_menu_onboarding,2026-05-26 15:11:30,3015,File does not look like a restaurant menu,Not a Menu Document,"The file does not look like a restaurant menu.
        Please upload a clear menu (with items and prices) and ensure the content is not a receipt,
        flyer, or unrelated image.",sf_menu_onboarding/GV_IT_20260526T151129_IT936497.json,https://console.cloud.google.com/storage/browser/dh-menu-digitalised-images-prod/sf_menu_onboarding/GV_IT_20260526T151129_IT936497,,,
GV_IT,500bO00000tB0QAQA0,2026-05-26 15:00:31,Closed,4MXUVZ,IT_936489,Brunch Lovers- TOR - Via San Secondo,Yes,GV_IT_20260526T150023_IT936489,sf_menu_onboarding,2026-05-26 15:00:23,3015,File does not look like a restaurant menu,Not a Menu Document,"The file does not look like a restaurant menu.
        Please upload a clear menu (with items and prices) and ensure the content is not a receipt,
        flyer, or unrelated image.",sf_menu_onboarding/GV_IT_20260526T150023_IT936489.json,https://console.cloud.google.com/storage/browser/dh-menu-digitalised-images-prod/sf_menu_onboarding/GV_IT_20260526T150023_IT936489,,,
GV_IT,500bO00000tA4AkQAK,2026-05-26 12:38:37,Closed,HT0YQN,IT_936360,BORA Chicken Shop,Yes,GV_IT_20260526T123502_IT936360,sf_menu_onboarding,2026-05-26 12:35:03,3015,File does not look like a restaurant menu,Not a Menu Document,"The file does not look like a restaurant menu.
        Please upload a clear menu (with items and prices) and ensure the content is not a receipt,
        flyer, or unrelated image.",sf_menu_onboarding/GV_IT_20260526T123502_IT936360.json,https://console.cloud.google.com/storage/browser/dh-menu-digitalised-images-prod/sf_menu_onboarding/GV_IT_20260526T123502_IT936360,,,
GV_IT,500bO00000t99FkQAI,2026-05-26 12:37:19,Closed,HT0HYO,IT_936307,Pizzeria Volidas,Yes,GV_IT_20260526T123459_IT936307,sf_menu_onboarding,2026-05-26 12:35:00,3015,File does not look like a restaurant menu,Not a Menu Document,"The file does not look like a restaurant menu.
        Please upload a clear menu (with items and prices) and ensure the content is not a receipt,
        flyer, or unrelated image.",sf_menu_onboarding/GV_IT_20260526T123459_IT936307.json,https://console.cloud.google.com/storage/browser/dh-menu-digitalised-images-prod/sf_menu_onboarding/GV_IT_20260526T123459_IT936307,,,
GV_IT,500bO00000t9F6bQAE,2026-05-26 12:35:27,Closed,HTKOUH,IT_936303,Lezzet Istanbul,Yes,GV_IT_20260526T123455_IT936303,sf_menu_onboarding,2026-05-26 12:34:55,3015,File does not look like a restaurant menu,Not a Menu Document,"The file does not look like a restaurant menu.
        Please upload a clear menu (with items and prices) and ensure the content is not a receipt,
        flyer, or unrelated image.",sf_menu_onboarding/GV_IT_20260526T123455_IT936303.json,https://console.cloud.google.com/storage/browser/dh-menu-digitalised-images-prod/sf_menu_onboarding/GV_IT_20260526T123455_IT936303,,,
GV_IT,500bO00000t8WceQAE,2026-05-26 12:34:58,Closed,HT0E0G,IT_936292,King Pizzeria Kebab,Yes,GV_IT_20260526T123452_IT936292,sf_menu_onboarding,2026-05-26 12:34:52,3015,File does not look like a restaurant menu,Not a Menu Document,"The file does not look like a restaurant menu.
        Please upload a clear menu (with items and prices) and ensure the content is not a receipt,
        flyer, or unrelated image.",sf_menu_onboarding/GV_IT_20260526T123452_IT936292.json,https://console.cloud.google.com/storage/browser/dh-menu-digitalised-images-prod/sf_menu_onboarding/GV_IT_20260526T123452_IT936292,,,
GV_IT,500bO00000tAN8aQAG,2026-05-26 12:00:24,Closed,HPM9V6,IT_936398,Domò Sushi Milano,No,,,,,No DLQ record found (non-SCCS or pre-MDS failure),Not classified (no DLQ),,,,,,
GV_IT,500bO00000tA29CQAS,2026-05-26 11:57:25,Closed,HTSR5E,IT_936400,Casa Barozzi Panini - Milano Solari,No,,,,,No DLQ record found (non-SCCS or pre-MDS failure),Not classified (no DLQ),,,,,,
GV_IT,500bO00000tAVJ2QAO,2026-05-26 11:55:26,Closed,HT8LJT,IT_936399,Exclusive - Pizzeria Gourmet - ROM - Via silicella 26c,Yes,GV_IT_20260526T115516_IT936399,sf_menu_onboarding,2026-05-26 11:55:16,3015,File does not look like a restaurant menu,Not a Menu Document,"The file does not look like a restaurant menu.
        Please upload a clear menu (with items and prices) and ensure the content is not a receipt,
        flyer, or unrelated image.",sf_menu_onboarding/GV_IT_20260526T115516_IT936399.json,https://console.cloud.google.com/storage/browser/dh-menu-digitalised-images-prod/sf_menu_onboarding/GV_IT_20260526T115516_IT936399,,,
GV_IT,500bO00000tA6sWQAS,2026-05-26 11:39:35,Closed,HPO2AK,IT_936380,The Special Chicken,Yes,GV_IT_20260526T113923_IT936380,sf_menu_onboarding,2026-05-26 11:39:23,3017,File not recognised as a menu by the language model,Not a Menu Document,"The file was not recognized as a menu by the language model.
        Please upload a genuine menu image/PDF (not a storefront photo, logo, or non-menu content)
        and try again.",sf_menu_onboarding/GV_IT_20260526T113923_IT936380.json,https://console.cloud.google.com/storage/browser/dh-menu-digitalised-images-prod/sf_menu_onboarding/GV_IT_20260526T113923_IT936380,,,
GV_IT,500bO00000t9ckvQAA,2026-05-26 11:39:14,Closed,HT0YXO,IT_936388,Gelato Romano - Santa Maria Consolatrice,Yes,GV_IT_20260526T113902_IT936388,sf_menu_onboarding,2026-05-26 11:39:03,3017,File not recognised as a menu by the language model,Not a Menu Document,"The file was not recognized as a menu by the language model.
        Please upload a genuine menu image/PDF (not a storefront photo, logo, or non-menu content)
        and try again.",sf_menu_onboarding/GV_IT_20260526T113902_IT936388.json,https://console.cloud.google.com/storage/browser/dh-menu-digitalised-images-prod/sf_menu_onboarding/GV_IT_20260526T113902_IT936388,,,
GV_IT,500bO00000t6JA7QAM,2026-05-25 18:56:40,Closed,HPLS5B,IT_936268,new paradise,Yes,GV_IT_20260525T185633_IT936268,sf_menu_onboarding,2026-05-25 18:56:34,3015,File does not look like a restaurant menu,Not a Menu Document,"The file does not look like a restaurant menu.
        Please upload a clear menu (with items and prices) and ensure the content is not a receipt,
        flyer, or unrelated image.",sf_menu_onboarding/GV_IT_20260525T185633_IT936268.json,https://console.cloud.google.com/storage/browser/dh-menu-digitalised-images-prod/sf_menu_onboarding/GV_IT_20260525T185633_IT936268,,,
GV_IT,500bO00000t6DHUQA2,2026-05-25 18:21:59,Closed,HT0Y7A,IT_936263,Sciue Sciue,Yes,GV_IT_20260525T182143_IT936263,sf_menu_onboarding,2026-05-25 18:21:43,3015,File does not look like a restaurant menu,Not a Menu Document,"The file does not look like a restaurant menu.
        Please upload a clear menu (with items and prices) and ensure the content is not a receipt,
        flyer, or unrelated image.",sf_menu_onboarding/GV_IT_20260525T182143_IT936263.json,https://console.cloud.google.com/storage/browser/dh-menu-digitalised-images-prod/sf_menu_onboarding/GV_IT_20260525T182143_IT936263,,,
GV_IT,500bO00000t5ulDQAQ,2026-05-25 17:14:12,Closed,HT0HU2,IT_936235,Gelateria La Piazzetta,Yes,GV_IT_20260525T171401_IT936235,sf_menu_onboarding,2026-05-25 17:14:01,3015,File does not look like a restaurant menu,Not a Menu Document,"The file does not look like a restaurant menu.
        Please upload a clear menu (with items and prices) and ensure the content is not a receipt,
        flyer, or unrelated image.",sf_menu_onboarding/GV_IT_20260525T171401_IT936235.json,https://console.cloud.google.com/storage/browser/dh-menu-digitalised-images-prod/sf_menu_onboarding/GV_IT_20260525T171401_IT936235,,,
GV_IT,500bO00000t5QVGQA2,2026-05-25 12:52:42,Closed,4MAXHR,IT_936083,Gelateria Argonne,Yes,GV_IT_20260525T125236_IT936083,sf_menu_onboarding,2026-05-25 12:52:36,3015,File does not look like a restaurant menu,Not a Menu Document,"The file does not look like a restaurant menu.
        Please upload a clear menu (with items and prices) and ensure the content is not a receipt,
        flyer, or unrelated image.",sf_menu_onboarding/GV_IT_20260525T125236_IT936083.json,https://console.cloud.google.com/storage/browser/dh-menu-digitalised-images-prod/sf_menu_onboarding/GV_IT_20260525T125236_IT936083,,,
GV_IT,500bO00000t4hA3QAI,2026-05-25 10:17:17,Closed,HT0ENG,IT_935905,Tiki Taka Cafè,Yes,GV_IT_20260525T101710_IT935905,sf_menu_onboarding,2026-05-25 10:17:10,3015,File does not look like a restaurant menu,Not a Menu Document,"The file does not look like a restaurant menu.
        Please upload a clear menu (with items and prices) and ensure the content is not a receipt,
        flyer, or unrelated image.",sf_menu_onboarding/GV_IT_20260525T101710_IT935905.json,https://console.cloud.google.com/storage/browser/dh-menu-digitalised-images-prod/sf_menu_onboarding/GV_IT_20260525T101710_IT935905,,,
GV_IT,500bO00000t4b7rQAA,2026-05-25 09:22:41,Closed,HT0EYB,IT_935888,Gelatario Milano,Yes,GV_IT_20260525T092235_IT935888,sf_menu_onboarding,2026-05-25 09:22:35,3015,File does not look like a restaurant menu,Not a Menu Document,"The file does not look like a restaurant menu.
        Please upload a clear menu (with items and prices) and ensure the content is not a receipt,
        flyer, or unrelated image.",sf_menu_onboarding/GV_IT_20260525T092235_IT935888.json,https://console.cloud.google.com/storage/browser/dh-menu-digitalised-images-prod/sf_menu_onboarding/GV_IT_20260525T092235_IT935888,,,
GV_IT,500bO00000t4Qp9QAE,2026-05-25 08:05:24,Closed,4MXOH2,IT_935846,Sushi by La Curva,Yes,GV_IT_20260525T080516_IT935846,sf_menu_onboarding,2026-05-25 08:05:16,3017,File not recognised as a menu by the language model,Not a Menu Document,"The file was not recognized as a menu by the language model.
        Please upload a genuine menu image/PDF (not a storefront photo, logo, or non-menu content)
        and try again.",sf_menu_onboarding/GV_IT_20260525T080516_IT935846.json,https://console.cloud.google.com/storage/browser/dh-menu-digitalised-images-prod/sf_menu_onboarding/GV_IT_20260525T080516_IT935846,,,
GV_MA,500bO00000uSI51QAG,2026-06-11 17:50:58,New,HTUKKB,MA_949914,ban and Bowl,No,,,,,No DLQ record found (non-SCCS or pre-MDS failure),Not classified (no DLQ),,,,,,
GV_MA,500bO00000uKqdJQAS,2026-06-10 12:34:20,Closed,HTBICD,MA_949463,GRILAZ (Café - Jus - Snack ),Yes,GV_MA_20260610T123402_MA949463,sf_menu_onboarding,2026-06-10 12:34:02,3017,File not recognised as a menu by the language model,Not a Menu Document,"The file was not recognized as a menu by the language model.
        Please upload a genuine menu image/PDF (not a storefront photo, logo, or non-menu content)
        and try again.",sf_menu_onboarding/GV_MA_20260610T123402_MA949463.json,https://console.cloud.google.com/storage/browser/dh-menu-digitalised-images-prod/sf_menu_onboarding/GV_MA_20260610T123402_MA949463,,,
GV_MA,500bO00000txPCSQA2,2026-06-05 11:54:53,Closed,HR9MPK,MA_938515,pizzeria milano,No,,,,,No DLQ record found (non-SCCS or pre-MDS failure),Not classified (no DLQ),,,,,,
GV_MA,500bO00000tlivaQAA,2026-06-03 09:51:33,Closed,HTUKXS,MA_937934,Factory's,Yes,GV_MA_20260603T095127_MA937934,sf_menu_onboarding,2026-06-03 09:51:27,3015,File does not look like a restaurant menu,Not a Menu Document,"The file does not look like a restaurant menu.
        Please upload a clear menu (with items and prices) and ensure the content is not a receipt,
        flyer, or unrelated image.",sf_menu_onboarding/GV_MA_20260603T095127_MA937934.json,https://console.cloud.google.com/storage/browser/dh-menu-digitalised-images-prod/sf_menu_onboarding/GV_MA_20260603T095127_MA937934,,,
GV_NG,500bO00000u6VyeQAE,2026-06-08 09:43:07,Closed,HTUNUB,NG_948835,Mahkiees Delight,Yes,GV_NG_20260608T093723_NG948835,sf_menu_onboarding,2026-06-08 09:37:23,99,Internal processing error (NoneType attribute missing),MDS Technical Failure,'NoneType' object has no attribute 'items',sf_menu_onboarding/GV_NG_20260608T093723_NG948835.json,https://console.cloud.google.com/storage/browser/dh-menu-digitalised-images-prod/sf_menu_onboarding/GV_NG_20260608T093723_NG948835,,,
GV_NG,500bO00000tXPMiQAO,2026-06-01 09:04:11,Closed,HT027O,NG_937451,Bestfood spot,No,,,,,No DLQ record found (non-SCCS or pre-MDS failure),Not classified (no DLQ),,,,,,
GV_PL,500bO00000uRu17QAC,2026-06-11 15:51:46,Closed,4M14TE,PL_949864,Bułkę przez Bibułkę Zgoda,No,,,,,No DLQ record found (non-SCCS or pre-MDS failure),Not classified (no DLQ),,,,,,
GV_PL,500bO00000uQZxyQAG,2026-06-11 11:21:50,Closed,HT0F0R,PL_949764,Sushi Temple - TCW - Dąbrowskiego 20,No,,,,,No DLQ record found (non-SCCS or pre-MDS failure),Not classified (no DLQ),,,,,,
GV_PL,500bO00000uPaL2QAK,2026-06-11 09:18:27,Closed,HTY42H,PL_949689,Dobra przekąska i słodycze - OTW - Zamenhoffa 25,Yes,GV_PL_20260611T091818_PL949689,sf_menu_onboarding,2026-06-11 09:18:18,3017,File not recognised as a menu by the language model,Not a Menu Document,"The file was not recognized as a menu by the language model.
        Please upload a genuine menu image/PDF (not a storefront photo, logo, or non-menu content)
        and try again.",sf_menu_onboarding/GV_PL_20260611T091818_PL949689.json,https://console.cloud.google.com/storage/browser/dh-menu-digitalised-images-prod/sf_menu_onboarding/GV_PL_20260611T091818_PL949689,,,
GV_PL,500bO00000uKcgtQAC,2026-06-10 13:36:30,Closed,HPEOJJ,PL_949494,Kebab 7 Star & Grill - GJC - Al. Niepodległości 16a,Yes,GV_PL_20260610T133606_PL949494,sf_menu_onboarding,2026-06-10 13:36:06,3017,File not recognised as a menu by the language model,Not a Menu Document,"The file was not recognized as a menu by the language model.
        Please upload a genuine menu image/PDF (not a storefront photo, logo, or non-menu content)
        and try again.",sf_menu_onboarding/GV_PL_20260610T133606_PL949494.json,https://console.cloud.google.com/storage/browser/dh-menu-digitalised-images-prod/sf_menu_onboarding/GV_PL_20260610T133606_PL949494,,,
GV_PL,500bO00000uKG8RQAW,2026-06-10 10:45:11,Closed,HR5S1T,PL_949415,Klar - Pizza & Cocktails - WAW - Krakowskie Przedmieście,Yes,GV_PL_20260610T104154_PL949415,sf_menu_onboarding,2026-06-10 10:41:54,3017,File not recognised as a menu by the language model,Not a Menu Document,"The file was not recognized as a menu by the language model.
        Please upload a genuine menu image/PDF (not a storefront photo, logo, or non-menu content)
        and try again.",sf_menu_onboarding/GV_PL_20260610T104154_PL949415.json,https://console.cloud.google.com/storage/browser/dh-menu-digitalised-images-prod/sf_menu_onboarding/GV_PL_20260610T104154_PL949415,,,
GV_PL,500bO00000uDOvaQAG,2026-06-09 08:39:56,Closed,HR575O,PL_949096,Lviv - WRO - Zatorska 60,Yes,GV_PL_20260609T083924_PL949096,sf_menu_onboarding,2026-06-09 08:39:25,3017,File not recognised as a menu by the language model,Not a Menu Document,"The file was not recognized as a menu by the language model.
        Please upload a genuine menu image/PDF (not a storefront photo, logo, or non-menu content)
        and try again.",sf_menu_onboarding/GV_PL_20260609T083924_PL949096.json,https://console.cloud.google.com/storage/browser/dh-menu-digitalised-images-prod/sf_menu_onboarding/GV_PL_20260609T083924_PL949096,,,
GV_PL,500bO00000uDPGVQA4,2026-06-09 07:39:36,Closed,HTUXQG,PL_949070,Masami Sushi - WAW - Kłobucka 11,Yes,GV_PL_20260609T073929_PL949070,sf_menu_onboarding,2026-06-09 07:39:29,3017,File not recognised as a menu by the language model,Not a Menu Document,"The file was not recognized as a menu by the language model.
        Please upload a genuine menu image/PDF (not a storefront photo, logo, or non-menu content)
        and try again.",sf_menu_onboarding/GV_PL_20260609T073929_PL949070.json,https://console.cloud.google.com/storage/browser/dh-menu-digitalised-images-prod/sf_menu_onboarding/GV_PL_20260609T073929_PL949070,,,
GV_PL,500bO00000u6NJTQA2,2026-06-08 08:39:32,Closed,HRFRCZ,PL_948793,Ściśnij Bułę - QYY -  Świerkowa 24,Yes,GV_PL_20260608T083924_PL948793,sf_menu_onboarding,2026-06-08 08:39:24,3017,File not recognised as a menu by the language model,Not a Menu Document,"The file was not recognized as a menu by the language model.
        Please upload a genuine menu image/PDF (not a storefront photo, logo, or non-menu content)
        and try again.",sf_menu_onboarding/GV_PL_20260608T083924_PL948793.json,https://console.cloud.google.com/storage/browser/dh-menu-digitalised-images-prod/sf_menu_onboarding/GV_PL_20260608T083924_PL948793,,,
GV_PL,500bO00000u4AzyQAE,2026-06-07 17:42:38,Closed,HR98DE,PL_948729,Amsel Breakfast Cafe Concept - WRO - Rajska 12,Yes,GV_PL_20260607T174226_PL948729,sf_menu_onboarding,2026-06-07 17:42:26,3017,File not recognised as a menu by the language model,Not a Menu Document,"The file was not recognized as a menu by the language model.
        Please upload a genuine menu image/PDF (not a storefront photo, logo, or non-menu content)
        and try again.",sf_menu_onboarding/GV_PL_20260607T174226_PL948729.json,https://console.cloud.google.com/storage/browser/dh-menu-digitalised-images-prod/sf_menu_onboarding/GV_PL_20260607T174226_PL948729,,,
GV_PL,500bO00000u37w0QAA,2026-06-07 06:19:11,Closed,HT0O5H,PL_948723,Kebab SN King - QYY - Nowosielska,Yes,GV_PL_20260607T061902_PL948723,sf_menu_onboarding,2026-06-07 06:19:02,3017,File not recognised as a menu by the language model,Not a Menu Document,"The file was not recognized as a menu by the language model.
        Please upload a genuine menu image/PDF (not a storefront photo, logo, or non-menu content)
        and try again.",sf_menu_onboarding/GV_PL_20260607T061902_PL948723.json,https://console.cloud.google.com/storage/browser/dh-menu-digitalised-images-prod/sf_menu_onboarding/GV_PL_20260607T061902_PL948723,,,
GV_PL,500bO00000txMkvQAE,2026-06-05 14:50:31,Closed,HTUWYZ,PL_938570,Nasz Smash | Smash Burgery Bemowo - WAW - Powstańców Śląskich 126,Yes,GV_PL_20260605T145021_PL938570,sf_menu_onboarding,2026-06-05 14:50:22,3017,File not recognised as a menu by the language model,Not a Menu Document,"The file was not recognized as a menu by the language model.
        Please upload a genuine menu image/PDF (not a storefront photo, logo, or non-menu content)
        and try again.",sf_menu_onboarding/GV_PL_20260605T145021_PL938570.json,https://console.cloud.google.com/storage/browser/dh-menu-digitalised-images-prod/sf_menu_onboarding/GV_PL_20260605T145021_PL938570,,,
GV_PL,500bO00000tqw0IQAQ,2026-06-04 07:04:51,Closed,HRF80Z,PL_938145,Azja Express Janki - Sinh Sinh 2 - WAW - Al. Krakowska 61a,Yes,GV_PL_20260604T070445_PL938145,sf_menu_onboarding,2026-06-04 07:04:45,3015,File does not look like a restaurant menu,Not a Menu Document,"The file does not look like a restaurant menu.
        Please upload a clear menu (with items and prices) and ensure the content is not a receipt,
        flyer, or unrelated image.",sf_menu_onboarding/GV_PL_20260604T070445_PL938145.json,https://console.cloud.google.com/storage/browser/dh-menu-digitalised-images-prod/sf_menu_onboarding/GV_PL_20260604T070445_PL938145,,,
GV_PL,500bO00000tlhhqQAA,2026-06-03 10:46:28,Closed,4MQ826,PL_937970,Papa John's Express - MMZ - Plac Kilińskiego 7,No,,,,,No DLQ record found (non-SCCS or pre-MDS failure),Not classified (no DLQ),,,,,,
GV_PL,500bO00000tlcaAQAQ,2026-06-03 10:42:51,Closed,HT06D3,PL_937967,Express Pizza Gorzów - GZW - plac Staromiejski 3,Yes,GV_PL_20260603T104239_PL937967,sf_menu_onboarding,2026-06-03 10:42:39,3015,File does not look like a restaurant menu,Not a Menu Document,"The file does not look like a restaurant menu.
        Please upload a clear menu (with items and prices) and ensure the content is not a receipt,
        flyer, or unrelated image.",sf_menu_onboarding/GV_PL_20260603T104239_PL937967.json,https://console.cloud.google.com/storage/browser/dh-menu-digitalised-images-prod/sf_menu_onboarding/GV_PL_20260603T104239_PL937967,,,
GV_PL,500bO00000tglJ9QAI,2026-06-02 13:19:15,Closed,HTN3Y6,PL_937756,My Burger - POZ - Wrocławska 5,Yes,GV_PL_20260602T131908_PL937756,sf_menu_onboarding,2026-06-02 13:19:09,3015,File does not look like a restaurant menu,Not a Menu Document,"The file does not look like a restaurant menu.
        Please upload a clear menu (with items and prices) and ensure the content is not a receipt,
        flyer, or unrelated image.",sf_menu_onboarding/GV_PL_20260602T131908_PL937756.json,https://console.cloud.google.com/storage/browser/dh-menu-digitalised-images-prod/sf_menu_onboarding/GV_PL_20260602T131908_PL937756,,,
GV_PL,500bO00000tgpstQAA,2026-06-02 12:00:38,Closed,HTUL35,PL_937739,Ideolo Pizza Wejherowo,Yes,GV_PL_20260602T120031_PL937739,sf_menu_onboarding,2026-06-02 12:00:31,3015,File does not look like a restaurant menu,Not a Menu Document,"The file does not look like a restaurant menu.
        Please upload a clear menu (with items and prices) and ensure the content is not a receipt,
        flyer, or unrelated image.",sf_menu_onboarding/GV_PL_20260602T120031_PL937739.json,https://console.cloud.google.com/storage/browser/dh-menu-digitalised-images-prod/sf_menu_onboarding/GV_PL_20260602T120031_PL937739,,,
GV_PL,500bO00000tfVkxQAE,2026-06-02 08:17:11,Closed,4MQGEL,PL_937641,Papa Johns Express - WRO - Budziszyńska 62,Yes,GV_PL_20260602T081705_PL937641,sf_menu_onboarding,2026-06-02 08:17:05,3015,File does not look like a restaurant menu,Not a Menu Document,"The file does not look like a restaurant menu.
        Please upload a clear menu (with items and prices) and ensure the content is not a receipt,
        flyer, or unrelated image.",sf_menu_onboarding/GV_PL_20260602T081705_PL937641.json,https://console.cloud.google.com/storage/browser/dh-menu-digitalised-images-prod/sf_menu_onboarding/GV_PL_20260602T081705_PL937641,,,
GV_PL,500bO00000teozUQAQ,2026-06-02 07:50:27,Closed,4MQEV8,PL_937637,Papa John's Express - WAW - Kasprzaka 29,Yes,GV_PL_20260602T075021_PL937637,sf_menu_onboarding,2026-06-02 07:50:21,3015,File does not look like a restaurant menu,Not a Menu Document,"The file does not look like a restaurant menu.
        Please upload a clear menu (with items and prices) and ensure the content is not a receipt,
        flyer, or unrelated image.",sf_menu_onboarding/GV_PL_20260602T075021_PL937637.json,https://console.cloud.google.com/storage/browser/dh-menu-digitalised-images-prod/sf_menu_onboarding/GV_PL_20260602T075021_PL937637,,,
GV_PL,500bO00000tZ0FCQA0,2026-06-01 13:39:01,Closed,HT0CIL,PL_937549,Burgerim - WAW - Rembielińska,Yes,GV_PL_20260601T133856_PL937549,sf_menu_onboarding,2026-06-01 13:38:56,3015,File does not look like a restaurant menu,Not a Menu Document,"The file does not look like a restaurant menu.
        Please upload a clear menu (with items and prices) and ensure the content is not a receipt,
        flyer, or unrelated image.",sf_menu_onboarding/GV_PL_20260601T133856_PL937549.json,https://console.cloud.google.com/storage/browser/dh-menu-digitalised-images-prod/sf_menu_onboarding/GV_PL_20260601T133856_PL937549,,,
GV_PL,500bO00000tYGE4QAO,2026-06-01 13:06:42,Closed,4MXQ57,PL_937546,Bafra Kebab - WRO - Swojczycka 81,Yes,GV_PL_20260601T130632_PL937546,sf_menu_onboarding,2026-06-01 13:06:32,3015,File does not look like a restaurant menu,Not a Menu Document,"The file does not look like a restaurant menu.
        Please upload a clear menu (with items and prices) and ensure the content is not a receipt,
        flyer, or unrelated image.",sf_menu_onboarding/GV_PL_20260601T130632_PL937546.json,https://console.cloud.google.com/storage/browser/dh-menu-digitalised-images-prod/sf_menu_onboarding/GV_PL_20260601T130632_PL937546,,,
GV_PL,500bO00000tXJU7QAO,2026-06-01 08:49:39,Closed,HPXZCG,PL_937448,Świeżo Sushi Starogard Gdański,Yes,GV_PL_20260601T084932_PL937448,sf_menu_onboarding,2026-06-01 08:49:32,3015,File does not look like a restaurant menu,Not a Menu Document,"The file does not look like a restaurant menu.
        Please upload a clear menu (with items and prices) and ensure the content is not a receipt,
        flyer, or unrelated image.",sf_menu_onboarding/GV_PL_20260601T084932_PL937448.json,https://console.cloud.google.com/storage/browser/dh-menu-digitalised-images-prod/sf_menu_onboarding/GV_PL_20260601T084932_PL937448,,,
GV_PL,500bO00000tTPxuQAG,2026-05-30 12:58:09,Closed,HR57ZE,PL_937348,A nóż łyżka i widelec,Yes,GV_PL_20260530T125800_PL937348,sf_menu_onboarding,2026-05-30 12:58:00,3015,File does not look like a restaurant menu,Not a Menu Document,"The file does not look like a restaurant menu.
        Please upload a clear menu (with items and prices) and ensure the content is not a receipt,
        flyer, or unrelated image.",sf_menu_onboarding/GV_PL_20260530T125800_PL937348.json,https://console.cloud.google.com/storage/browser/dh-menu-digitalised-images-prod/sf_menu_onboarding/GV_PL_20260530T125800_PL937348,,,
GV_PL,500bO00000tSsnwQAC,2026-05-30 07:04:38,Closed,HT0MRU,PL_937309,Bistro,Yes,GV_PL_20260530T070430_PL937309,sf_menu_onboarding,2026-05-30 07:04:30,3015,File does not look like a restaurant menu,Not a Menu Document,"The file does not look like a restaurant menu.
        Please upload a clear menu (with items and prices) and ensure the content is not a receipt,
        flyer, or unrelated image.",sf_menu_onboarding/GV_PL_20260530T070430_PL937309.json,https://console.cloud.google.com/storage/browser/dh-menu-digitalised-images-prod/sf_menu_onboarding/GV_PL_20260530T070430_PL937309,,,
GV_PL,500bO00000tPaqLQAS,2026-05-29 15:21:39,Closed,4MXRO4,PL_937276,Woky by Thai Wok - KLC - Świętokrzyska 20,Yes,GV_PL_20260529T152131_PL937276,sf_menu_onboarding,2026-05-29 15:21:32,3015,File does not look like a restaurant menu,Not a Menu Document,"The file does not look like a restaurant menu.
        Please upload a clear menu (with items and prices) and ensure the content is not a receipt,
        flyer, or unrelated image.",sf_menu_onboarding/GV_PL_20260529T152131_PL937276.json,https://console.cloud.google.com/storage/browser/dh-menu-digitalised-images-prod/sf_menu_onboarding/GV_PL_20260529T152131_PL937276,,,
GV_PL,500bO00000tPZm8QAG,2026-05-29 14:42:22,Closed,HPLKRU,PL_937270,Pizza Włoski Przystanek,Yes,GV_PL_20260529T144216_PL937270,sf_menu_onboarding,2026-05-29 14:42:16,3015,File does not look like a restaurant menu,Not a Menu Document,"The file does not look like a restaurant menu.
        Please upload a clear menu (with items and prices) and ensure the content is not a receipt,
        flyer, or unrelated image.",sf_menu_onboarding/GV_PL_20260529T144216_PL937270.json,https://console.cloud.google.com/storage/browser/dh-menu-digitalised-images-prod/sf_menu_onboarding/GV_PL_20260529T144216_PL937270,,,
GV_PL,500bO00000tNkaWQAS,2026-05-29 09:34:46,Closed,HTHJJI,PL_937157,Toriko,No,,,,,No DLQ record found (non-SCCS or pre-MDS failure),Not classified (no DLQ),,,,,,
GV_PL,500bO00000tKk0eQAC,2026-05-28 12:29:38,Closed,4MX9WG,PL_937005,Chłopskie Jadło - GRU - Al. 23 Stycznia 26,Yes,GV_PL_20260528T122933_PL937005,sf_menu_onboarding,2026-05-28 12:29:33,3015,File does not look like a restaurant menu,Not a Menu Document,"The file does not look like a restaurant menu.
        Please upload a clear menu (with items and prices) and ensure the content is not a receipt,
        flyer, or unrelated image.",sf_menu_onboarding/GV_PL_20260528T122933_PL937005.json,https://console.cloud.google.com/storage/browser/dh-menu-digitalised-images-prod/sf_menu_onboarding/GV_PL_20260528T122933_PL937005,,,
GV_PL,500bO00000tIgApQAK,2026-05-28 04:55:29,Closed,HT0E5I,PL_936868,Fifty Kebab - POZ - Rynek Wildecki,Yes,GV_PL_20260528T045521_PL936868,sf_menu_onboarding,2026-05-28 04:55:21,3015,File does not look like a restaurant menu,Not a Menu Document,"The file does not look like a restaurant menu.
        Please upload a clear menu (with items and prices) and ensure the content is not a receipt,
        flyer, or unrelated image.",sf_menu_onboarding/GV_PL_20260528T045521_PL936868.json,https://console.cloud.google.com/storage/browser/dh-menu-digitalised-images-prod/sf_menu_onboarding/GV_PL_20260528T045521_PL936868,,,
GV_PL,500bO00000tEVifQAG,2026-05-27 10:53:43,Closed,4MXOHO,PL_936684,The Royals by Burger King® - QLU - Krakowskie Przedmieście 20,No,,,,,No DLQ record found (non-SCCS or pre-MDS failure),Not classified (no DLQ),,,,,,
GV_PL,500bO00000t5SbtQAE,2026-05-25 12:50:55,Closed,HTTY58,PL_936086,Noodle house Posnania - POZ - Pleszewska 1,Yes,GV_PL_20260525T125049_PL936086,sf_menu_onboarding,2026-05-25 12:50:49,3015,File does not look like a restaurant menu,Not a Menu Document,"The file does not look like a restaurant menu.
        Please upload a clear menu (with items and prices) and ensure the content is not a receipt,
        flyer, or unrelated image.",sf_menu_onboarding/GV_PL_20260525T125049_PL936086.json,https://console.cloud.google.com/storage/browser/dh-menu-digitalised-images-prod/sf_menu_onboarding/GV_PL_20260525T125049_PL936086,,,
GV_PL,500bO00000t5HlNQAU,2026-05-25 12:50:02,Closed,HT0D7J,PL_936085,Sphinx - LOD - Wojska Polskiego,Yes,GV_PL_20260525T124956_PL936085,sf_menu_onboarding,2026-05-25 12:49:56,3015,File does not look like a restaurant menu,Not a Menu Document,"The file does not look like a restaurant menu.
        Please upload a clear menu (with items and prices) and ensure the content is not a receipt,
        flyer, or unrelated image.",sf_menu_onboarding/GV_PL_20260525T124956_PL936085.json,https://console.cloud.google.com/storage/browser/dh-menu-digitalised-images-prod/sf_menu_onboarding/GV_PL_20260525T124956_PL936085,,,
GV_PL,500bO00000t5MQDQA2,2026-05-25 12:46:22,Closed,HTPLTX,PL_936081,The Locals | Coffee & Matcha - KRA - Wawrzyńca 16,Yes,GV_PL_20260525T124617_PL936081,sf_menu_onboarding,2026-05-25 12:46:17,3015,File does not look like a restaurant menu,Not a Menu Document,"The file does not look like a restaurant menu.
        Please upload a clear menu (with items and prices) and ensure the content is not a receipt,
        flyer, or unrelated image.",sf_menu_onboarding/GV_PL_20260525T124617_PL936081.json,https://console.cloud.google.com/storage/browser/dh-menu-digitalised-images-prod/sf_menu_onboarding/GV_PL_20260525T124617_PL936081,,,
GV_PL,500bO00000t5Mg9QAE,2026-05-25 11:43:39,Closed,HRFPFZ,PL_936050,Kebabish - WAW - Strużańska 133A,Yes,GV_PL_20260525T114332_PL936050,sf_menu_onboarding,2026-05-25 11:43:32,3015,File does not look like a restaurant menu,Not a Menu Document,"The file does not look like a restaurant menu.
        Please upload a clear menu (with items and prices) and ensure the content is not a receipt,
        flyer, or unrelated image.",sf_menu_onboarding/GV_PL_20260525T114332_PL936050.json,https://console.cloud.google.com/storage/browser/dh-menu-digitalised-images-prod/sf_menu_onboarding/GV_PL_20260525T114332_PL936050,,,
GV_PL,500bO00000t5GPVQA2,2026-05-25 11:24:42,Closed,HT06DE,PL_936037,U Wujcia,Yes,GV_PL_20260525T112437_PL936037,sf_menu_onboarding,2026-05-25 11:24:37,3015,File does not look like a restaurant menu,Not a Menu Document,"The file does not look like a restaurant menu.
        Please upload a clear menu (with items and prices) and ensure the content is not a receipt,
        flyer, or unrelated image.",sf_menu_onboarding/GV_PL_20260525T112437_PL936037.json,https://console.cloud.google.com/storage/browser/dh-menu-digitalised-images-prod/sf_menu_onboarding/GV_PL_20260525T112437_PL936037,,,
GV_PL,500bO00000t4x59QAA,2026-05-25 11:23:49,Closed,HT06DG,PL_936036,U Wujcia,Yes,GV_PL_20260525T112343_PL936036,sf_menu_onboarding,2026-05-25 11:23:43,3015,File does not look like a restaurant menu,Not a Menu Document,"The file does not look like a restaurant menu.
        Please upload a clear menu (with items and prices) and ensure the content is not a receipt,
        flyer, or unrelated image.",sf_menu_onboarding/GV_PL_20260525T112343_PL936036.json,https://console.cloud.google.com/storage/browser/dh-menu-digitalised-images-prod/sf_menu_onboarding/GV_PL_20260525T112343_PL936036,,,
GV_PL,500bO00000t5KeLQAU,2026-05-25 11:22:48,Closed,HT06DD,PL_936035,U Wujcia,Yes,GV_PL_20260525T112242_PL936035,sf_menu_onboarding,2026-05-25 11:22:42,3015,File does not look like a restaurant menu,Not a Menu Document,"The file does not look like a restaurant menu.
        Please upload a clear menu (with items and prices) and ensure the content is not a receipt,
        flyer, or unrelated image.",sf_menu_onboarding/GV_PL_20260525T112242_PL936035.json,https://console.cloud.google.com/storage/browser/dh-menu-digitalised-images-prod/sf_menu_onboarding/GV_PL_20260525T112242_PL936035,,,
GV_PL,500bO00000t4mBJQAY,2026-05-25 10:15:18,Closed,HRMP6E,PL_935908,Nova Sushi-GDN-Stanisława Wyspiańskiego 2,Yes,GV_PL_20260525T101513_PL935908,sf_menu_onboarding,2026-05-25 10:15:13,3015,File does not look like a restaurant menu,Not a Menu Document,"The file does not look like a restaurant menu.
        Please upload a clear menu (with items and prices) and ensure the content is not a receipt,
        flyer, or unrelated image.",sf_menu_onboarding/GV_PL_20260525T101513_PL935908.json,https://console.cloud.google.com/storage/browser/dh-menu-digitalised-images-prod/sf_menu_onboarding/GV_PL_20260525T101513_PL935908,,,
GV_PT,500bO00000uRpZXQA0,2026-06-11 16:58:19,Closed,4M164F,PT_949898,KFC - FGF - Centro Comercial Foz Plaza,Yes,GV_PT_20260611T165810_PT949898,sf_menu_onboarding,2026-06-11 16:58:10,3017,File not recognised as a menu by the language model,Not a Menu Document,"The file was not recognized as a menu by the language model.
        Please upload a genuine menu image/PDF (not a storefront photo, logo, or non-menu content)
        and try again.",sf_menu_onboarding/GV_PT_20260611T165810_PT949898.json,https://console.cloud.google.com/storage/browser/dh-menu-digitalised-images-prod/sf_menu_onboarding/GV_PT_20260611T165810_PT949898,,,
GV_PT,500bO00000u7CXFQA2,2026-06-08 09:36:12,Closed,HT0JPO,PT_948836,La Fresería Barcelos,No,,,,,No DLQ record found (non-SCCS or pre-MDS failure),Not classified (no DLQ),,,,,,
GV_PT,500bO00000tfwA9QAI,2026-06-02 09:44:29,Closed,HTU6YL,PT_937671,Sr. Cookie,Yes,GV_PT_20260602T094326_PT937671,sf_menu_onboarding,2026-06-02 09:43:27,3013,Not enough menu items extracted (fewer than 3),Lesser than 3 Items,"Not enough menu items were extracted (fewer than 3).
        Please upload a clearer, higher-quality menu image/PDF
        (well-lit, not blurry, complete menu) and try again.",sf_menu_onboarding/GV_PT_20260602T094326_PT937671.json,https://console.cloud.google.com/storage/browser/dh-menu-digitalised-images-prod/sf_menu_onboarding/GV_PT_20260602T094326_PT937671,,,
GV_PT,500bO00000tPmoEQAS,2026-05-29 14:24:42,Closed,HRIGV0,PT_937263,Marisqueira Serpa Pinto,Yes,GV_PT_20260529T142432_PT937263,sf_menu_onboarding,2026-05-29 14:24:32,3017,File not recognised as a menu by the language model,Not a Menu Document,"The file was not recognized as a menu by the language model.
        Please upload a genuine menu image/PDF (not a storefront photo, logo, or non-menu content)
        and try again.",sf_menu_onboarding/GV_PT_20260529T142432_PT937263.json,https://console.cloud.google.com/storage/browser/dh-menu-digitalised-images-prod/sf_menu_onboarding/GV_PT_20260529T142432_PT937263,,,
GV_PT,500bO00000tAhXDQA0,2026-05-26 15:15:40,Closed,HT0E94,PT_936493,Smash Club - BRG,Yes,GV_PT_20260526T151508_PT936493,sf_menu_onboarding,2026-05-26 15:15:08,3013,Not enough menu items extracted (fewer than 3),Lesser than 3 Items,"Not enough menu items were extracted (fewer than 3).
        Please upload a clearer, higher-quality menu image/PDF
        (well-lit, not blurry, complete menu) and try again.",sf_menu_onboarding/GV_PT_20260526T151508_PT936493.json,https://console.cloud.google.com/storage/browser/dh-menu-digitalised-images-prod/sf_menu_onboarding/GV_PT_20260526T151508_PT936493,,,
GV_PT,500bO00000t3Zw9QAE,2026-05-25 08:43:30,Closed,HT060T,PT_935860,Pizzaria Pizzà Jaime,Yes,GV_PT_20260525T084324_PT935860,sf_menu_onboarding,2026-05-25 08:43:24,3015,File does not look like a restaurant menu,Not a Menu Document,"The file does not look like a restaurant menu.
        Please upload a clear menu (with items and prices) and ensure the content is not a receipt,
        flyer, or unrelated image.",sf_menu_onboarding/GV_PT_20260525T084324_PT935860.json,https://console.cloud.google.com/storage/browser/dh-menu-digitalised-images-prod/sf_menu_onboarding/GV_PT_20260525T084324_PT935860,,,
GV_PT,500bO00000t4GMnQAM,2026-05-25 08:28:42,Closed,HTRR0A,PT_935854,Galeria - Real Healthy Food,No,,,,,No DLQ record found (non-SCCS or pre-MDS failure),Not classified (no DLQ),,,,,,
GV_RO,500bO00000uRMtqQAG,2026-06-11 13:10:14,Closed,HTYGEG,RO_949796,Uzina De Pizza Mamaia NOU,Yes,GV_RO_20260611T130945_RO949796,sf_menu_onboarding,2026-06-11 13:09:45,3017,File not recognised as a menu by the language model,Not a Menu Document,"The file was not recognized as a menu by the language model.
        Please upload a genuine menu image/PDF (not a storefront photo, logo, or non-menu content)
        and try again.",sf_menu_onboarding/GV_RO_20260611T130945_RO949796.json,https://console.cloud.google.com/storage/browser/dh-menu-digitalised-images-prod/sf_menu_onboarding/GV_RO_20260611T130945_RO949796,,,
GV_RO,500bO00000uL4BhQAK,2026-06-10 13:56:58,Closed,HTUIKH,RO_949502,Traditional Express,Yes,GV_RO_20260610T135648_RO949502,sf_menu_onboarding,2026-06-10 13:56:48,3017,File not recognised as a menu by the language model,Not a Menu Document,"The file was not recognized as a menu by the language model.
        Please upload a genuine menu image/PDF (not a storefront photo, logo, or non-menu content)
        and try again.",sf_menu_onboarding/GV_RO_20260610T135648_RO949502.json,https://console.cloud.google.com/storage/browser/dh-menu-digitalised-images-prod/sf_menu_onboarding/GV_RO_20260610T135648_RO949502,,,
GV_RO,500bO00000uKMXBQA4,2026-06-10 10:56:15,Closed,4M1DVR,RO_949425,Piata9 Bucuresti,Yes,GV_RO_20260610T105609_RO949425,sf_menu_onboarding,2026-06-10 10:56:10,3014,Image resolution too large (pixel count exceeds limit),MDS Technical Failure,"Image resolution is too large to process.
        Please resize the image to a smaller resolution and try again.
         tot 181247408 max 30000000",sf_menu_onboarding/GV_RO_20260610T105609_RO949425.json,https://console.cloud.google.com/storage/browser/dh-menu-digitalised-images-prod/sf_menu_onboarding/GV_RO_20260610T105609_RO949425,image_1.pdf,4.02,"File: 4.02 MB on disk. Pixel count: 181,247,408 px (+504.2% over 30M limit). Extremely high-DPI scan."
GV_RO,500bO00000uKIQOQA4,2026-06-10 10:48:53,Closed,4M1D1D,RO_949419,Crunch Vivo - CLJ - Strada Avram Iancu 492-500,Yes,GV_RO_20260610T104837_RO949419,sf_menu_onboarding,2026-06-10 10:48:37,3017,File not recognised as a menu by the language model,Not a Menu Document,"The file was not recognized as a menu by the language model.
        Please upload a genuine menu image/PDF (not a storefront photo, logo, or non-menu content)
        and try again.",sf_menu_onboarding/GV_RO_20260610T104837_RO949419.json,https://console.cloud.google.com/storage/browser/dh-menu-digitalised-images-prod/sf_menu_onboarding/GV_RO_20260610T104837_RO949419,,,
GV_RO,500bO00000uD58AQAS,2026-06-09 07:37:53,Closed,HTULCS,RO_949068,La Brasa Burger House,Yes,GV_RO_20260609T073737_RO949068,sf_menu_onboarding,2026-06-09 07:37:37,3017,File not recognised as a menu by the language model,Not a Menu Document,"The file was not recognized as a menu by the language model.
        Please upload a genuine menu image/PDF (not a storefront photo, logo, or non-menu content)
        and try again.",sf_menu_onboarding/GV_RO_20260609T073737_RO949068.json,https://console.cloud.google.com/storage/browser/dh-menu-digitalised-images-prod/sf_menu_onboarding/GV_RO_20260609T073737_RO949068,,,
GV_RO,500bO00000tsPpnQAE,2026-06-04 10:27:10,Closed,HTAJU5,RO_938230,Gemenii Pizza,Yes,GV_RO_20260604T102603_RO938230,sf_menu_onboarding,2026-06-04 10:26:04,3017,File not recognised as a menu by the language model,Not a Menu Document,"The file was not recognized as a menu by the language model.
        Please upload a genuine menu image/PDF (not a storefront photo, logo, or non-menu content)
        and try again.",sf_menu_onboarding/GV_RO_20260604T102603_RO938230.json,https://console.cloud.google.com/storage/browser/dh-menu-digitalised-images-prod/sf_menu_onboarding/GV_RO_20260604T102603_RO938230,,,
GV_RO,500bO00000trQi6QAE,2026-06-04 08:25:08,Closed,4MQAJD,RO_938167,El bacha express- Prânzul Zilei,Yes,GV_RO_20260604T082039_RO938167,sf_menu_onboarding,2026-06-04 08:20:39,3015,File does not look like a restaurant menu,Not a Menu Document,"The file does not look like a restaurant menu.
        Please upload a clear menu (with items and prices) and ensure the content is not a receipt,
        flyer, or unrelated image.",sf_menu_onboarding/GV_RO_20260604T082039_RO938167.json,https://console.cloud.google.com/storage/browser/dh-menu-digitalised-images-prod/sf_menu_onboarding/GV_RO_20260604T082039_RO938167,,,
GV_RO,500bO00000tqy6wQAA,2026-06-04 07:01:38,Closed,4MQAFC,RO_938144,Origini - BCU - Strada Ștefan cel Mare 28,Yes,GV_RO_20260604T070130_RO938144,sf_menu_onboarding,2026-06-04 07:01:31,3015,File does not look like a restaurant menu,Not a Menu Document,"The file does not look like a restaurant menu.
        Please upload a clear menu (with items and prices) and ensure the content is not a receipt,
        flyer, or unrelated image.",sf_menu_onboarding/GV_RO_20260604T070130_RO938144.json,https://console.cloud.google.com/storage/browser/dh-menu-digitalised-images-prod/sf_menu_onboarding/GV_RO_20260604T070130_RO938144,,,
GV_RO,500bO00000tnKkMQAU,2026-06-03 13:24:34,Closed,4MQAED,RO_938031,Zanza Bistro by Crispy Store - BRV - Strada Ferencz Szemler 12-14,Yes,GV_RO_20260603T132425_RO938031,sf_menu_onboarding,2026-06-03 13:24:26,3017,File not recognised as a menu by the language model,Not a Menu Document,"The file was not recognized as a menu by the language model.
        Please upload a genuine menu image/PDF (not a storefront photo, logo, or non-menu content)
        and try again.",sf_menu_onboarding/GV_RO_20260603T132425_RO938031.json,https://console.cloud.google.com/storage/browser/dh-menu-digitalised-images-prod/sf_menu_onboarding/GV_RO_20260603T132425_RO938031,,,
GV_RO,500bO00000tm0hEQAQ,2026-06-03 11:41:01,Closed,4MQ6BT,RO_937994,Sakana Sushi- Prânzul Zilei,Yes,GV_RO_20260603T114047_RO937994,sf_menu_onboarding,2026-06-03 11:40:48,3015,File does not look like a restaurant menu,Not a Menu Document,"The file does not look like a restaurant menu.
        Please upload a clear menu (with items and prices) and ensure the content is not a receipt,
        flyer, or unrelated image.",sf_menu_onboarding/GV_RO_20260603T114047_RO937994.json,https://console.cloud.google.com/storage/browser/dh-menu-digitalised-images-prod/sf_menu_onboarding/GV_RO_20260603T114047_RO937994,,,
GV_RO,500bO00000tlQaVQAU,2026-06-03 10:01:53,Closed,4MQAEX,RO_937926,Hai Hui pe Ferdinand - Prânzul Zilei,Yes,GV_RO_20260603T100147_RO937926,sf_menu_onboarding,2026-06-03 10:01:47,3015,File does not look like a restaurant menu,Not a Menu Document,"The file does not look like a restaurant menu.
        Please upload a clear menu (with items and prices) and ensure the content is not a receipt,
        flyer, or unrelated image.",sf_menu_onboarding/GV_RO_20260603T100147_RO937926.json,https://console.cloud.google.com/storage/browser/dh-menu-digitalised-images-prod/sf_menu_onboarding/GV_RO_20260603T100147_RO937926,,,
GV_RO,500bO00000tldHcQAI,2026-06-03 09:45:49,Closed,HR63TK,RO_937925,Terasă Glucoza by Caro,Yes,GV_RO_20260603T094536_RO937925,sf_menu_onboarding,2026-06-03 09:45:37,3017,File not recognised as a menu by the language model,Not a Menu Document,"The file was not recognized as a menu by the language model.
        Please upload a genuine menu image/PDF (not a storefront photo, logo, or non-menu content)
        and try again.",sf_menu_onboarding/GV_RO_20260603T094536_RO937925.json,https://console.cloud.google.com/storage/browser/dh-menu-digitalised-images-prod/sf_menu_onboarding/GV_RO_20260603T094536_RO937925,,,
GV_RO,500bO00000tlMiHQAU,2026-06-03 09:24:48,Closed,4MQ6RH,RO_937918,Companion Sandwich Room - Prânzul Zilei,Yes,GV_RO_20260603T092442_RO937918,sf_menu_onboarding,2026-06-03 09:24:42,3015,File does not look like a restaurant menu,Not a Menu Document,"The file does not look like a restaurant menu.
        Please upload a clear menu (with items and prices) and ensure the content is not a receipt,
        flyer, or unrelated image.",sf_menu_onboarding/GV_RO_20260603T092442_RO937918.json,https://console.cloud.google.com/storage/browser/dh-menu-digitalised-images-prod/sf_menu_onboarding/GV_RO_20260603T092442_RO937918,,,
GV_RO,500bO00000tkw4bQAA,2026-06-03 08:08:21,Closed,4MQ8F9,RO_937884,Go Crousty - BUC -  Bulevardul Basarabia 80,Yes,GV_RO_20260603T080814_RO937884,sf_menu_onboarding,2026-06-03 08:08:14,3015,File does not look like a restaurant menu,Not a Menu Document,"The file does not look like a restaurant menu.
        Please upload a clear menu (with items and prices) and ensure the content is not a receipt,
        flyer, or unrelated image.",sf_menu_onboarding/GV_RO_20260603T080814_RO937884.json,https://console.cloud.google.com/storage/browser/dh-menu-digitalised-images-prod/sf_menu_onboarding/GV_RO_20260603T080814_RO937884,,,
GV_RO,500bO00000tPZRBQA4,2026-05-29 13:48:28,Closed,HTNXUI,RO_937248,SHAORMA LA CHEF DURAN,Yes,GV_RO_20260529T134805_RO937248,sf_menu_onboarding,2026-05-29 13:48:05,3017,File not recognised as a menu by the language model,Not a Menu Document,"The file was not recognized as a menu by the language model.
        Please upload a genuine menu image/PDF (not a storefront photo, logo, or non-menu content)
        and try again.",sf_menu_onboarding/GV_RO_20260529T134805_RO937248.json,https://console.cloud.google.com/storage/browser/dh-menu-digitalised-images-prod/sf_menu_onboarding/GV_RO_20260529T134805_RO937248,,,
GV_RO,500bO00000tB0WeQAK,2026-05-28 13:27:57,Closed,4MXLOO,RO_937026,Umami House Sushi Tube,Yes,GV_RO_20260528T132747_RO937026,sf_menu_onboarding,2026-05-28 13:27:47,3017,File not recognised as a menu by the language model,Not a Menu Document,"The file was not recognized as a menu by the language model.
        Please upload a genuine menu image/PDF (not a storefront photo, logo, or non-menu content)
        and try again.",sf_menu_onboarding/GV_RO_20260528T132747_RO937026.json,https://console.cloud.google.com/storage/browser/dh-menu-digitalised-images-prod/sf_menu_onboarding/GV_RO_20260528T132747_RO937026,,,
GV_RO,500bO00000tIqIEQA0,2026-05-28 06:35:00,Closed,4MX16F,RO_936877,Salads by Vivo - BRV - Nicolae Balcescu,Yes,GV_RO_20260528T063450_RO936877,sf_menu_onboarding,2026-05-28 06:34:50,3017,File not recognised as a menu by the language model,Not a Menu Document,"The file was not recognized as a menu by the language model.
        Please upload a genuine menu image/PDF (not a storefront photo, logo, or non-menu content)
        and try again.",sf_menu_onboarding/GV_RO_20260528T063450_RO936877.json,https://console.cloud.google.com/storage/browser/dh-menu-digitalised-images-prod/sf_menu_onboarding/GV_RO_20260528T063450_RO936877,,,
GV_RO,500bO00000tFWnuQAG,2026-05-27 14:24:33,Closed,4MX16Z,RO_936784,Smash by Vivo - BRV - Nicolae Balcescu,Yes,GV_RO_20260527T142422_RO936784,sf_menu_onboarding,2026-05-27 14:24:22,3017,File not recognised as a menu by the language model,Not a Menu Document,"The file was not recognized as a menu by the language model.
        Please upload a genuine menu image/PDF (not a storefront photo, logo, or non-menu content)
        and try again.",sf_menu_onboarding/GV_RO_20260527T142422_RO936784.json,https://console.cloud.google.com/storage/browser/dh-menu-digitalised-images-prod/sf_menu_onboarding/GV_RO_20260527T142422_RO936784,,,
GV_RO,500bO00000tFR9wQAG,2026-05-27 14:12:50,Closed,4MX16D,RO_936778,Salads by Vivo - IAS - Soseaua Pacurari 121,Yes,GV_RO_20260527T141239_RO936778,sf_menu_onboarding,2026-05-27 14:12:40,3017,File not recognised as a menu by the language model,Not a Menu Document,"The file was not recognized as a menu by the language model.
        Please upload a genuine menu image/PDF (not a storefront photo, logo, or non-menu content)
        and try again.",sf_menu_onboarding/GV_RO_20260527T141239_RO936778.json,https://console.cloud.google.com/storage/browser/dh-menu-digitalised-images-prod/sf_menu_onboarding/GV_RO_20260527T141239_RO936778,,,
GV_RO,500bO00000tEbUpQAK,2026-05-27 12:28:28,Closed,4MXQMP,RO_936732,Smash by Vivo - IAS - Strada Moldovei 20,Yes,GV_RO_20260527T122817_RO936732,sf_menu_onboarding,2026-05-27 12:28:17,3017,File not recognised as a menu by the language model,Not a Menu Document,"The file was not recognized as a menu by the language model.
        Please upload a genuine menu image/PDF (not a storefront photo, logo, or non-menu content)
        and try again.",sf_menu_onboarding/GV_RO_20260527T122817_RO936732.json,https://console.cloud.google.com/storage/browser/dh-menu-digitalised-images-prod/sf_menu_onboarding/GV_RO_20260527T122817_RO936732,,,
GV_RO,500bO00000tDziqQAC,2026-05-27 10:00:23,Closed,4MXQNQ,RO_936650,Al Taib Lebanese,Yes,GV_RO_20260527T100015_RO936650,sf_menu_onboarding,2026-05-27 10:00:15,3015,File does not look like a restaurant menu,Not a Menu Document,"The file does not look like a restaurant menu.
        Please upload a clear menu (with items and prices) and ensure the content is not a receipt,
        flyer, or unrelated image.",sf_menu_onboarding/GV_RO_20260527T100015_RO936650.json,https://console.cloud.google.com/storage/browser/dh-menu-digitalised-images-prod/sf_menu_onboarding/GV_RO_20260527T100015_RO936650,,,
GV_RO,500bO00000tAYK7QAO,2026-05-26 12:16:29,Closed,4MXZJN,RO_936412,SOYA,Yes,GV_RO_20260526T121619_RO936412,sf_menu_onboarding,2026-05-26 12:16:20,3017,File not recognised as a menu by the language model,Not a Menu Document,"The file was not recognized as a menu by the language model.
        Please upload a genuine menu image/PDF (not a storefront photo, logo, or non-menu content)
        and try again.",sf_menu_onboarding/GV_RO_20260526T121619_RO936412.json,https://console.cloud.google.com/storage/browser/dh-menu-digitalised-images-prod/sf_menu_onboarding/GV_RO_20260526T121619_RO936412,,,
GV_RO,500bO00000t3veqQAA,2026-05-25 07:15:15,Closed,4MX5G6,RO_935830,Patiseria LUCA - TIM - Piata Victoriei -,Yes,GV_RO_20260525T071451_RO935830,sf_menu_onboarding,2026-05-25 07:14:51,3013,Not enough menu items extracted (fewer than 3),Lesser than 3 Items,"Not enough menu items were extracted (fewer than 3).
        Please upload a clearer, higher-quality menu image/PDF
        (well-lit, not blurry, complete menu) and try again.",sf_menu_onboarding/GV_RO_20260525T071451_RO935830.json,https://console.cloud.google.com/storage/browser/dh-menu-digitalised-images-prod/sf_menu_onboarding/GV_RO_20260525T071451_RO935830,,,
GV_TN,500bO00000trBiYQAU,2026-06-04 08:48:32,Closed,HTUATY,TN_938183,Tunisian House,Yes,GV_TN_20260604T084822_TN938183,sf_menu_onboarding,2026-06-04 08:48:23,3015,File does not look like a restaurant menu,Not a Menu Document,"The file does not look like a restaurant menu.
        Please upload a clear menu (with items and prices) and ensure the content is not a receipt,
        flyer, or unrelated image.",sf_menu_onboarding/GV_TN_20260604T084822_TN938183.json,https://console.cloud.google.com/storage/browser/dh-menu-digitalised-images-prod/sf_menu_onboarding/GV_TN_20260604T084822_TN938183,,,
GV_UA,500bO00000uR4DsQAK,2026-06-11 12:32:14,Closed,HTY349,UA_949789,La Spezia - SUM - Михайла Лушпи 29/1,No,,,,,No DLQ record found (non-SCCS or pre-MDS failure),Not classified (no DLQ),,,,,,
GV_UA,500bO00000uKlNaQAK,2026-06-10 12:46:05,Closed,HT06LE,UA_949466,Sanctum - Irp - вул. Університетська 1Л,Yes,GV_UA_20260610T124555_UA949466,sf_menu_onboarding,2026-06-10 12:45:55,3017,File not recognised as a menu by the language model,Not a Menu Document,"The file was not recognized as a menu by the language model.
        Please upload a genuine menu image/PDF (not a storefront photo, logo, or non-menu content)
        and try again.",sf_menu_onboarding/GV_UA_20260610T124555_UA949466.json,https://console.cloud.google.com/storage/browser/dh-menu-digitalised-images-prod/sf_menu_onboarding/GV_UA_20260610T124555_UA949466,,,
GV_UA,500bO00000uJPk4QAG,2026-06-10 09:38:34,Closed,HTY4PI,UA_949364,"Хочу Кебаб - KIE - Beresteiskyi Ave, 7",Yes,GV_UA_20260610T093739_UA949364,sf_menu_onboarding,2026-06-10 09:37:40,3013,Not enough menu items extracted (fewer than 3),Lesser than 3 Items,"Not enough menu items were extracted (fewer than 3).
        Please upload a clearer, higher-quality menu image/PDF
        (well-lit, not blurry, complete menu) and try again.",sf_menu_onboarding/GV_UA_20260610T093739_UA949364.json,https://console.cloud.google.com/storage/browser/dh-menu-digitalised-images-prod/sf_menu_onboarding/GV_UA_20260610T093739_UA949364,,,
GV_UA,500bO00000uIOy9QAG,2026-06-10 07:39:40,Closed,HTEXCL,UA_949323,Пекарня Бо Хліб - CHK - вул. Козацька 1/1,Yes,GV_UA_20260610T073929_UA949323,sf_menu_onboarding,2026-06-10 07:39:29,3017,File not recognised as a menu by the language model,Not a Menu Document,"The file was not recognized as a menu by the language model.
        Please upload a genuine menu image/PDF (not a storefront photo, logo, or non-menu content)
        and try again.",sf_menu_onboarding/GV_UA_20260610T073929_UA949323.json,https://console.cloud.google.com/storage/browser/dh-menu-digitalised-images-prod/sf_menu_onboarding/GV_UA_20260610T073929_UA949323,,,
GV_UA,500bO00000uIiwnQAC,2026-06-10 06:18:29,Closed,HTY4DC,UA_949304,"Ритм&Блюз Cafe - KIE - вул. Юлії Здановської, 50/2",Yes,GV_UA_20260610T061811_UA949304,sf_menu_onboarding,2026-06-10 06:18:12,3017,File not recognised as a menu by the language model,Not a Menu Document,"The file was not recognized as a menu by the language model.
        Please upload a genuine menu image/PDF (not a storefront photo, logo, or non-menu content)
        and try again.",sf_menu_onboarding/GV_UA_20260610T061811_UA949304.json,https://console.cloud.google.com/storage/browser/dh-menu-digitalised-images-prod/sf_menu_onboarding/GV_UA_20260610T061811_UA949304,,,
GV_UA,500bO00000uFmleQAC,2026-06-09 14:37:22,Closed,HTLMCP,UA_949249,"Maneki-Neko - BRO - вул. В'ячеслава Чорновола, 6а",Yes,GV_UA_20260609T143711_UA949249,sf_menu_onboarding,2026-06-09 14:37:12,3017,File not recognised as a menu by the language model,Not a Menu Document,"The file was not recognized as a menu by the language model.
        Please upload a genuine menu image/PDF (not a storefront photo, logo, or non-menu content)
        and try again.",sf_menu_onboarding/GV_UA_20260609T143711_UA949249.json,https://console.cloud.google.com/storage/browser/dh-menu-digitalised-images-prod/sf_menu_onboarding/GV_UA_20260609T143711_UA949249,,,
GV_UA,500bO00000uDlbxQAC,2026-06-09 08:13:55,Closed,HTSXRQ,UA_949080,"Telavi - VNT - вулиця Олександрівська,1",Yes,GV_UA_20260609T081346_UA949080,sf_menu_onboarding,2026-06-09 08:13:47,3017,File not recognised as a menu by the language model,Not a Menu Document,"The file was not recognized as a menu by the language model.
        Please upload a genuine menu image/PDF (not a storefront photo, logo, or non-menu content)
        and try again.",sf_menu_onboarding/GV_UA_20260609T081346_UA949080.json,https://console.cloud.google.com/storage/browser/dh-menu-digitalised-images-prod/sf_menu_onboarding/GV_UA_20260609T081346_UA949080,,,
GV_UA,500bO00000uCsilQAC,2026-06-09 06:42:31,Closed,HT0FHS,UA_949039,Суші Хат/ Sushi Hut -Uzh-вул. Августина Волошина 24,Yes,GV_UA_20260609T064213_UA949039,sf_menu_onboarding,2026-06-09 06:42:14,3017,File not recognised as a menu by the language model,Not a Menu Document,"The file was not recognized as a menu by the language model.
        Please upload a genuine menu image/PDF (not a storefront photo, logo, or non-menu content)
        and try again.",sf_menu_onboarding/GV_UA_20260609T064213_UA949039.json,https://console.cloud.google.com/storage/browser/dh-menu-digitalised-images-prod/sf_menu_onboarding/GV_UA_20260609T064213_UA949039,,,
GV_UA,500bO00000tx3VPQAY,2026-06-05 13:53:48,Closed,HTULVQ,UA_938547,PizzaMarket - ODS - вул.Канатна 102,Yes,GV_UA_20260605T135311_UA938547,sf_menu_onboarding,2026-06-05 13:53:11,3013,Not enough menu items extracted (fewer than 3),Lesser than 3 Items,"Not enough menu items were extracted (fewer than 3).
        Please upload a clearer, higher-quality menu image/PDF
        (well-lit, not blurry, complete menu) and try again.",sf_menu_onboarding/GV_UA_20260605T135311_UA938547.json,https://console.cloud.google.com/storage/browser/dh-menu-digitalised-images-prod/sf_menu_onboarding/GV_UA_20260605T135311_UA938547,,,
GV_UA,500bO00000tt32XQAQ,2026-06-04 14:43:16,Closed,HTURMG,UA_938328,"Dizzy Healthy Food - ZHY - вул. Грушевського, 5",Yes,GV_UA_20260604T144309_UA938328,sf_menu_onboarding,2026-06-04 14:43:09,3015,File does not look like a restaurant menu,Not a Menu Document,"The file does not look like a restaurant menu.
        Please upload a clear menu (with items and prices) and ensure the content is not a receipt,
        flyer, or unrelated image.",sf_menu_onboarding/GV_UA_20260604T144309_UA938328.json,https://console.cloud.google.com/storage/browser/dh-menu-digitalised-images-prod/sf_menu_onboarding/GV_UA_20260604T144309_UA938328,,,
GV_UA,500bO00000tm1K4QAI,2026-06-03 11:31:06,Closed,HPJ6QY,UA_937983,"Тісто, сир і тітка Белла",Yes,GV_UA_20260603T113033_UA937983,sf_menu_onboarding,2026-06-03 11:30:33,3013,Not enough menu items extracted (fewer than 3),Lesser than 3 Items,"Not enough menu items were extracted (fewer than 3).
        Please upload a clearer, higher-quality menu image/PDF
        (well-lit, not blurry, complete menu) and try again.",sf_menu_onboarding/GV_UA_20260603T113033_UA937983.json,https://console.cloud.google.com/storage/browser/dh-menu-digitalised-images-prod/sf_menu_onboarding/GV_UA_20260603T113033_UA937983,,,
GV_UA,500bO00000tlfL7QAI,2026-06-03 11:02:28,Closed,HTUWEJ,UA_937974,"AKARI - DNP - бульвар Слави, 2Д",Yes,GV_UA_20260603T110157_UA937974,sf_menu_onboarding,2026-06-03 11:01:57,3013,Not enough menu items extracted (fewer than 3),Lesser than 3 Items,"Not enough menu items were extracted (fewer than 3).
        Please upload a clearer, higher-quality menu image/PDF
        (well-lit, not blurry, complete menu) and try again.",sf_menu_onboarding/GV_UA_20260603T110157_UA937974.json,https://console.cloud.google.com/storage/browser/dh-menu-digitalised-images-prod/sf_menu_onboarding/GV_UA_20260603T110157_UA937974,,,
GV_UA,500bO00000tlRObQAM,2026-06-03 10:31:01,Closed,HTU63P,UA_937962,"Чорноморка - Irp - Виговського,2-Д/3",Yes,GV_UA_20260603T103055_UA937962,sf_menu_onboarding,2026-06-03 10:30:55,3015,File does not look like a restaurant menu,Not a Menu Document,"The file does not look like a restaurant menu.
        Please upload a clear menu (with items and prices) and ensure the content is not a receipt,
        flyer, or unrelated image.",sf_menu_onboarding/GV_UA_20260603T103055_UA937962.json,https://console.cloud.google.com/storage/browser/dh-menu-digitalised-images-prod/sf_menu_onboarding/GV_UA_20260603T103055_UA937962,,,
GV_UA,500bO00000tPsQeQAK,2026-05-29 14:17:42,Closed,HT02S3,UA_937260,"Foldy - ZPR - вул. Північнокільцева, 8Б",Yes,GV_UA_20260529T141735_UA937260,sf_menu_onboarding,2026-05-29 14:17:35,3015,File does not look like a restaurant menu,Not a Menu Document,"The file does not look like a restaurant menu.
        Please upload a clear menu (with items and prices) and ensure the content is not a receipt,
        flyer, or unrelated image.",sf_menu_onboarding/GV_UA_20260529T141735_UA937260.json,https://console.cloud.google.com/storage/browser/dh-menu-digitalised-images-prod/sf_menu_onboarding/GV_UA_20260529T141735_UA937260,,,
GV_UA,500bO00000tPS1WQAW,2026-05-29 13:18:56,Closed,HPOW4R,UA_937240,"Pizza con L'umore - KHM - вул. Степана Бандери, 15,",Yes,GV_UA_20260529T131848_UA937240,sf_menu_onboarding,2026-05-29 13:18:49,3015,File does not look like a restaurant menu,Not a Menu Document,"The file does not look like a restaurant menu.
        Please upload a clear menu (with items and prices) and ensure the content is not a receipt,
        flyer, or unrelated image.",sf_menu_onboarding/GV_UA_20260529T131848_UA937240.json,https://console.cloud.google.com/storage/browser/dh-menu-digitalised-images-prod/sf_menu_onboarding/GV_UA_20260529T131848_UA937240,,,
GV_UA,500bO00000tPeU1QAK,2026-05-29 12:56:43,Closed,HT02EM,UA_937231,Європіано by Muza - KIE - Саксаганського 81,Yes,GV_UA_20260529T125613_UA937231,sf_menu_onboarding,2026-05-29 12:56:13,3013,Not enough menu items extracted (fewer than 3),Lesser than 3 Items,"Not enough menu items were extracted (fewer than 3).
        Please upload a clearer, higher-quality menu image/PDF
        (well-lit, not blurry, complete menu) and try again.",sf_menu_onboarding/GV_UA_20260529T125613_UA937231.json,https://console.cloud.google.com/storage/browser/dh-menu-digitalised-images-prod/sf_menu_onboarding/GV_UA_20260529T125613_UA937231,,,
GV_UA,500bO00000tOeJIQA0,2026-05-29 10:51:37,Closed,HT0MR2,UA_937183,Раменна Бібліотека - KIE - Велика Васильківська,Yes,GV_UA_20260529T105113_UA937183,sf_menu_onboarding,2026-05-29 10:51:13,3013,Not enough menu items extracted (fewer than 3),Lesser than 3 Items,"Not enough menu items were extracted (fewer than 3).
        Please upload a clearer, higher-quality menu image/PDF
        (well-lit, not blurry, complete menu) and try again.",sf_menu_onboarding/GV_UA_20260529T105113_UA937183.json,https://console.cloud.google.com/storage/browser/dh-menu-digitalised-images-prod/sf_menu_onboarding/GV_UA_20260529T105113_UA937183,,,
GV_UA,500bO00000tLPLhQAO,2026-05-28 15:16:10,Closed,HPPPN4,UA_937054,"Kingdom Sushi - KRR - пр. Університетський, 17",Yes,GV_UA_20260528T151603_UA937054,sf_menu_onboarding,2026-05-28 15:16:03,3015,File does not look like a restaurant menu,Not a Menu Document,"The file does not look like a restaurant menu.
        Please upload a clear menu (with items and prices) and ensure the content is not a receipt,
        flyer, or unrelated image.",sf_menu_onboarding/GV_UA_20260528T151603_UA937054.json,https://console.cloud.google.com/storage/browser/dh-menu-digitalised-images-prod/sf_menu_onboarding/GV_UA_20260528T151603_UA937054,,,
GV_UA,500bO00000tKdn8QAC,2026-05-28 11:51:17,Closed,HT0CIW,UA_936994,"ПИВНИЙ на районі - KYI - Князя Романа Мстиславича, 6В",Yes,GV_UA_20260528T115042_UA936994,sf_menu_onboarding,2026-05-28 11:50:44,4032,CSV/XLS input too large to process safely,File Not Supported,"The CSV/XLS input is too large to be processed safely.
        Please split the spreadsheet into smaller parts and retry.",sf_menu_onboarding/GV_UA_20260528T115042_UA936994.json,https://console.cloud.google.com/storage/browser/dh-menu-digitalised-images-prod/sf_menu_onboarding/GV_UA_20260528T115042_UA936994,,,
GV_UA,500bO00000tDyA6QAK,2026-05-27 12:16:09,Closed,HTN8BR,UA_936726,Ramen Noodle Bar-VNT-Пирогова 2,Yes,GV_UA_20260527T121523_UA936726,sf_menu_onboarding,2026-05-27 12:15:24,3017,File not recognised as a menu by the language model,Not a Menu Document,"The file was not recognized as a menu by the language model.
        Please upload a genuine menu image/PDF (not a storefront photo, logo, or non-menu content)
        and try again.",sf_menu_onboarding/GV_UA_20260527T121523_UA936726.json,https://console.cloud.google.com/storage/browser/dh-menu-digitalised-images-prod/sf_menu_onboarding/GV_UA_20260527T121523_UA936726,,,
GV_UA,500bO00000tE1KjQAK,2026-05-27 08:50:20,Closed,HP8GJN,UA_936627,"Ресторація Штехенберга - VNT - вул. Миколи Оводова, 4",Yes,GV_UA_20260527T085010_UA936627,sf_menu_onboarding,2026-05-27 08:50:11,3015,File does not look like a restaurant menu,Not a Menu Document,"The file does not look like a restaurant menu.
        Please upload a clear menu (with items and prices) and ensure the content is not a receipt,
        flyer, or unrelated image.",sf_menu_onboarding/GV_UA_20260527T085010_UA936627.json,https://console.cloud.google.com/storage/browser/dh-menu-digitalised-images-prod/sf_menu_onboarding/GV_UA_20260527T085010_UA936627,,,
GV_UA,500bO00000t54GNQAY,2026-05-25 12:35:32,Closed,HRQN5A,UA_936080,"ROYAL PALACE Озерна - KHM - Панаса Мирного, 26/2",Yes,GV_UA_20260525T123502_UA936080,sf_menu_onboarding,2026-05-25 12:35:02,3013,Not enough menu items extracted (fewer than 3),Lesser than 3 Items,"Not enough menu items were extracted (fewer than 3).
        Please upload a clearer, higher-quality menu image/PDF
        (well-lit, not blurry, complete menu) and try again.",sf_menu_onboarding/GV_UA_20260525T123502_UA936080.json,https://console.cloud.google.com/storage/browser/dh-menu-digitalised-images-prod/sf_menu_onboarding/GV_UA_20260525T123502_UA936080,,,
GV_UA,500bO00000t5KBVQA2,2026-05-25 11:52:22,Closed,HPLDPL,UA_936055,"Green Parrot - VNT - вул. Євгенія Пікуса, 1а",Yes,GV_UA_20260525T115216_UA936055,sf_menu_onboarding,2026-05-25 11:52:16,3015,File does not look like a restaurant menu,Not a Menu Document,"The file does not look like a restaurant menu.
        Please upload a clear menu (with items and prices) and ensure the content is not a receipt,
        flyer, or unrelated image.",sf_menu_onboarding/GV_UA_20260525T115216_UA936055.json,https://console.cloud.google.com/storage/browser/dh-menu-digitalised-images-prod/sf_menu_onboarding/GV_UA_20260525T115216_UA936055,,,
GV_UA,500bO00000t50FvQAI,2026-05-25 11:05:04,Closed,HT0UIA,UA_936019,Pyvnyy PUB-KIE-бульвар Лесі Українки 12,Yes,GV_UA_20260525T110438_UA936019,sf_menu_onboarding,2026-05-25 11:04:38,3017,File not recognised as a menu by the language model,Not a Menu Document,"The file was not recognized as a menu by the language model.
        Please upload a genuine menu image/PDF (not a storefront photo, logo, or non-menu content)
        and try again.",sf_menu_onboarding/GV_UA_20260525T110438_UA936019.json,https://console.cloud.google.com/storage/browser/dh-menu-digitalised-images-prod/sf_menu_onboarding/GV_UA_20260525T110438_UA936019,,,
GV_UA,500bO00000t4YY7QAM,2026-05-25 09:35:16,Closed,HTTLUP,UA_935883,Лемон-IVF-вулиця Страчених українських націоналістів 8,Yes,GV_UA_20260525T093508_UA935883,sf_menu_onboarding,2026-05-25 09:35:08,3015,File does not look like a restaurant menu,Not a Menu Document,"The file does not look like a restaurant menu.
        Please upload a clear menu (with items and prices) and ensure the content is not a receipt,
        flyer, or unrelated image.",sf_menu_onboarding/GV_UA_20260525T093508_UA935883.json,https://console.cloud.google.com/storage/browser/dh-menu-digitalised-images-prod/sf_menu_onboarding/GV_UA_20260525T093508_UA935883,,,
GV_UA,500bO00000t4S1FQAU,2026-05-25 07:47:51,Closed,HT0ASR,UA_935841,"Їдальня як вдома - ZPR - Kosmichna St, 120",Yes,GV_UA_20260525T074710_UA935841,sf_menu_onboarding,2026-05-25 07:47:11,3013,Not enough menu items extracted (fewer than 3),Lesser than 3 Items,"Not enough menu items were extracted (fewer than 3).
        Please upload a clearer, higher-quality menu image/PDF
        (well-lit, not blurry, complete menu) and try again.",sf_menu_onboarding/GV_UA_20260525T074710_UA935841.json,https://console.cloud.google.com/storage/browser/dh-menu-digitalised-images-prod/sf_menu_onboarding/GV_UA_20260525T074710_UA935841,,,
GV_UG,500bO00000uJRihQAG,2026-06-10 09:05:15,Closed,HTUORG,UG_949356,Kampala Rugby Kitchen,Yes,GV_UG_20260610T090454_UG949356,sf_menu_onboarding,2026-06-10 09:04:54,3014,Image resolution too large (pixel count exceeds limit),MDS Technical Failure,"Image resolution is too large to process.
        Please resize the image to a smaller resolution and try again.
         tot 30919647 max 30000000",sf_menu_onboarding/GV_UG_20260610T090454_UG949356.json,https://console.cloud.google.com/storage/browser/dh-menu-digitalised-images-prod/sf_menu_onboarding/GV_UG_20260610T090454_UG949356,image_1.pdf,0.16,"File: 0.16 MB on disk. Pixel count: 30,919,647 px (+3.1% over 30M limit). High-DPI scan; minor compression would fix."
HF_EG,500bO00000uSKJhQAO,2026-06-11 17:06:41,Closed,HTUYXT,1101885,بيت عزيز,Yes,HF_EG_20260611T170635_1101885,sf_menu_onboarding,2026-06-11 17:06:36,3014,Image resolution too large (pixel count exceeds limit),MDS Technical Failure,"Image resolution is too large to process.
        Please resize the image to a smaller resolution and try again.
         tot 30933678 max 30000000",sf_menu_onboarding/HF_EG_20260611T170635_1101885.json,https://console.cloud.google.com/storage/browser/dh-menu-digitalised-images-prod/sf_menu_onboarding/HF_EG_20260611T170635_1101885,image_1.pdf,2.84,"File: 2.84 MB on disk. Pixel count: 30,933,678 px (+3.1% over 30M limit). High-DPI scan; minor compression would fix."
HF_EG,500bO00000uQMcbQAG,2026-06-11 11:59:06,Closed,HTN6VI,1101814,بابجى تشيكن,Yes,HF_EG_20260611T115857_1101814,sf_menu_onboarding,2026-06-11 11:58:57,3017,File not recognised as a menu by the language model,Not a Menu Document,"The file was not recognized as a menu by the language model.
        Please upload a genuine menu image/PDF (not a storefront photo, logo, or non-menu content)
        and try again.",sf_menu_onboarding/HF_EG_20260611T115857_1101814.json,https://console.cloud.google.com/storage/browser/dh-menu-digitalised-images-prod/sf_menu_onboarding/HF_EG_20260611T115857_1101814,,,
HF_EG,500bO00000u86svQAA,2026-06-08 16:52:43,Closed,HTNHK9,1101408,cup it,Yes,HF_EG_20260608T165233_1101408,sf_menu_onboarding,2026-06-08 16:52:33,3017,File not recognised as a menu by the language model,Not a Menu Document,"The file was not recognized as a menu by the language model.
        Please upload a genuine menu image/PDF (not a storefront photo, logo, or non-menu content)
        and try again.",sf_menu_onboarding/HF_EG_20260608T165233_1101408.json,https://console.cloud.google.com/storage/browser/dh-menu-digitalised-images-prod/sf_menu_onboarding/HF_EG_20260608T165233_1101408,,,
HF_EG,500bO00000tp2T9QAI,2026-06-03 21:35:17,Closed,HTS7VT,1101017,لحومة,Yes,HF_EG_20260603T213509_1101017,sf_menu_onboarding,2026-06-03 21:35:09,3015,File does not look like a restaurant menu,Not a Menu Document,"The file does not look like a restaurant menu.
        Please upload a clear menu (with items and prices) and ensure the content is not a receipt,
        flyer, or unrelated image.",sf_menu_onboarding/HF_EG_20260603T213509_1101017.json,https://console.cloud.google.com/storage/browser/dh-menu-digitalised-images-prod/sf_menu_onboarding/HF_EG_20260603T213509_1101017,,,
HF_EG,500bO00000tPiB7QAK,2026-05-29 14:03:20,Closed,HTNII7,1100653,Qasr Al Shawarma,Yes,HF_EG_20260529T140314_1100653,sf_menu_onboarding,2026-05-29 14:03:14,3015,File does not look like a restaurant menu,Not a Menu Document,"The file does not look like a restaurant menu.
        Please upload a clear menu (with items and prices) and ensure the content is not a receipt,
        flyer, or unrelated image.",sf_menu_onboarding/HF_EG_20260529T140314_1100653.json,https://console.cloud.google.com/storage/browser/dh-menu-digitalised-images-prod/sf_menu_onboarding/HF_EG_20260529T140314_1100653,,,
HF_EG,500bO00000tMhZlQAK,2026-05-28 22:34:37,Closed,HTNDV1,1100641,Fry Club,Yes,HF_EG_20260528T223425_1100641,sf_menu_onboarding,2026-05-28 22:34:26,3017,File not recognised as a menu by the language model,Not a Menu Document,"The file was not recognized as a menu by the language model.
        Please upload a genuine menu image/PDF (not a storefront photo, logo, or non-menu content)
        and try again.",sf_menu_onboarding/HF_EG_20260528T223425_1100641.json,https://console.cloud.google.com/storage/browser/dh-menu-digitalised-images-prod/sf_menu_onboarding/HF_EG_20260528T223425_1100641,,,
HF_EG,500bO00000tHccHQAS,2026-05-27 23:51:00,Closed,HTS14I,1100581,حلواني لبنان نبيل ابو محرم,Yes,HF_EG_20260527T235052_1100581,sf_menu_onboarding,2026-05-27 23:50:52,3015,File does not look like a restaurant menu,Not a Menu Document,"The file does not look like a restaurant menu.
        Please upload a clear menu (with items and prices) and ensure the content is not a receipt,
        flyer, or unrelated image.",sf_menu_onboarding/HF_EG_20260527T235052_1100581.json,https://console.cloud.google.com/storage/browser/dh-menu-digitalised-images-prod/sf_menu_onboarding/HF_EG_20260527T235052_1100581,,,
HF_EG,500bO00000tC6V3QAK,2026-05-26 21:39:26,Closed,HT0JYQ,1100562,KARAKEIB,Yes,HF_EG_20260526T213906_1100562,sf_menu_onboarding,2026-05-26 21:39:07,3017,File not recognised as a menu by the language model,Not a Menu Document,"The file was not recognized as a menu by the language model.
        Please upload a genuine menu image/PDF (not a storefront photo, logo, or non-menu content)
        and try again.",sf_menu_onboarding/HF_EG_20260526T213906_1100562.json,https://console.cloud.google.com/storage/browser/dh-menu-digitalised-images-prod/sf_menu_onboarding/HF_EG_20260526T213906_1100562,,,
HF_EG,500bO00000tCFLPQA4,2026-05-26 20:52:23,Closed,HT0JYW,1100561,Karakeib,Yes,HF_EG_20260526T205211_1100561,sf_menu_onboarding,2026-05-26 20:52:12,3017,File not recognised as a menu by the language model,Not a Menu Document,"The file was not recognized as a menu by the language model.
        Please upload a genuine menu image/PDF (not a storefront photo, logo, or non-menu content)
        and try again.",sf_menu_onboarding/HF_EG_20260526T205211_1100561.json,https://console.cloud.google.com/storage/browser/dh-menu-digitalised-images-prod/sf_menu_onboarding/HF_EG_20260526T205211_1100561,,,
HF_EG,500bO00000tBqQLQA0,2026-05-26 20:05:53,Closed,HT0YF9,1100559,ZINGER,Yes,HF_EG_20260526T200045_1100559,sf_menu_onboarding,2026-05-26 20:00:46,4027,Publishing result failed,MDS Technical Failure,"Publishing the result failed.
        Please retry; if it persists, contact support with the vendor_id and filename.
         400 Invalid data in message: Message failed schema validation. [reason: ""INVALID_JSON_AVRO_MESSAGE""
domain: ""pubsub.googleapis.com""
metadata {
  key: ""revisionInfo""
  value: ""Could not validate message with any schema revision for schema: projects/781313788457/schemas/mds_digitalised_menu_prod_v8, last checked revision: revision_id=a4d08270 failed with status: Invalid data in message: JSON object with type null does not match schema which expected string.""
}
metadata {
  key: ""message""
  value: ""Message failed schema validation""
}
]",sf_menu_onboarding/HF_EG_20260526T200045_1100559.json,https://console.cloud.google.com/storage/browser/dh-menu-digitalised-images-prod/sf_menu_onboarding/HF_EG_20260526T200045_1100559,,,
HF_EG,500bO00000tAcApQAK,2026-05-26 12:16:39,Closed,HTR54A,1100548,City Crepe,Yes,HF_EG_20260526T121634_1100548,sf_menu_onboarding,2026-05-26 12:16:34,3015,File does not look like a restaurant menu,Not a Menu Document,"The file does not look like a restaurant menu.
        Please upload a clear menu (with items and prices) and ensure the content is not a receipt,
        flyer, or unrelated image.",sf_menu_onboarding/HF_EG_20260526T121634_1100548.json,https://console.cloud.google.com/storage/browser/dh-menu-digitalised-images-prod/sf_menu_onboarding/HF_EG_20260526T121634_1100548,,,
HF_EG,500bO00000t6RAnQAM,2026-05-25 19:13:26,Closed,HT0KIK,1100505,boom buzz,Yes,HF_EG_20260525T191315_1100505,sf_menu_onboarding,2026-05-25 19:13:15,3017,File not recognised as a menu by the language model,Not a Menu Document,"The file was not recognized as a menu by the language model.
        Please upload a genuine menu image/PDF (not a storefront photo, logo, or non-menu content)
        and try again.",sf_menu_onboarding/HF_EG_20260525T191315_1100505.json,https://console.cloud.google.com/storage/browser/dh-menu-digitalised-images-prod/sf_menu_onboarding/HF_EG_20260525T191315_1100505,,,
HF_EG,500bO00000t6Oo1QAE,2026-05-25 19:01:14,Closed,4MXC4Z,1100504,"Napoletana Pizzeria, New Cairo",Yes,HF_EG_20260525T190107_1100504,sf_menu_onboarding,2026-05-25 19:01:07,3015,File does not look like a restaurant menu,Not a Menu Document,"The file does not look like a restaurant menu.
        Please upload a clear menu (with items and prices) and ensure the content is not a receipt,
        flyer, or unrelated image.",sf_menu_onboarding/HF_EG_20260525T190107_1100504.json,https://console.cloud.google.com/storage/browser/dh-menu-digitalised-images-prod/sf_menu_onboarding/HF_EG_20260525T190107_1100504,,,
HF_EG,500bO00000t6GAbQAM,2026-05-25 18:53:01,Closed,4MXC4L,1100502,"Plato Pizza, New Cairo",Yes,HF_EG_20260525T185255_1100502,sf_menu_onboarding,2026-05-25 18:52:55,3015,File does not look like a restaurant menu,Not a Menu Document,"The file does not look like a restaurant menu.
        Please upload a clear menu (with items and prices) and ensure the content is not a receipt,
        flyer, or unrelated image.",sf_menu_onboarding/HF_EG_20260525T185255_1100502.json,https://console.cloud.google.com/storage/browser/dh-menu-digitalised-images-prod/sf_menu_onboarding/HF_EG_20260525T185255_1100502,,,
HF_EG,500bO00000t5uZtQAI,2026-05-25 16:30:34,Closed,4MXMZV,1100481,ملك المشاوي,Yes,HF_EG_20260525T163022_1100481,sf_menu_onboarding,2026-05-25 16:30:22,3017,File not recognised as a menu by the language model,Not a Menu Document,"The file was not recognized as a menu by the language model.
        Please upload a genuine menu image/PDF (not a storefront photo, logo, or non-menu content)
        and try again.",sf_menu_onboarding/HF_EG_20260525T163022_1100481.json,https://console.cloud.google.com/storage/browser/dh-menu-digitalised-images-prod/sf_menu_onboarding/HF_EG_20260525T163022_1100481,,,
HF_EG,500bO00000t5crPQAQ,2026-05-25 14:11:01,Closed,HT0BHN,1100451,Five  Star مخبوزات,Yes,HF_EG_20260525T141048_1100451,sf_menu_onboarding,2026-05-25 14:10:49,3017,File not recognised as a menu by the language model,Not a Menu Document,"The file was not recognized as a menu by the language model.
        Please upload a genuine menu image/PDF (not a storefront photo, logo, or non-menu content)
        and try again.",sf_menu_onboarding/HF_EG_20260525T141048_1100451.json,https://console.cloud.google.com/storage/browser/dh-menu-digitalised-images-prod/sf_menu_onboarding/HF_EG_20260525T141048_1100451,,,
HF_EG,500bO00000t51f4QAA,2026-05-25 11:36:39,Closed,HPRFJW,1100400,Socks Specialty Coffee,Yes,HF_EG_20260525T113632_1100400,sf_menu_onboarding,2026-05-25 11:36:33,3014,Image resolution too large (pixel count exceeds limit),MDS Technical Failure,"Image resolution is too large to process.
        Please resize the image to a smaller resolution and try again.
         tot 36000000 max 30000000",sf_menu_onboarding/HF_EG_20260525T113632_1100400.json,https://console.cloud.google.com/storage/browser/dh-menu-digitalised-images-prod/sf_menu_onboarding/HF_EG_20260525T113632_1100400,image_1.pdf,2.54,"File: 2.54 MB on disk. Pixel count: 36,000,000 px (+20.0% over 30M limit). High-DPI scan; minor compression would fix."
HF_EG,500bO00000t3zNdQAI,2026-05-25 07:21:33,Closed,HACFGB,1100356,El Sharkawy,Yes,HF_EG_20260525T072127_1100356,sf_menu_onboarding,2026-05-25 07:21:27,3015,File does not look like a restaurant menu,Not a Menu Document,"The file does not look like a restaurant menu.
        Please upload a clear menu (with items and prices) and ensure the content is not a receipt,
        flyer, or unrelated image.",sf_menu_onboarding/HF_EG_20260525T072127_1100356.json,https://console.cloud.google.com/storage/browser/dh-menu-digitalised-images-prod/sf_menu_onboarding/HF_EG_20260525T072127_1100356,,,
HF_EG,500bO00000t3KAfQAM,2026-05-25 01:57:40,Closed,HTS4OP,1100339,ابو الهنا للأسماك المدخنه,Yes,HF_EG_20260525T015733_1100339,sf_menu_onboarding,2026-05-25 01:57:34,3014,Image resolution too large (pixel count exceeds limit),MDS Technical Failure,"Image resolution is too large to process.
        Please resize the image to a smaller resolution and try again.
         tot 208901560 max 30000000",sf_menu_onboarding/HF_EG_20260525T015733_1100339.json,https://console.cloud.google.com/storage/browser/dh-menu-digitalised-images-prod/sf_menu_onboarding/HF_EG_20260525T015733_1100339,image_1.pdf,3.9,"File: 3.9 MB on disk. Pixel count: 208,901,560 px (+596.3% over 30M limit). Extremely high-DPI scan."
HS_SA,500bO00000uQuHlQAK,2026-06-11 14:11:27,Closed,HTY47W,185282,Moroccan Taste : Shihar,Yes,HS_SA_20260611T141004_185282,sf_menu_onboarding,2026-06-11 14:10:05,3013,Not enough menu items extracted (fewer than 3),Lesser than 3 Items,"Not enough menu items were extracted (fewer than 3).
        Please upload a clearer, higher-quality menu image/PDF
        (well-lit, not blurry, complete menu) and try again.",sf_menu_onboarding/HS_SA_20260611T141004_185282.json,https://console.cloud.google.com/storage/browser/dh-menu-digitalised-images-prod/sf_menu_onboarding/HS_SA_20260611T141004_185282,,,
HS_SA,500bO00000uRPYSQA4,2026-06-11 14:11:16,Closed,HTUXXX,185283,Value Cup : Al Baladiyah,No,,,,,No DLQ record found (non-SCCS or pre-MDS failure),Not classified (no DLQ),,,,,,
HS_SA,500bO00000uRCWRQA4,2026-06-11 13:18:36,Closed,HTYGE3,185268,BITE BLISSA : Al Faiha,Yes,HS_SA_20260611T131804_185268,sf_menu_onboarding,2026-06-11 13:18:04,3013,Not enough menu items extracted (fewer than 3),Lesser than 3 Items,"Not enough menu items were extracted (fewer than 3).
        Please upload a clearer, higher-quality menu image/PDF
        (well-lit, not blurry, complete menu) and try again.",sf_menu_onboarding/HS_SA_20260611T131804_185268.json,https://console.cloud.google.com/storage/browser/dh-menu-digitalised-images-prod/sf_menu_onboarding/HS_SA_20260611T131804_185268,,,
HS_SA,500bO00000uPuwUQAS,2026-06-11 10:52:15,Closed,HT6QG9,185231,V boutique : Al Rawabi,Yes,HS_SA_20260611T105207_185231,sf_menu_onboarding,2026-06-11 10:52:08,4032,CSV/XLS input too large to process safely,File Not Supported,"The CSV/XLS input is too large to be processed safely.
        Please split the spreadsheet into smaller parts and retry.",sf_menu_onboarding/HS_SA_20260611T105207_185231.json,https://console.cloud.google.com/storage/browser/dh-menu-digitalised-images-prod/sf_menu_onboarding/HS_SA_20260611T105207_185231,,,
HS_SA,500bO00000uQ1HzQAK,2026-06-11 10:17:00,Closed,4M186L,185225,Chuck Clack : dhahrat-laban,Yes,HS_SA_20260611T101504_185225,sf_menu_onboarding,2026-06-11 10:15:04,3013,Not enough menu items extracted (fewer than 3),Lesser than 3 Items,"Not enough menu items were extracted (fewer than 3).
        Please upload a clearer, higher-quality menu image/PDF
        (well-lit, not blurry, complete menu) and try again.",sf_menu_onboarding/HS_SA_20260611T101504_185225.json,https://console.cloud.google.com/storage/browser/dh-menu-digitalised-images-prod/sf_menu_onboarding/HS_SA_20260611T101504_185225,,,
HS_SA,500bO00000uKE51QAG,2026-06-10 10:41:52,Closed,4M1DM3,185090,Miniz: Al Defaa,Yes,HS_SA_20260610T104104_185090,sf_menu_onboarding,2026-06-10 10:41:05,3013,Not enough menu items extracted (fewer than 3),Lesser than 3 Items,"Not enough menu items were extracted (fewer than 3).
        Please upload a clearer, higher-quality menu image/PDF
        (well-lit, not blurry, complete menu) and try again.",sf_menu_onboarding/HS_SA_20260610T104104_185090.json,https://console.cloud.google.com/storage/browser/dh-menu-digitalised-images-prod/sf_menu_onboarding/HS_SA_20260610T104104_185090,,,
HS_SA,500bO00000uK1arQAC,2026-06-10 10:34:06,Closed,HTUR5G,185086,Mairaj : Al Masani,Yes,HS_SA_20260610T103303_185086,sf_menu_onboarding,2026-06-10 10:33:04,3013,Not enough menu items extracted (fewer than 3),Lesser than 3 Items,"Not enough menu items were extracted (fewer than 3).
        Please upload a clearer, higher-quality menu image/PDF
        (well-lit, not blurry, complete menu) and try again.",sf_menu_onboarding/HS_SA_20260610T103303_185086.json,https://console.cloud.google.com/storage/browser/dh-menu-digitalised-images-prod/sf_menu_onboarding/HS_SA_20260610T103303_185086,,,
HS_SA,500bO00000uIKWHQA4,2026-06-10 05:35:26,Closed,HTU1E1,185006,Basbousa Sukra : Al Quryniah,Yes,HS_SA_20260610T053407_185006,sf_menu_onboarding,2026-06-10 05:34:07,3013,Not enough menu items extracted (fewer than 3),Lesser than 3 Items,"Not enough menu items were extracted (fewer than 3).
        Please upload a clearer, higher-quality menu image/PDF
        (well-lit, not blurry, complete menu) and try again.",sf_menu_onboarding/HS_SA_20260610T053407_185006.json,https://console.cloud.google.com/storage/browser/dh-menu-digitalised-images-prod/sf_menu_onboarding/HS_SA_20260610T053407_185006,,,
HS_SA,500bO00000uEndOQAS,2026-06-09 11:44:20,Closed,HTUPGY,184975,The scent of kadi flowers,Yes,HS_SA_20260609T114410_184975,sf_menu_onboarding,2026-06-09 11:44:10,4032,CSV/XLS input too large to process safely,File Not Supported,"The CSV/XLS input is too large to be processed safely.
        Please split the spreadsheet into smaller parts and retry.",sf_menu_onboarding/HS_SA_20260609T114410_184975.json,https://console.cloud.google.com/storage/browser/dh-menu-digitalised-images-prod/sf_menu_onboarding/HS_SA_20260609T114410_184975,,,
HS_SA,500bO00000uEODVQA4,2026-06-09 08:46:30,Closed,HTUYQ6,184937,Kushari Land: Al Muhammadiyah,Yes,HS_SA_20260609T084504_184937,sf_menu_onboarding,2026-06-09 08:45:04,3013,Not enough menu items extracted (fewer than 3),Lesser than 3 Items,"Not enough menu items were extracted (fewer than 3).
        Please upload a clearer, higher-quality menu image/PDF
        (well-lit, not blurry, complete menu) and try again.",sf_menu_onboarding/HS_SA_20260609T084504_184937.json,https://console.cloud.google.com/storage/browser/dh-menu-digitalised-images-prod/sf_menu_onboarding/HS_SA_20260609T084504_184937,,,
HS_SA,500bO00000u8PykQAE,2026-06-08 14:37:57,Closed,HTUXIZ,184898,Broasted Shan : Al Mozvin,Yes,HS_SA_20260608T143004_184898,sf_menu_onboarding,2026-06-08 14:30:04,3013,Not enough menu items extracted (fewer than 3),Lesser than 3 Items,"Not enough menu items were extracted (fewer than 3).
        Please upload a clearer, higher-quality menu image/PDF
        (well-lit, not blurry, complete menu) and try again.",sf_menu_onboarding/HS_SA_20260608T143004_184898.json,https://console.cloud.google.com/storage/browser/dh-menu-digitalised-images-prod/sf_menu_onboarding/HS_SA_20260608T143004_184898,,,
HS_SA,500bO00000u8CqFQAU,2026-06-08 12:57:55,Closed,HTUJBD,184860,Choco Village : Sahafah,Yes,HS_SA_20260608T125704_184860,sf_menu_onboarding,2026-06-08 12:57:04,3013,Not enough menu items extracted (fewer than 3),Lesser than 3 Items,"Not enough menu items were extracted (fewer than 3).
        Please upload a clearer, higher-quality menu image/PDF
        (well-lit, not blurry, complete menu) and try again.",sf_menu_onboarding/HS_SA_20260608T125704_184860.json,https://console.cloud.google.com/storage/browser/dh-menu-digitalised-images-prod/sf_menu_onboarding/HS_SA_20260608T125704_184860,,,
HS_SA,500bO00000u7gLiQAI,2026-06-08 11:53:42,Closed,HTUYMV,184842,Le brest : An Nahdah,Yes,HS_SA_20260608T115306_184842,sf_menu_onboarding,2026-06-08 11:53:06,3013,Not enough menu items extracted (fewer than 3),Lesser than 3 Items,"Not enough menu items were extracted (fewer than 3).
        Please upload a clearer, higher-quality menu image/PDF
        (well-lit, not blurry, complete menu) and try again.",sf_menu_onboarding/HS_SA_20260608T115306_184842.json,https://console.cloud.google.com/storage/browser/dh-menu-digitalised-images-prod/sf_menu_onboarding/HS_SA_20260608T115306_184842,,,
HS_SA,500bO00000u6x3ZQAQ,2026-06-08 08:57:48,Closed,HTUY20,184806,Say Cheese : Uhud,Yes,HS_SA_20260608T085707_184806,sf_menu_onboarding,2026-06-08 08:57:07,3013,Not enough menu items extracted (fewer than 3),Lesser than 3 Items,"Not enough menu items were extracted (fewer than 3).
        Please upload a clearer, higher-quality menu image/PDF
        (well-lit, not blurry, complete menu) and try again.",sf_menu_onboarding/HS_SA_20260608T085707_184806.json,https://console.cloud.google.com/storage/browser/dh-menu-digitalised-images-prod/sf_menu_onboarding/HS_SA_20260608T085707_184806,,,
HS_SA,500bO00000u6pagQAA,2026-06-08 08:54:59,Closed,HTUY7J,184805,patheory : Malaz,Yes,HS_SA_20260608T085405_184805,sf_menu_onboarding,2026-06-08 08:54:05,3013,Not enough menu items extracted (fewer than 3),Lesser than 3 Items,"Not enough menu items were extracted (fewer than 3).
        Please upload a clearer, higher-quality menu image/PDF
        (well-lit, not blurry, complete menu) and try again.",sf_menu_onboarding/HS_SA_20260608T085405_184805.json,https://console.cloud.google.com/storage/browser/dh-menu-digitalised-images-prod/sf_menu_onboarding/HS_SA_20260608T085405_184805,,,
HS_SA,500bO00000u3sBoQAI,2026-06-07 13:34:12,Closed,4MQP7U,184735,Love petals chocolate: Al Jawharah,Yes,HS_SA_20260607T133406_184735,sf_menu_onboarding,2026-06-07 13:34:06,4032,CSV/XLS input too large to process safely,File Not Supported,"The CSV/XLS input is too large to be processed safely.
        Please split the spreadsheet into smaller parts and retry.",sf_menu_onboarding/HS_SA_20260607T133406_184735.json,https://console.cloud.google.com/storage/browser/dh-menu-digitalised-images-prod/sf_menu_onboarding/HS_SA_20260607T133406_184735,,,
HS_SA,500bO00000u3bVuQAI,2026-06-07 12:25:17,Closed,HTURNW,184722,Byana Rose : Almasif,Yes,HS_SA_20260607T122507_184722,sf_menu_onboarding,2026-06-07 12:25:07,4032,CSV/XLS input too large to process safely,File Not Supported,"The CSV/XLS input is too large to be processed safely.
        Please split the spreadsheet into smaller parts and retry.",sf_menu_onboarding/HS_SA_20260607T122507_184722.json,https://console.cloud.google.com/storage/browser/dh-menu-digitalised-images-prod/sf_menu_onboarding/HS_SA_20260607T122507_184722,,,
HS_SA,500bO00000u3kZBQAY,2026-06-07 11:36:18,Closed,HTUW4D,184707,Broasted Thuraya Crown : As Safa,Yes,HS_SA_20260607T113505_184707,sf_menu_onboarding,2026-06-07 11:35:05,3013,Not enough menu items extracted (fewer than 3),Lesser than 3 Items,"Not enough menu items were extracted (fewer than 3).
        Please upload a clearer, higher-quality menu image/PDF
        (well-lit, not blurry, complete menu) and try again.",sf_menu_onboarding/HS_SA_20260607T113505_184707.json,https://console.cloud.google.com/storage/browser/dh-menu-digitalised-images-prod/sf_menu_onboarding/HS_SA_20260607T113505_184707,,,
HS_SA,500bO00000u3nvCQAQ,2026-06-07 11:14:07,Closed,HP2CDD,184700,Madhaq Bayt Albadia : East An Nasim,No,,,,,No DLQ record found (non-SCCS or pre-MDS failure),Not classified (no DLQ),,,,,,
HS_SA,500bO00000u3Vn5QAE,2026-06-07 09:57:06,Closed,HTUUKN,184684,Anbanah : Ar Rumanah,Yes,HS_SA_20260607T095604_184684,sf_menu_onboarding,2026-06-07 09:56:04,3013,Not enough menu items extracted (fewer than 3),Lesser than 3 Items,"Not enough menu items were extracted (fewer than 3).
        Please upload a clearer, higher-quality menu image/PDF
        (well-lit, not blurry, complete menu) and try again.",sf_menu_onboarding/HS_SA_20260607T095604_184684.json,https://console.cloud.google.com/storage/browser/dh-menu-digitalised-images-prod/sf_menu_onboarding/HS_SA_20260607T095604_184684,,,
HS_SA,500bO00000u3GCtQAM,2026-06-07 09:32:13,Closed,HTUW51,184668,karaz Bakery : Al Jar,Yes,HS_SA_20260607T093105_184668,sf_menu_onboarding,2026-06-07 09:31:06,3013,Not enough menu items extracted (fewer than 3),Lesser than 3 Items,"Not enough menu items were extracted (fewer than 3).
        Please upload a clearer, higher-quality menu image/PDF
        (well-lit, not blurry, complete menu) and try again.",sf_menu_onboarding/HS_SA_20260607T093105_184668.json,https://console.cloud.google.com/storage/browser/dh-menu-digitalised-images-prod/sf_menu_onboarding/HS_SA_20260607T093105_184668,,,
HS_SA,500bO00000u39cqQAA,2026-06-07 06:38:14,Closed,HTURMP,184637,Taste of Jamar Restaurant : Badr,Yes,HS_SA_20260607T063705_184637,sf_menu_onboarding,2026-06-07 06:37:05,3013,Not enough menu items extracted (fewer than 3),Lesser than 3 Items,"Not enough menu items were extracted (fewer than 3).
        Please upload a clearer, higher-quality menu image/PDF
        (well-lit, not blurry, complete menu) and try again.",sf_menu_onboarding/HS_SA_20260607T063705_184637.json,https://console.cloud.google.com/storage/browser/dh-menu-digitalised-images-prod/sf_menu_onboarding/HS_SA_20260607T063705_184637,,,
HS_SA,500bO00000tsNuPQAU,2026-06-04 10:11:10,Closed,4MQP5N,184548,Kudo Al Damasheqi : Ishbiliyah,No,,,,,No DLQ record found (non-SCCS or pre-MDS failure),Not classified (no DLQ),,,,,,
HS_SA,500bO00000tresXQAQ,2026-06-04 08:39:41,Closed,HTUWSG,184527,lora sweet : Bishat Mushayt,Yes,HS_SA_20260604T083906_184527,sf_menu_onboarding,2026-06-04 08:39:06,3013,Not enough menu items extracted (fewer than 3),Lesser than 3 Items,"Not enough menu items were extracted (fewer than 3).
        Please upload a clearer, higher-quality menu image/PDF
        (well-lit, not blurry, complete menu) and try again.",sf_menu_onboarding/HS_SA_20260604T083906_184527.json,https://console.cloud.google.com/storage/browser/dh-menu-digitalised-images-prod/sf_menu_onboarding/HS_SA_20260604T083906_184527,,,
HS_SA,500bO00000tqufzQAA,2026-06-04 06:29:21,Closed,4MQAC8,184492,PEKARNA : Al Khalidiyah,Yes,HS_SA_20260604T062705_184492,sf_menu_onboarding,2026-06-04 06:27:05,4007,No prices detected on the menu,Price Not Detected,"No prices were detected on the menu.
        Please ensure prices are visible and readable (no cropping, good quality, complete menu)
        and upload again.",sf_menu_onboarding/HS_SA_20260604T062705_184492.json,https://console.cloud.google.com/storage/browser/dh-menu-digitalised-images-prod/sf_menu_onboarding/HS_SA_20260604T062705_184492,,,
HS_SA,500bO00000tnCrfQAE,2026-06-03 13:40:09,Closed,HTRBKC,184463,Ghani Sandwich:  Al Amwaj (Al Azizia),Yes,HS_SA_20260603T133610_184463,sf_menu_onboarding,2026-06-03 13:36:10,4016,Detected language does not match expected menu languages,MDS Technical Failure,"The detected language does not match the expected menu languages.
        Please verify the menu language settings.",sf_menu_onboarding/HS_SA_20260603T133610_184463.json,https://console.cloud.google.com/storage/browser/dh-menu-digitalised-images-prod/sf_menu_onboarding/HS_SA_20260603T133610_184463,,,
HS_SA,500bO00000tm2eEQAQ,2026-06-03 11:04:18,Closed,HTN4UO,184441,Beautiful Rose : Ad Darb234,Yes,HS_SA_20260603T110408_184441,sf_menu_onboarding,2026-06-03 11:04:08,4032,CSV/XLS input too large to process safely,File Not Supported,"The CSV/XLS input is too large to be processed safely.
        Please split the spreadsheet into smaller parts and retry.",sf_menu_onboarding/HS_SA_20260603T110408_184441.json,https://console.cloud.google.com/storage/browser/dh-menu-digitalised-images-prod/sf_menu_onboarding/HS_SA_20260603T110408_184441,,,
HS_SA,500bO00000tgXY7QAM,2026-06-02 13:57:45,Closed,4MXLVW,184358,Betit Chocolate : Rimal,Yes,HS_SA_20260602T135704_184358,sf_menu_onboarding,2026-06-02 13:57:04,3013,Not enough menu items extracted (fewer than 3),Lesser than 3 Items,"Not enough menu items were extracted (fewer than 3).
        Please upload a clearer, higher-quality menu image/PDF
        (well-lit, not blurry, complete menu) and try again.",sf_menu_onboarding/HS_SA_20260602T135704_184358.json,https://console.cloud.google.com/storage/browser/dh-menu-digitalised-images-prod/sf_menu_onboarding/HS_SA_20260602T135704_184358,,,
HS_SA,500bO00000thMFJQA2,2026-06-02 13:20:47,Closed,4MVIWB,184352,poplars chocolate :Al Olaya,Yes,HS_SA_20260602T132004_184352,sf_menu_onboarding,2026-06-02 13:20:04,3013,Not enough menu items extracted (fewer than 3),Lesser than 3 Items,"Not enough menu items were extracted (fewer than 3).
        Please upload a clearer, higher-quality menu image/PDF
        (well-lit, not blurry, complete menu) and try again.",sf_menu_onboarding/HS_SA_20260602T132004_184352.json,https://console.cloud.google.com/storage/browser/dh-menu-digitalised-images-prod/sf_menu_onboarding/HS_SA_20260602T132004_184352,,,
HS_SA,500bO00000tgsfYQAQ,2026-06-02 13:20:01,Closed,4MQ3YE,184351,milucci : Manar,Yes,HS_SA_20260602T131905_184351,sf_menu_onboarding,2026-06-02 13:19:06,3013,Not enough menu items extracted (fewer than 3),Lesser than 3 Items,"Not enough menu items were extracted (fewer than 3).
        Please upload a clearer, higher-quality menu image/PDF
        (well-lit, not blurry, complete menu) and try again.",sf_menu_onboarding/HS_SA_20260602T131905_184351.json,https://console.cloud.google.com/storage/browser/dh-menu-digitalised-images-prod/sf_menu_onboarding/HS_SA_20260602T131905_184351,,,
HS_SA,500bO00000tgixwQAA,2026-06-02 13:12:44,Closed,HTULOA,184349,crunchy cubes : Ar Rawdah,Yes,HS_SA_20260602T131206_184349,salesforce_acquisition,2026-06-02 13:12:07,3015,File does not look like a restaurant menu,Not a Menu Document,"The file does not look like a restaurant menu.
        Please upload a clear menu (with items and prices) and ensure the content is not a receipt,
        flyer, or unrelated image.",salesforce_acquisition/HS_SA_20260602T131206_184349.json,https://console.cloud.google.com/storage/browser/dh-menu-digitalised-images-prod/salesforce_acquisition/HS_SA_20260602T131206_184349,,,
HS_SA,500bO00000tgbQEQAY,2026-06-02 12:23:42,Closed,HTUHVJ,184342,WARGAT ANAB : Al Kawthar,Yes,HS_SA_20260602T122306_184342,sf_menu_onboarding,2026-06-02 12:23:06,3013,Not enough menu items extracted (fewer than 3),Lesser than 3 Items,"Not enough menu items were extracted (fewer than 3).
        Please upload a clearer, higher-quality menu image/PDF
        (well-lit, not blurry, complete menu) and try again.",sf_menu_onboarding/HS_SA_20260602T122306_184342.json,https://console.cloud.google.com/storage/browser/dh-menu-digitalised-images-prod/sf_menu_onboarding/HS_SA_20260602T122306_184342,,,
HS_SA,500bO00000tf8MyQAI,2026-06-02 08:45:55,Closed,HT09XY,184309,Dark roast : Saadah,Yes,HS_SA_20260602T084536_184309,sf_menu_onboarding,2026-06-02 08:45:36,4032,CSV/XLS input too large to process safely,File Not Supported,"The CSV/XLS input is too large to be processed safely.
        Please split the spreadsheet into smaller parts and retry.",sf_menu_onboarding/HS_SA_20260602T084536_184309.json,https://console.cloud.google.com/storage/browser/dh-menu-digitalised-images-prod/sf_menu_onboarding/HS_SA_20260602T084536_184309,,,
HS_SA,500bO00000tZMCUQA4,2026-06-01 14:33:31,Closed,4M2P6Q,184271,Lee Lantee :Al Rawabi,Yes,HS_SA_20260601T143211_184271,salesforce_acquisition,2026-06-01 14:32:11,3017,File not recognised as a menu by the language model,Not a Menu Document,"The file was not recognized as a menu by the language model.
        Please upload a genuine menu image/PDF (not a storefront photo, logo, or non-menu content)
        and try again.",salesforce_acquisition/HS_SA_20260601T143211_184271.json,https://console.cloud.google.com/storage/browser/dh-menu-digitalised-images-prod/salesforce_acquisition/HS_SA_20260601T143211_184271,,,
HS_SA,500bO00000tY7txQAC,2026-06-01 11:56:42,Closed,4MXLVL,184255,Hanky Chocolate : Rimal,Yes,HS_SA_20260601T115604_184255,sf_menu_onboarding,2026-06-01 11:56:04,3013,Not enough menu items extracted (fewer than 3),Lesser than 3 Items,"Not enough menu items were extracted (fewer than 3).
        Please upload a clearer, higher-quality menu image/PDF
        (well-lit, not blurry, complete menu) and try again.",sf_menu_onboarding/HS_SA_20260601T115604_184255.json,https://console.cloud.google.com/storage/browser/dh-menu-digitalised-images-prod/sf_menu_onboarding/HS_SA_20260601T115604_184255,,,
HS_SA,500bO00000tWXJ1QAO,2026-06-01 07:41:08,Closed,HT02ML,184220,DripTea : Al Nafal,Yes,HS_SA_20260601T074012_184220,sf_menu_onboarding,2026-06-01 07:40:13,3013,Not enough menu items extracted (fewer than 3),Lesser than 3 Items,"Not enough menu items were extracted (fewer than 3).
        Please upload a clearer, higher-quality menu image/PDF
        (well-lit, not blurry, complete menu) and try again.",sf_menu_onboarding/HS_SA_20260601T074012_184220.json,https://console.cloud.google.com/storage/browser/dh-menu-digitalised-images-prod/sf_menu_onboarding/HS_SA_20260601T074012_184220,,,
HS_SA,500bO00000t5J0jQAE,2026-05-25 11:16:41,Closed,HTR2H8,184135,Perfecto burger : King Fahd,Yes,HS_SA_20260525T111507_184135,sf_menu_onboarding,2026-05-25 11:15:07,3013,Not enough menu items extracted (fewer than 3),Lesser than 3 Items,"Not enough menu items were extracted (fewer than 3).
        Please upload a clearer, higher-quality menu image/PDF
        (well-lit, not blurry, complete menu) and try again.",sf_menu_onboarding/HS_SA_20260525T111507_184135.json,https://console.cloud.google.com/storage/browser/dh-menu-digitalised-images-prod/sf_menu_onboarding/HS_SA_20260525T111507_184135,,,
HS_SA,500bO00000t4xGMQAY,2026-05-25 10:11:44,Closed,4MXM2T,184123,Furnah : As Sadafah,Yes,HS_SA_20260525T101105_184123,sf_menu_onboarding,2026-05-25 10:11:05,3013,Not enough menu items extracted (fewer than 3),Lesser than 3 Items,"Not enough menu items were extracted (fewer than 3).
        Please upload a clearer, higher-quality menu image/PDF
        (well-lit, not blurry, complete menu) and try again.",sf_menu_onboarding/HS_SA_20260525T101105_184123.json,https://console.cloud.google.com/storage/browser/dh-menu-digitalised-images-prod/sf_menu_onboarding/HS_SA_20260525T101105_184123,,,
HS_SA,500bO00000t4h8PQAQ,2026-05-25 09:34:02,Closed,HT0KFE,184120,Nachos Mood :al-majidiyah,Yes,HS_SA_20260525T093306_184120,salesforce_acquisition,2026-05-25 09:33:06,3013,Not enough menu items extracted (fewer than 3),Lesser than 3 Items,"Not enough menu items were extracted (fewer than 3).
        Please upload a clearer, higher-quality menu image/PDF
        (well-lit, not blurry, complete menu) and try again.",salesforce_acquisition/HS_SA_20260525T093306_184120.json,https://console.cloud.google.com/storage/browser/dh-menu-digitalised-images-prod/salesforce_acquisition/HS_SA_20260525T093306_184120,,,
MJM_AT,500bO00000uQ0XHQA0,2026-06-11 09:39:13,Closed,HTT45N,AUT-po02,Gasthof zum TANNENWIRT,No,,,,,No DLQ record found (non-SCCS or pre-MDS failure),Not classified (no DLQ),,,,,,
MJM_AT,500bO00000uLGb5QAG,2026-06-10 14:45:36,Closed,HTDRCD,AUT-kbiw,Donau Kebap,No,,,,,No DLQ record found (non-SCCS or pre-MDS failure),Not classified (no DLQ),,,,,,
MJM_AT,500bO00000uCZ1zQAG,2026-06-09 08:38:35,Closed,HTKBKC,AUT-yz1e,Chano Italien & Grill,No,,,,,No DLQ record found (non-SCCS or pre-MDS failure),Not classified (no DLQ),,,,,,
MJM_AT,500bO00000uDKwlQAG,2026-06-09 07:21:04,On Hold,HTL87J,AUT-qyt5,Sisi Pizzaboy,No,,,,,No DLQ record found (non-SCCS or pre-MDS failure),Not classified (no DLQ),,,,,,
MJM_AT,500bO00000thWucQAE,2026-06-02 14:29:38,Closed,HA2W17,AUT-tgnv,Nana,No,,,,,No DLQ record found (non-SCCS or pre-MDS failure),Not classified (no DLQ),,,,,,
MJM_AT,500bO00000tgNIHQA2,2026-06-02 10:09:35,Closed,HTUH97,AUT-h9a0,Burger King Oberwart,No,,,,,No DLQ record found (non-SCCS or pre-MDS failure),Not classified (no DLQ),,,,,,
MJM_AT,500bO00000tg8WEQAY,2026-06-02 09:29:36,Closed,HA0I30,AUT-rjl9,My Kebap,No,,,,,No DLQ record found (non-SCCS or pre-MDS failure),Not classified (no DLQ),,,,,,
MJM_AT,500bO00000tXC2qQAG,2026-06-01 08:44:02,Closed,HTNIN1,AUT-hy19,Efel Kebab Grill,No,,,,,No DLQ record found (non-SCCS or pre-MDS failure),Not classified (no DLQ),,,,,,
MJM_AT,500bO00000tWZkYQAW,2026-06-01 05:45:19,Closed,HPKR7X,AUT-ldm6,Eisliebe Hink Eisberg,No,,,,,No DLQ record found (non-SCCS or pre-MDS failure),Not classified (no DLQ),,,,,,
MJM_AT,500bO00000tP5zKQAS,2026-05-29 11:27:11,Closed,HTHV9G,AUT-nm5i,Cicek Cigköfte,No,,,,,No DLQ record found (non-SCCS or pre-MDS failure),Not classified (no DLQ),,,,,,
MJM_AT,500bO00000tOOmMQAW,2026-05-29 09:52:32,Closed,HT0CIF,AUT-fr1e,Yumza Dumplings - Stuffed. Fried. Loved.,No,,,,,No DLQ record found (non-SCCS or pre-MDS failure),Not classified (no DLQ),,,,,,
MJM_AT,500bO00000tNoXZQA0,2026-05-29 09:41:45,Closed,HT0CI5,AUT-t299,Gangnam Kitchen - Korean Fried Chicken,No,,,,,No DLQ record found (non-SCCS or pre-MDS failure),Not classified (no DLQ),,,,,,
MJM_AT,500bO00000tJLFaQAO,2026-05-28 07:40:56,Closed,HTN6UW,AUT-b51z,Mesken Pizza & Kebap Restaurant,No,,,,,No DLQ record found (non-SCCS or pre-MDS failure),Not classified (no DLQ),,,,,,
MJM_AT,500bO00000tFLHPQA4,2026-05-27 14:00:19,Closed,HT05K8,AUT-se9p,Holy Chicken - Burgers & Wings,No,,,,,No DLQ record found (non-SCCS or pre-MDS failure),Not classified (no DLQ),,,,,,
MJM_AT,500bO00000tFIGJQA4,2026-05-27 13:56:45,Closed,HT05KG,AUT-npbx,Mr. Cheese - French Tacos & Burgers,No,,,,,No DLQ record found (non-SCCS or pre-MDS failure),Not classified (no DLQ),,,,,,
MJM_AT,500bO00000t9v97QAA,2026-05-26 11:21:31,Closed,HTSZVQ,AUT-cyx3,Koco Chicken,No,,,,,No DLQ record found (non-SCCS or pre-MDS failure),Not classified (no DLQ),,,,,,
MJM_AT,500bO00000t9yi5QAA,2026-05-26 11:10:21,Closed,HTSZVZ,AUT-sx14,Moco Chicken,No,,,,,No DLQ record found (non-SCCS or pre-MDS failure),Not classified (no DLQ),,,,,,
MJM_AT,500bO00000t9dbxQAA,2026-05-26 09:00:25,Closed,HT08XH,AUT-kg1v,Holy Chicken - Burgers & Wings,No,,,,,No DLQ record found (non-SCCS or pre-MDS failure),Not classified (no DLQ),,,,,,
MJM_AT,500bO00000t9FcwQAE,2026-05-26 08:54:34,Closed,HT08X6,AUT-hr3h,Mr. Cheese - French Tacos & Burgers,No,,,,,No DLQ record found (non-SCCS or pre-MDS failure),Not classified (no DLQ),,,,,,
NP_HU,500bO00000uJ36pQAC,2026-06-10 08:11:16,Closed,HTUW02,HUN-ep2f,Wingstreet a Pizza Hutnál - Eger,No,,,,,No DLQ record found (non-SCCS or pre-MDS failure),Not classified (no DLQ),,,,,,
NP_HU,500bO00000trgfvQAA,2026-06-04 08:35:38,Closed,HT0DF3,HUN-a76y,Pizza Hut Eger,No,,,,,No DLQ record found (non-SCCS or pre-MDS failure),Not classified (no DLQ),,,,,,
PY_AR,500bO00000uHlbpQAC,2026-06-10 02:40:00,Closed,HTP0PI,621640,NANDO Restaurant & Mostrador,Yes,PY_AR_20260610T023939_621640,sf_menu_onboarding,2026-06-10 02:39:40,3017,File not recognised as a menu by the language model,Not a Menu Document,"The file was not recognized as a menu by the language model.
        Please upload a genuine menu image/PDF (not a storefront photo, logo, or non-menu content)
        and try again.",sf_menu_onboarding/PY_AR_20260610T023939_621640.json,https://console.cloud.google.com/storage/browser/dh-menu-digitalised-images-prod/sf_menu_onboarding/PY_AR_20260610T023939_621640,,,
PY_AR,500bO00000uAFFHQA4,2026-06-08 22:06:10,Closed,HTUT7P,621327,Mr. Mila,Yes,PY_AR_20260608T220554_621327,sf_menu_onboarding,2026-06-08 22:05:54,3017,File not recognised as a menu by the language model,Not a Menu Document,"The file was not recognized as a menu by the language model.
        Please upload a genuine menu image/PDF (not a storefront photo, logo, or non-menu content)
        and try again.",sf_menu_onboarding/PY_AR_20260608T220554_621327.json,https://console.cloud.google.com/storage/browser/dh-menu-digitalised-images-prod/sf_menu_onboarding/PY_AR_20260608T220554_621327,,,
PY_AR,500bO00000tuCTRQA2,2026-06-04 17:04:47,Closed,HTUAKT,620783,LO DE PICHICHI - PIZZAS Y EMPANADAS,Yes,PY_AR_20260604T170435_620783,sf_menu_onboarding,2026-06-04 17:04:35,3015,File does not look like a restaurant menu,Not a Menu Document,"The file does not look like a restaurant menu.
        Please upload a clear menu (with items and prices) and ensure the content is not a receipt,
        flyer, or unrelated image.",sf_menu_onboarding/PY_AR_20260604T170435_620783.json,https://console.cloud.google.com/storage/browser/dh-menu-digitalised-images-prod/sf_menu_onboarding/PY_AR_20260604T170435_620783,,,
PY_AR,500bO00000tnfiHQAQ,2026-06-03 14:48:23,Closed,HT0MVZ,620535,El Tablón de la Casa.,Yes,PY_AR_20260603T144816_620535,sf_menu_onboarding,2026-06-03 14:48:16,3015,File does not look like a restaurant menu,Not a Menu Document,"The file does not look like a restaurant menu.
        Please upload a clear menu (with items and prices) and ensure the content is not a receipt,
        flyer, or unrelated image.",sf_menu_onboarding/PY_AR_20260603T144816_620535.json,https://console.cloud.google.com/storage/browser/dh-menu-digitalised-images-prod/sf_menu_onboarding/PY_AR_20260603T144816_620535,,,
PY_AR,500bO00000tU4OKQA0,2026-05-30 20:13:52,Closed,HT0M25,620037,Santo Shawarma House,Yes,PY_AR_20260530T201337_620037,sf_menu_onboarding,2026-05-30 20:13:38,3015,File does not look like a restaurant menu,Not a Menu Document,"The file does not look like a restaurant menu.
        Please upload a clear menu (with items and prices) and ensure the content is not a receipt,
        flyer, or unrelated image.",sf_menu_onboarding/PY_AR_20260530T201337_620037.json,https://console.cloud.google.com/storage/browser/dh-menu-digitalised-images-prod/sf_menu_onboarding/PY_AR_20260530T201337_620037,,,
PY_AR,500bO00000tTqMvQAK,2026-05-30 17:12:33,Closed,HTTBP9,620018,Bar El pelado .,Yes,PY_AR_20260530T171228_620018,salesforce_acquisition,2026-05-30 17:12:28,3014,Image resolution too large (pixel count exceeds limit),MDS Technical Failure,"Image resolution is too large to process.
        Please resize the image to a smaller resolution and try again.
         tot 30943032 max 30000000",salesforce_acquisition/PY_AR_20260530T171228_620018.json,https://console.cloud.google.com/storage/browser/dh-menu-digitalised-images-prod/salesforce_acquisition/PY_AR_20260530T171228_620018,image_1.pdf,0.08,"File: 0.08 MB on disk. Pixel count: 30,943,032 px (+3.1% over 30M limit). High-DPI scan; minor compression would fix."
PY_AR,500bO00000tQMJlQAO,2026-05-29 16:09:05,Closed,HTSQW7,619833,Señor Helado - Saenz Peña.,Yes,PY_AR_20260529T160853_619833,sf_menu_onboarding,2026-05-29 16:08:53,3015,File does not look like a restaurant menu,Not a Menu Document,"The file does not look like a restaurant menu.
        Please upload a clear menu (with items and prices) and ensure the content is not a receipt,
        flyer, or unrelated image.",sf_menu_onboarding/PY_AR_20260529T160853_619833.json,https://console.cloud.google.com/storage/browser/dh-menu-digitalised-images-prod/sf_menu_onboarding/PY_AR_20260529T160853_619833,,,
PY_AR,500bO00000tMq3dQAC,2026-05-28 23:49:52,Closed,HT0BYY,619731,El Tambo. Las Heras 2318,Yes,PY_AR_20260528T234929_619731,sf_menu_onboarding,2026-05-28 23:49:29,3015,File does not look like a restaurant menu,Not a Menu Document,"The file does not look like a restaurant menu.
        Please upload a clear menu (with items and prices) and ensure the content is not a receipt,
        flyer, or unrelated image.",sf_menu_onboarding/PY_AR_20260528T234929_619731.json,https://console.cloud.google.com/storage/browser/dh-menu-digitalised-images-prod/sf_menu_onboarding/PY_AR_20260528T234929_619731,,,
PY_AR,500bO00000tMSNlQAO,2026-05-28 19:25:11,Closed,HT0LFU,619626,Heladeria Laya Dorado,Yes,PY_AR_20260528T192504_619626,sf_menu_onboarding,2026-05-28 19:25:04,3014,Image resolution too large (pixel count exceeds limit),MDS Technical Failure,"Image resolution is too large to process.
        Please resize the image to a smaller resolution and try again.
         tot 30943032 max 30000000",sf_menu_onboarding/PY_AR_20260528T192504_619626.json,https://console.cloud.google.com/storage/browser/dh-menu-digitalised-images-prod/sf_menu_onboarding/PY_AR_20260528T192504_619626,image_1.pdf,0.1,"File: 0.1 MB on disk. Pixel count: 30,943,032 px (+3.1% over 30M limit). High-DPI scan; minor compression would fix."
PY_AR,500bO00000tM3vdQAC,2026-05-28 16:36:39,Closed,HTTZM0,619557,La Rotonda de San Luis,Yes,PY_AR_20260528T163631_619557,sf_menu_onboarding,2026-05-28 16:36:31,3015,File does not look like a restaurant menu,Not a Menu Document,"The file does not look like a restaurant menu.
        Please upload a clear menu (with items and prices) and ensure the content is not a receipt,
        flyer, or unrelated image.",sf_menu_onboarding/PY_AR_20260528T163631_619557.json,https://console.cloud.google.com/storage/browser/dh-menu-digitalised-images-prod/sf_menu_onboarding/PY_AR_20260528T163631_619557,,,
PY_AR,500bO00000tKLtWQAW,2026-05-28 12:09:05,Closed,HT6PHU,619461,Kiché Tartería,Yes,PY_AR_20260528T120856_619461,sf_menu_onboarding,2026-05-28 12:08:57,3015,File does not look like a restaurant menu,Not a Menu Document,"The file does not look like a restaurant menu.
        Please upload a clear menu (with items and prices) and ensure the content is not a receipt,
        flyer, or unrelated image.",sf_menu_onboarding/PY_AR_20260528T120856_619461.json,https://console.cloud.google.com/storage/browser/dh-menu-digitalised-images-prod/sf_menu_onboarding/PY_AR_20260528T120856_619461,,,
PY_AR,500bO00000tGpQHQA0,2026-05-27 21:45:13,Closed,HTSNZ4,619310,Bodegon Vicente Lopez,Yes,PY_AR_20260527T214505_619310,salesforce_acquisition,2026-05-27 21:45:06,3015,File does not look like a restaurant menu,Not a Menu Document,"The file does not look like a restaurant menu.
        Please upload a clear menu (with items and prices) and ensure the content is not a receipt,
        flyer, or unrelated image.",salesforce_acquisition/PY_AR_20260527T214505_619310.json,https://console.cloud.google.com/storage/browser/dh-menu-digitalised-images-prod/salesforce_acquisition/PY_AR_20260527T214505_619310,,,
PY_AR,500bO00000tGRxcQAG,2026-05-27 20:47:12,Closed,HTNQ2F,619288,The burguer Maiva.,Yes,PY_AR_20260527T204627_619288,sf_menu_onboarding,2026-05-27 20:46:28,3013,Not enough menu items extracted (fewer than 3),Lesser than 3 Items,"Not enough menu items were extracted (fewer than 3).
        Please upload a clearer, higher-quality menu image/PDF
        (well-lit, not blurry, complete menu) and try again.",sf_menu_onboarding/PY_AR_20260527T204627_619288.json,https://console.cloud.google.com/storage/browser/dh-menu-digitalised-images-prod/sf_menu_onboarding/PY_AR_20260527T204627_619288,,,
PY_AR,500bO00000tGK0AQAW,2026-05-27 20:30:40,Closed,HT0G3Q,619281,Mola Helados,Yes,PY_AR_20260527T203032_619281,salesforce_acquisition,2026-05-27 20:30:33,3015,File does not look like a restaurant menu,Not a Menu Document,"The file does not look like a restaurant menu.
        Please upload a clear menu (with items and prices) and ensure the content is not a receipt,
        flyer, or unrelated image.",salesforce_acquisition/PY_AR_20260527T203032_619281.json,https://console.cloud.google.com/storage/browser/dh-menu-digitalised-images-prod/salesforce_acquisition/PY_AR_20260527T203032_619281,,,
PY_AR,500bO00000tFU9OQAW,2026-05-27 14:01:09,Closed,HT0BYR,619116,El Tambo - Las Heras 574,Yes,PY_AR_20260527T140049_619116,sf_menu_onboarding,2026-05-27 14:00:50,3015,File does not look like a restaurant menu,Not a Menu Document,"The file does not look like a restaurant menu.
        Please upload a clear menu (with items and prices) and ensure the content is not a receipt,
        flyer, or unrelated image.",sf_menu_onboarding/PY_AR_20260527T140049_619116.json,https://console.cloud.google.com/storage/browser/dh-menu-digitalised-images-prod/sf_menu_onboarding/PY_AR_20260527T140049_619116,,,
PY_AR,500bO00000tEl4DQAS,2026-05-27 11:18:10,Closed,HT0BY5,619084,El Tambo - Mac Lean.,Yes,PY_AR_20260527T111749_619084,sf_menu_onboarding,2026-05-27 11:17:50,3015,File does not look like a restaurant menu,Not a Menu Document,"The file does not look like a restaurant menu.
        Please upload a clear menu (with items and prices) and ensure the content is not a receipt,
        flyer, or unrelated image.",sf_menu_onboarding/PY_AR_20260527T111749_619084.json,https://console.cloud.google.com/storage/browser/dh-menu-digitalised-images-prod/sf_menu_onboarding/PY_AR_20260527T111749_619084,,,
PY_AR,500bO00000tBmxvQAC,2026-05-26 17:45:15,Closed,HTN316,618900,El Duende 4 Plazas,Yes,PY_AR_20260526T174506_618900,sf_menu_onboarding,2026-05-26 17:45:06,3015,File does not look like a restaurant menu,Not a Menu Document,"The file does not look like a restaurant menu.
        Please upload a clear menu (with items and prices) and ensure the content is not a receipt,
        flyer, or unrelated image.",sf_menu_onboarding/PY_AR_20260526T174506_618900.json,https://console.cloud.google.com/storage/browser/dh-menu-digitalised-images-prod/sf_menu_onboarding/PY_AR_20260526T174506_618900,,,
TB_AE,500bO00000uUGK2QAO,2026-06-12 07:32:17,Closed,4MVW1I,1101908,"Ghil Dabang, (DH Kitchen) Diera",No,,,,,No DLQ record found (non-SCCS or pre-MDS failure),Not classified (no DLQ),,,,,,
TB_AE,500bO00000uRgcPQAS,2026-06-11 14:11:22,Closed,HTSXZP,1101852,Let’s meet up,No,,,,,No DLQ record found (non-SCCS or pre-MDS failure),Not classified (no DLQ),,,,,,
TB_AE,500bO00000uRG6wQAG,2026-06-11 14:11:01,Please Correct Errors,HPYZTB,1101849,ROYAL PINK CITY RESTAURANT,Yes,TB_AE_20260611T140453_1101849,sf_menu_onboarding,2026-06-11 14:04:53,99,Internal processing error (NoneType attribute missing),MDS Technical Failure,'NoneType' object has no attribute 'items',sf_menu_onboarding/TB_AE_20260611T140453_1101849.json,https://console.cloud.google.com/storage/browser/dh-menu-digitalised-images-prod/sf_menu_onboarding/TB_AE_20260611T140453_1101849,,,
TB_AE,500bO00000uRdoEQAS,2026-06-11 14:06:15,Closed,4MQT5W,1101850,"Koukh Al Shay, Mirdif",Yes,TB_AE_20260611T140608_1101850,sf_menu_onboarding,2026-06-11 14:06:08,3017,File not recognised as a menu by the language model,Not a Menu Document,"The file was not recognized as a menu by the language model.
        Please upload a genuine menu image/PDF (not a storefront photo, logo, or non-menu content)
        and try again.",sf_menu_onboarding/TB_AE_20260611T140608_1101850.json,https://console.cloud.google.com/storage/browser/dh-menu-digitalised-images-prod/sf_menu_onboarding/TB_AE_20260611T140608_1101850,,,
TB_AE,500bO00000uKLrLQAW,2026-06-10 12:21:30,Closed,4M143P,1101673,"Al Mudhyaf Mandi, Mirdif",Yes,TB_AE_20260610T122039_1101673,sf_menu_onboarding,2026-06-10 12:20:39,3017,File not recognised as a menu by the language model,Not a Menu Document,"The file was not recognized as a menu by the language model.
        Please upload a genuine menu image/PDF (not a storefront photo, logo, or non-menu content)
        and try again.",sf_menu_onboarding/TB_AE_20260610T122039_1101673.json,https://console.cloud.google.com/storage/browser/dh-menu-digitalised-images-prod/sf_menu_onboarding/TB_AE_20260610T122039_1101673,,,
TB_AE,500bO00000uIMQ7QAO,2026-06-10 09:20:42,Closed,4MQNLA,1101627,"Low Calories, Khorfakkan",Yes,TB_AE_20260610T092034_1101627,sf_menu_onboarding,2026-06-10 09:20:35,3017,File not recognised as a menu by the language model,Not a Menu Document,"The file was not recognized as a menu by the language model.
        Please upload a genuine menu image/PDF (not a storefront photo, logo, or non-menu content)
        and try again.",sf_menu_onboarding/TB_AE_20260610T092034_1101627.json,https://console.cloud.google.com/storage/browser/dh-menu-digitalised-images-prod/sf_menu_onboarding/TB_AE_20260610T092034_1101627,,,
TB_AE,500bO00000uIjxkQAC,2026-06-10 07:21:44,Closed,HTUWOG,1101613,TETO’S,Yes,TB_AE_20260610T072100_1101613,sf_menu_onboarding,2026-06-10 07:21:01,3014,Image resolution too large (pixel count exceeds limit),MDS Technical Failure,"Image resolution is too large to process.
        Please resize the image to a smaller resolution and try again.
         tot 30221790 max 30000000",sf_menu_onboarding/TB_AE_20260610T072100_1101613.json,https://console.cloud.google.com/storage/browser/dh-menu-digitalised-images-prod/sf_menu_onboarding/TB_AE_20260610T072100_1101613,image_1.pdf,1.29,"File: 1.29 MB on disk. Pixel count: 30,221,790 px (+0.7% over 30M limit). High-DPI scan; minor compression would fix."
TB_AE,500bO00000uFkogQAC,2026-06-09 14:02:25,Closed,4MXARN,1101545,"Al Sheraa Fisheries Center, Al Majaz 1",Yes,TB_AE_20260609T140157_1101545,sf_menu_onboarding,2026-06-09 14:01:57,3017,File not recognised as a menu by the language model,Not a Menu Document,"The file was not recognized as a menu by the language model.
        Please upload a genuine menu image/PDF (not a storefront photo, logo, or non-menu content)
        and try again.",sf_menu_onboarding/TB_AE_20260609T140157_1101545.json,https://console.cloud.google.com/storage/browser/dh-menu-digitalised-images-prod/sf_menu_onboarding/TB_AE_20260609T140157_1101545,,,
TB_AE,500bO00000uDhYMQA0,2026-06-09 08:10:55,Closed,HTUXTQ,1101449,BU TAFISH SEA FOOD & GRILLS RESTAURANT - MIRFA,Yes,TB_AE_20260609T081048_1101449,sf_menu_onboarding,2026-06-09 08:10:49,3017,File not recognised as a menu by the language model,Not a Menu Document,"The file was not recognized as a menu by the language model.
        Please upload a genuine menu image/PDF (not a storefront photo, logo, or non-menu content)
        and try again.",sf_menu_onboarding/TB_AE_20260609T081048_1101449.json,https://console.cloud.google.com/storage/browser/dh-menu-digitalised-images-prod/sf_menu_onboarding/TB_AE_20260609T081048_1101449,,,
TB_AE,500bO00000uDOKQQA4,2026-06-09 07:48:54,Closed,4MVIKR,1101446,"Sushi Lab, (DH Kitchen), Khalifa",No,,,,,No DLQ record found (non-SCCS or pre-MDS failure),Not classified (no DLQ),,,,,,
TB_AE,500bO00000u7kp6QAA,2026-06-08 11:35:58,Closed,4MQTAD,1101328,"Shawarma Juha, Rumaila",Yes,TB_AE_20260608T113551_1101328,sf_menu_onboarding,2026-06-08 11:35:51,3017,File not recognised as a menu by the language model,Not a Menu Document,"The file was not recognized as a menu by the language model.
        Please upload a genuine menu image/PDF (not a storefront photo, logo, or non-menu content)
        and try again.",sf_menu_onboarding/TB_AE_20260608T113551_1101328.json,https://console.cloud.google.com/storage/browser/dh-menu-digitalised-images-prod/sf_menu_onboarding/TB_AE_20260608T113551_1101328,,,
TB_AE,500bO00000txbPOQAY,2026-06-05 13:14:48,Closed,4MXWPS,1101162,Southern soul by palate of spices,Yes,TB_AE_20260605T131436_1101162,sf_menu_onboarding,2026-06-05 13:14:36,3017,File not recognised as a menu by the language model,Not a Menu Document,"The file was not recognized as a menu by the language model.
        Please upload a genuine menu image/PDF (not a storefront photo, logo, or non-menu content)
        and try again.",sf_menu_onboarding/TB_AE_20260605T131436_1101162.json,https://console.cloud.google.com/storage/browser/dh-menu-digitalised-images-prod/sf_menu_onboarding/TB_AE_20260605T131436_1101162,,,
TB_AE,500bO00000tx0AuQAI,2026-06-05 10:53:53,Closed,4MXWPW,1101151,Indi - Flame by palate of spices,Yes,TB_AE_20260605T105324_1101151,sf_menu_onboarding,2026-06-05 10:53:24,3013,Not enough menu items extracted (fewer than 3),Lesser than 3 Items,"Not enough menu items were extracted (fewer than 3).
        Please upload a clearer, higher-quality menu image/PDF
        (well-lit, not blurry, complete menu) and try again.",sf_menu_onboarding/TB_AE_20260605T105324_1101151.json,https://console.cloud.google.com/storage/browser/dh-menu-digitalised-images-prod/sf_menu_onboarding/TB_AE_20260605T105324_1101151,,,
TB_AE,500bO00000txI66QAE,2026-06-05 10:53:36,Closed,4MX7XV,1101152,"Its Cookies,(DH Kitchen)  Industrial Area 13",No,,,,,No DLQ record found (non-SCCS or pre-MDS failure),Not classified (no DLQ),,,,,,
TB_AE,500bO00000twxZXQAY,2026-06-05 10:11:19,Closed,HTT4HS,1101148,Palate of spices,Yes,TB_AE_20260605T101053_1101148,sf_menu_onboarding,2026-06-05 10:10:54,3013,Not enough menu items extracted (fewer than 3),Lesser than 3 Items,"Not enough menu items were extracted (fewer than 3).
        Please upload a clearer, higher-quality menu image/PDF
        (well-lit, not blurry, complete menu) and try again.",sf_menu_onboarding/TB_AE_20260605T101053_1101148.json,https://console.cloud.google.com/storage/browser/dh-menu-digitalised-images-prod/sf_menu_onboarding/TB_AE_20260605T101053_1101148,,,
TB_AE,500bO00000twc22QAA,2026-06-05 09:03:08,Closed,4MOILK,1101144,"Dacha, JLT",Yes,TB_AE_20260605T090302_1101144,sf_menu_onboarding,2026-06-05 09:03:03,3015,File does not look like a restaurant menu,Not a Menu Document,"The file does not look like a restaurant menu.
        Please upload a clear menu (with items and prices) and ensure the content is not a receipt,
        flyer, or unrelated image.",sf_menu_onboarding/TB_AE_20260605T090302_1101144.json,https://console.cloud.google.com/storage/browser/dh-menu-digitalised-images-prod/sf_menu_onboarding/TB_AE_20260605T090302_1101144,,,
TB_AE,500bO00000twCamQAE,2026-06-05 08:48:48,Closed,4MVW94,1101143,"KOYO Frozen Yogurt, (DH Kitchen) Diera",No,,,,,No DLQ record found (non-SCCS or pre-MDS failure),Not classified (no DLQ),,,,,,
TB_AE,500bO00000tvcovQAA,2026-06-05 06:30:25,Closed,4MXLOQ,1101141,"Couqley, (DH Kitchen), Sufouh",No,,,,,No DLQ record found (non-SCCS or pre-MDS failure),Not classified (no DLQ),,,,,,
TB_AE,500bO00000tsrR9QAI,2026-06-04 17:11:04,Closed,HTURTZ,1101129,Rz Blaban Dessert,Yes,TB_AE_20260604T171055_1101129,sf_menu_onboarding,2026-06-04 17:10:55,3015,File does not look like a restaurant menu,Not a Menu Document,"The file does not look like a restaurant menu.
        Please upload a clear menu (with items and prices) and ensure the content is not a receipt,
        flyer, or unrelated image.",sf_menu_onboarding/TB_AE_20260604T171055_1101129.json,https://console.cloud.google.com/storage/browser/dh-menu-digitalised-images-prod/sf_menu_onboarding/TB_AE_20260604T171055_1101129,,,
TB_AE,500bO00000tspysQAA,2026-06-04 16:47:13,Closed,HTU87K,1101127,Healthy Key Restaurant,Yes,TB_AE_20260604T164706_1101127,sf_menu_onboarding,2026-06-04 16:47:06,3015,File does not look like a restaurant menu,Not a Menu Document,"The file does not look like a restaurant menu.
        Please upload a clear menu (with items and prices) and ensure the content is not a receipt,
        flyer, or unrelated image.",sf_menu_onboarding/TB_AE_20260604T164706_1101127.json,https://console.cloud.google.com/storage/browser/dh-menu-digitalised-images-prod/sf_menu_onboarding/TB_AE_20260604T164706_1101127,,,
TB_AE,500bO00000tqr0aQAA,2026-06-04 06:14:45,Closed,4MV5TZ,1101041,"Tequeños Dubai, (DH Kitchen), AD Downtown",No,,,,,No DLQ record found (non-SCCS or pre-MDS failure),Not classified (no DLQ),,,,,,
TB_AE,500bO00000tnwG6QAI,2026-06-03 16:07:06,Closed,4M33AB,1101003,"Maintained Speciality Cafe, (DH Kitchen), Rashidiya",No,,,,,No DLQ record found (non-SCCS or pre-MDS failure),Not classified (no DLQ),,,,,,
TB_AE,500bO00000tlDaAQAU,2026-06-03 10:02:26,Closed,4MXBMC,1100937,"Malik Nehari And Biryani Restaurant, Al Barsha 1",Yes,TB_AE_20260603T100221_1100937,sf_menu_onboarding,2026-06-03 10:02:21,3015,File does not look like a restaurant menu,Not a Menu Document,"The file does not look like a restaurant menu.
        Please upload a clear menu (with items and prices) and ensure the content is not a receipt,
        flyer, or unrelated image.",sf_menu_onboarding/TB_AE_20260603T100221_1100937.json,https://console.cloud.google.com/storage/browser/dh-menu-digitalised-images-prod/sf_menu_onboarding/TB_AE_20260603T100221_1100937,,,
TB_AE,500bO00000tl8diQAA,2026-06-03 09:31:19,Closed,4MXLOX,1100932,"Manzo Sushi and Sliders, (DH kitchen), Sajaa",No,,,,,No DLQ record found (non-SCCS or pre-MDS failure),Not classified (no DLQ),,,,,,
TB_AE,500bO00000tlAp6QAE,2026-06-03 09:01:21,Closed,HTULZE,1100922,HEAVEN TASTY RESTAURANT,Yes,TB_AE_20260603T090116_1100922,sf_menu_onboarding,2026-06-03 09:01:16,3015,File does not look like a restaurant menu,Not a Menu Document,"The file does not look like a restaurant menu.
        Please upload a clear menu (with items and prices) and ensure the content is not a receipt,
        flyer, or unrelated image.",sf_menu_onboarding/TB_AE_20260603T090116_1100922.json,https://console.cloud.google.com/storage/browser/dh-menu-digitalised-images-prod/sf_menu_onboarding/TB_AE_20260603T090116_1100922,,,
TB_AE,500bO00000tgTHIQA2,2026-06-02 10:36:14,Closed,4MVRLI,1100850,"Mac & Cheese,(DH Kitchen) Downtown",No,,,,,No DLQ record found (non-SCCS or pre-MDS failure),Not classified (no DLQ),,,,,,
TB_AE,500bO00000tdhC1QAI,2026-06-02 08:20:16,Closed,4MXAET,1100837,"Express Luqaimat and Chebab, Al Warqa",Yes,TB_AE_20260602T081339_1100837,salesforce_acquisition,2026-06-02 08:13:39,3015,File does not look like a restaurant menu,Not a Menu Document,"The file does not look like a restaurant menu.
        Please upload a clear menu (with items and prices) and ensure the content is not a receipt,
        flyer, or unrelated image.",salesforce_acquisition/TB_AE_20260602T081339_1100837.json,https://console.cloud.google.com/storage/browser/dh-menu-digitalised-images-prod/salesforce_acquisition/TB_AE_20260602T081339_1100837,,,
TB_AE,500bO00000tfHJnQAM,2026-06-02 07:32:20,Closed,4MXJ2N,1100831,"Sharing Is Caring, (DH Kitchen), Sol Business Bay",Yes,TB_AE_20260602T073222_1100831,salesforce_acquisition,2026-06-02 07:32:23,3015,File does not look like a restaurant menu,Not a Menu Document,"The file does not look like a restaurant menu.
        Please upload a clear menu (with items and prices) and ensure the content is not a receipt,
        flyer, or unrelated image.",salesforce_acquisition/TB_AE_20260602T073222_1100831.json,https://console.cloud.google.com/storage/browser/dh-menu-digitalised-images-prod/salesforce_acquisition/TB_AE_20260602T073222_1100831,,,
TB_AE,500bO00000tf719QAA,2026-06-02 07:11:13,Closed,4MV1LL,1100828,"CHEF EFRANJYEH RESTAURANT, (DH Kitchen), Sufouh",Yes,TB_AE_20260602T071116_1100828,salesforce_acquisition,2026-06-02 07:11:17,3014,Image resolution too large (pixel count exceeds limit),MDS Technical Failure,"Image resolution is too large to process.
        Please resize the image to a smaller resolution and try again.
         tot 236876895 max 30000000",salesforce_acquisition/TB_AE_20260602T071116_1100828.json,https://console.cloud.google.com/storage/browser/dh-menu-digitalised-images-prod/salesforce_acquisition/TB_AE_20260602T071116_1100828,image_1.pdf,0.41,"File: 0.41 MB on disk. Pixel count: 236,876,895 px (+689.6% over 30M limit). Extremely high-DPI scan."
TB_AE,500bO00000tXcwbQAC,2026-06-01 11:00:50,Closed,4MMRO8,1100763,Azouz (DH Kitchen) Al Sufouh,No,,,,,No DLQ record found (non-SCCS or pre-MDS failure),Not classified (no DLQ),,,,,,
TB_AE,500bO00000tY4mLQAS,2026-06-01 10:47:02,Closed,4MRU6F,1100759,Nile Bites (DH Kitchen) Al Sufouh,Yes,TB_AE_20260601T104704_1100759,salesforce_acquisition,2026-06-01 10:47:04,3015,File does not look like a restaurant menu,Not a Menu Document,"The file does not look like a restaurant menu.
        Please upload a clear menu (with items and prices) and ensure the content is not a receipt,
        flyer, or unrelated image.",salesforce_acquisition/TB_AE_20260601T104704_1100759.json,https://console.cloud.google.com/storage/browser/dh-menu-digitalised-images-prod/salesforce_acquisition/TB_AE_20260601T104704_1100759,,,
TB_AE,500bO00000tX73zQAC,2026-06-01 08:17:52,Closed,4MV1LN,1100749,"Zozo egyptian restaurant, (DH Kitchen) Sufouh",No,,,,,No DLQ record found (non-SCCS or pre-MDS failure),Not classified (no DLQ),,,,,,
TB_AE,500bO00000tWtBSQA0,2026-06-01 07:44:37,Closed,4MV1LO,1100747,"Just vegetarian restaurant,(DH Kitchen) Sufouh",Yes,TB_AE_20260601T074439_1100747,salesforce_acquisition,2026-06-01 07:44:40,3015,File does not look like a restaurant menu,Not a Menu Document,"The file does not look like a restaurant menu.
        Please upload a clear menu (with items and prices) and ensure the content is not a receipt,
        flyer, or unrelated image.",salesforce_acquisition/TB_AE_20260601T074439_1100747.json,https://console.cloud.google.com/storage/browser/dh-menu-digitalised-images-prod/salesforce_acquisition/TB_AE_20260601T074439_1100747,,,
TB_AE,500bO00000tU0fgQAC,2026-05-30 19:08:13,Closed,4MX7MR,1100678,"Fisherman's Hub, Hilton",Yes,TB_AE_20260530T190759_1100678,sf_menu_onboarding,2026-05-30 19:07:59,3015,File does not look like a restaurant menu,Not a Menu Document,"The file does not look like a restaurant menu.
        Please upload a clear menu (with items and prices) and ensure the content is not a receipt,
        flyer, or unrelated image.",sf_menu_onboarding/TB_AE_20260530T190759_1100678.json,https://console.cloud.google.com/storage/browser/dh-menu-digitalised-images-prod/sf_menu_onboarding/TB_AE_20260530T190759_1100678,,,
TB_AE,500bO00000tGUIhQAO,2026-05-27 21:03:00,Closed,4MV1LR,1100579,"Koshary Al Gentle, (DH Kitchen) Sufouh",Yes,TB_AE_20260527T210258_1100579,salesforce_acquisition,2026-05-27 21:02:58,3015,File does not look like a restaurant menu,Not a Menu Document,"The file does not look like a restaurant menu.
        Please upload a clear menu (with items and prices) and ensure the content is not a receipt,
        flyer, or unrelated image.",salesforce_acquisition/TB_AE_20260527T210258_1100579.json,https://console.cloud.google.com/storage/browser/dh-menu-digitalised-images-prod/salesforce_acquisition/TB_AE_20260527T210258_1100579,,,
TB_AE,500bO00000tAgJJQA0,2026-05-26 13:20:49,Closed,4MX0YM,1100554,"Manakish Abu Karam Restaurant, Muwaileh",Yes,TB_AE_20260526T132043_1100554,sf_menu_onboarding,2026-05-26 13:20:43,3015,File does not look like a restaurant menu,Not a Menu Document,"The file does not look like a restaurant menu.
        Please upload a clear menu (with items and prices) and ensure the content is not a receipt,
        flyer, or unrelated image.",sf_menu_onboarding/TB_AE_20260526T132043_1100554.json,https://console.cloud.google.com/storage/browser/dh-menu-digitalised-images-prod/sf_menu_onboarding/TB_AE_20260526T132043_1100554,,,
TB_AE,500bO00000tAG8tQAG,2026-05-26 12:44:55,Closed,4MX0Y2,1100549,"Manakish Abu Karam Restaurant, City Center",Yes,TB_AE_20260526T123833_1100549,salesforce_acquisition,2026-05-26 12:38:33,3015,File does not look like a restaurant menu,Not a Menu Document,"The file does not look like a restaurant menu.
        Please upload a clear menu (with items and prices) and ensure the content is not a receipt,
        flyer, or unrelated image.",salesforce_acquisition/TB_AE_20260526T123833_1100549.json,https://console.cloud.google.com/storage/browser/dh-menu-digitalised-images-prod/salesforce_acquisition/TB_AE_20260526T123833_1100549,,,
TB_AE,500bO00000tARwzQAG,2026-05-26 12:43:56,Closed,4MXFKH,1100550,"Manakish Abu Karam Restaurant, DOM",Yes,TB_AE_20260526T124309_1100550,salesforce_acquisition,2026-05-26 12:43:10,3015,File does not look like a restaurant menu,Not a Menu Document,"The file does not look like a restaurant menu.
        Please upload a clear menu (with items and prices) and ensure the content is not a receipt,
        flyer, or unrelated image.",salesforce_acquisition/TB_AE_20260526T124309_1100550.json,https://console.cloud.google.com/storage/browser/dh-menu-digitalised-images-prod/salesforce_acquisition/TB_AE_20260526T124309_1100550,,,
TB_AE,500bO00000tASzUQAW,2026-05-26 12:09:15,Closed,4MVATF,1100546,"Manakish Abu Karam Restaurant, Al jimi",Yes,TB_AE_20260526T120908_1100546,sf_menu_onboarding,2026-05-26 12:09:08,3015,File does not look like a restaurant menu,Not a Menu Document,"The file does not look like a restaurant menu.
        Please upload a clear menu (with items and prices) and ensure the content is not a receipt,
        flyer, or unrelated image.",sf_menu_onboarding/TB_AE_20260526T120908_1100546.json,https://console.cloud.google.com/storage/browser/dh-menu-digitalised-images-prod/sf_menu_onboarding/TB_AE_20260526T120908_1100546,,,
TB_AE,500bO00000t9cjJQAQ,2026-05-26 12:05:24,Closed,4MXFK6,1100544,"Manakish Abu Karam Restaurant, Al qouz",Yes,TB_AE_20260526T120520_1100544,salesforce_acquisition,2026-05-26 12:05:20,3015,File does not look like a restaurant menu,Not a Menu Document,"The file does not look like a restaurant menu.
        Please upload a clear menu (with items and prices) and ensure the content is not a receipt,
        flyer, or unrelated image.",salesforce_acquisition/TB_AE_20260526T120520_1100544.json,https://console.cloud.google.com/storage/browser/dh-menu-digitalised-images-prod/salesforce_acquisition/TB_AE_20260526T120520_1100544,,,
TB_AE,500bO00000t8n8pQAA,2026-05-26 07:41:28,Closed,4MVO57,1100533,"The Blacksmith Burger, JVC",No,,,,,No DLQ record found (non-SCCS or pre-MDS failure),Not classified (no DLQ),,,,,,
TB_AE,500bO00000t8RmbQAE,2026-05-26 05:43:46,Closed,4MFX7K,1100531,"CHIBOWL RESTAURANT, (DH Kitchen), Ubora Tower Business Bay",Yes,TB_AE_20260526T054344_1100531,salesforce_acquisition,2026-05-26 05:43:44,3015,File does not look like a restaurant menu,Not a Menu Document,"The file does not look like a restaurant menu.
        Please upload a clear menu (with items and prices) and ensure the content is not a receipt,
        flyer, or unrelated image.",salesforce_acquisition/TB_AE_20260526T054344_1100531.json,https://console.cloud.google.com/storage/browser/dh-menu-digitalised-images-prod/salesforce_acquisition/TB_AE_20260526T054344_1100531,,,
TB_AE,500bO00000t8SM1QAM,2026-05-26 05:02:23,Closed,HTSXQV,1100530,Fifty Five Tea Cafe,Yes,TB_AE_20260526T050218_1100530,salesforce_acquisition,2026-05-26 05:02:18,3015,File does not look like a restaurant menu,Not a Menu Document,"The file does not look like a restaurant menu.
        Please upload a clear menu (with items and prices) and ensure the content is not a receipt,
        flyer, or unrelated image.",salesforce_acquisition/TB_AE_20260526T050218_1100530.json,https://console.cloud.google.com/storage/browser/dh-menu-digitalised-images-prod/salesforce_acquisition/TB_AE_20260526T050218_1100530,,,
TB_AE,500bO00000t6Pp0QAE,2026-05-25 19:57:29,Closed,4MVO52,1100509,"The Blacksmith Burger, Business Bay",Yes,TB_AE_20260525T195722_1100509,sf_menu_onboarding,2026-05-25 19:57:22,3015,File does not look like a restaurant menu,Not a Menu Document,"The file does not look like a restaurant menu.
        Please upload a clear menu (with items and prices) and ensure the content is not a receipt,
        flyer, or unrelated image.",sf_menu_onboarding/TB_AE_20260525T195722_1100509.json,https://console.cloud.google.com/storage/browser/dh-menu-digitalised-images-prod/sf_menu_onboarding/TB_AE_20260525T195722_1100509,,,
TB_AE,500bO00000t5osaQAA,2026-05-25 14:48:56,Closed,HT0685,1100464,Bebax Coffee,Yes,TB_AE_20260525T144852_1100464,salesforce_acquisition,2026-05-25 14:48:52,3015,File does not look like a restaurant menu,Not a Menu Document,"The file does not look like a restaurant menu.
        Please upload a clear menu (with items and prices) and ensure the content is not a receipt,
        flyer, or unrelated image.",salesforce_acquisition/TB_AE_20260525T144852_1100464.json,https://console.cloud.google.com/storage/browser/dh-menu-digitalised-images-prod/salesforce_acquisition/TB_AE_20260525T144852_1100464,,,
TB_AE,500bO00000t3jyiQAA,2026-05-25 08:36:36,Closed,HTTMNI,1100366,The Kebab HOuse,Yes,TB_AE_20260525T083612_1100366,salesforce_acquisition,2026-05-25 08:36:12,3015,File does not look like a restaurant menu,Not a Menu Document,"The file does not look like a restaurant menu.
        Please upload a clear menu (with items and prices) and ensure the content is not a receipt,
        flyer, or unrelated image.",salesforce_acquisition/TB_AE_20260525T083612_1100366.json,https://console.cloud.google.com/storage/browser/dh-menu-digitalised-images-prod/salesforce_acquisition/TB_AE_20260525T083612_1100366,,,
TB_AE,500bO00000t3cZ2QAI,2026-05-25 07:37:12,Closed,4MVRLX,1100358,"Taco Loco, (DH Kitchen) Downtown",No,,,,,No DLQ record found (non-SCCS or pre-MDS failure),Not classified (no DLQ),,,,,,
TB_AE,500bO00000t46gjQAA,2026-05-25 06:23:41,Closed,HTNI7X,1100349,Roast,Yes,TB_AE_20260525T062336_1100349,sf_menu_onboarding,2026-05-25 06:23:37,3015,File does not look like a restaurant menu,Not a Menu Document,"The file does not look like a restaurant menu.
        Please upload a clear menu (with items and prices) and ensure the content is not a receipt,
        flyer, or unrelated image.",sf_menu_onboarding/TB_AE_20260525T062336_1100349.json,https://console.cloud.google.com/storage/browser/dh-menu-digitalised-images-prod/sf_menu_onboarding/TB_AE_20260525T062336_1100349,,,
TB_BH,500bO00000tY15LQAS,2026-06-01 11:38:30,Closed,HT0YY7,1100768,Garden of little eatery pizza and pasta,Yes,TB_BH_20260601T113833_1100768,salesforce_acquisition,2026-06-01 11:38:34,3017,File not recognised as a menu by the language model,Not a Menu Document,"The file was not recognized as a menu by the language model.
        Please upload a genuine menu image/PDF (not a storefront photo, logo, or non-menu content)
        and try again.",salesforce_acquisition/TB_BH_20260601T113833_1100768.json,https://console.cloud.google.com/storage/browser/dh-menu-digitalised-images-prod/salesforce_acquisition/TB_BH_20260601T113833_1100768,,,
TB_IQ,500bO00000uGhC6QAK,2026-06-09 18:57:33,Closed,HRN278,1101591,"Diety, Al Yarmouk",No,,,,,No DLQ record found (non-SCCS or pre-MDS failure),Not classified (no DLQ),,,,,,
TB_IQ,500bO00000uGiXuQAK,2026-06-09 18:05:09,Closed,HRN2X6,1101576,"Diet Plus, Al Yarmouk",No,,,,,No DLQ record found (non-SCCS or pre-MDS failure),Not classified (no DLQ),,,,,,
TB_IQ,500bO00000uFXjaQAG,2026-06-09 15:32:40,Closed,HTUJEC,1101565,Tanorji,No,,,,,No DLQ record found (non-SCCS or pre-MDS failure),Not classified (no DLQ),,,,,,
TB_IQ,500bO00000u8xQwQAI,2026-06-08 15:59:12,Closed,HT01F6,1101401,Dropzone,Yes,TB_IQ_20260608T155253_1101401,sf_menu_onboarding,2026-06-08 15:52:53,99,Internal processing error (NoneType attribute missing),MDS Technical Failure,'NoneType' object has no attribute 'items',sf_menu_onboarding/TB_IQ_20260608T155253_1101401.json,https://console.cloud.google.com/storage/browser/dh-menu-digitalised-images-prod/sf_menu_onboarding/TB_IQ_20260608T155253_1101401,,,
TB_IQ,500bO00000u8XhzQAE,2026-06-08 15:11:53,Closed,HTUJEZ,1101395,Rwandiz Sweets,No,,,,,No DLQ record found (non-SCCS or pre-MDS failure),Not classified (no DLQ),,,,,,
TB_IQ,500bO00000toXE3QAM,2026-06-03 18:21:36,Closed,HAWEBG,1101011,Kahramana Chicken,Yes,TB_IQ_20260603T182047_1101011,sf_menu_onboarding,2026-06-03 18:20:48,3013,Not enough menu items extracted (fewer than 3),Lesser than 3 Items,"Not enough menu items were extracted (fewer than 3).
        Please upload a clearer, higher-quality menu image/PDF
        (well-lit, not blurry, complete menu) and try again.",sf_menu_onboarding/TB_IQ_20260603T182047_1101011.json,https://console.cloud.google.com/storage/browser/dh-menu-digitalised-images-prod/sf_menu_onboarding/TB_IQ_20260603T182047_1101011,,,
TB_IQ,500bO00000tlAAsQAM,2026-06-03 09:01:14,Closed,HT01NV,1100921,NICE GIRL,Yes,TB_IQ_20260603T090108_1100921,sf_menu_onboarding,2026-06-03 09:01:09,3015,File does not look like a restaurant menu,Not a Menu Document,"The file does not look like a restaurant menu.
        Please upload a clear menu (with items and prices) and ensure the content is not a receipt,
        flyer, or unrelated image.",sf_menu_onboarding/TB_IQ_20260603T090108_1100921.json,https://console.cloud.google.com/storage/browser/dh-menu-digitalised-images-prod/sf_menu_onboarding/TB_IQ_20260603T090108_1100921,,,
TB_IQ,500bO00000tiF5SQAU,2026-06-02 17:00:32,Closed,HTULZL,1100905,Mandi Jannat Adan,Yes,TB_IQ_20260602T165942_1100905,sf_menu_onboarding,2026-06-02 16:59:42,3013,Not enough menu items extracted (fewer than 3),Lesser than 3 Items,"Not enough menu items were extracted (fewer than 3).
        Please upload a clearer, higher-quality menu image/PDF
        (well-lit, not blurry, complete menu) and try again.",sf_menu_onboarding/TB_IQ_20260602T165942_1100905.json,https://console.cloud.google.com/storage/browser/dh-menu-digitalised-images-prod/sf_menu_onboarding/TB_IQ_20260602T165942_1100905,,,
TB_IQ,500bO00000t5fMHQAY,2026-05-25 14:54:40,Closed,HT0A9E,1100466,"Kolshi Fresh, Alhabebya",No,,,,,No DLQ record found (non-SCCS or pre-MDS failure),Not classified (no DLQ),,,,,,
TB_JO,500bO00000uS7mKQAS,2026-06-11 17:02:16,Closed,HTUYEF,1101884,زنجبيل و عسل,Yes,TB_JO_20260611T170208_1101884,sf_menu_onboarding,2026-06-11 17:02:09,3017,File not recognised as a menu by the language model,Not a Menu Document,"The file was not recognized as a menu by the language model.
        Please upload a genuine menu image/PDF (not a storefront photo, logo, or non-menu content)
        and try again.",sf_menu_onboarding/TB_JO_20260611T170208_1101884.json,https://console.cloud.google.com/storage/browser/dh-menu-digitalised-images-prod/sf_menu_onboarding/TB_JO_20260611T170208_1101884,,,
TB_JO,500bO00000uAEflQAG,2026-06-08 21:00:56,Closed,HTUY61,1101435,جريل و شاورما,Yes,TB_JO_20260608T205939_1101435,sf_menu_onboarding,2026-06-08 20:59:39,3017,File not recognised as a menu by the language model,Not a Menu Document,"The file was not recognized as a menu by the language model.
        Please upload a genuine menu image/PDF (not a storefront photo, logo, or non-menu content)
        and try again.",sf_menu_onboarding/TB_JO_20260608T205939_1101435.json,https://console.cloud.google.com/storage/browser/dh-menu-digitalised-images-prod/sf_menu_onboarding/TB_JO_20260608T205939_1101435,,,
TB_JO,500bO00000uA80sQAC,2026-06-08 20:11:46,Closed,HTUY6T,1101427,Naruto Sushi,Yes,TB_JO_20260608T201138_1101427,sf_menu_onboarding,2026-06-08 20:11:38,3017,File not recognised as a menu by the language model,Not a Menu Document,"The file was not recognized as a menu by the language model.
        Please upload a genuine menu image/PDF (not a storefront photo, logo, or non-menu content)
        and try again.",sf_menu_onboarding/TB_JO_20260608T201138_1101427.json,https://console.cloud.google.com/storage/browser/dh-menu-digitalised-images-prod/sf_menu_onboarding/TB_JO_20260608T201138_1101427,,,
TB_JO,500bO00000u9dZlQAI,2026-06-08 17:27:28,Closed,HTUQHN,1101411,Uncle Osaka,Yes,TB_JO_20260608T172720_1101411,sf_menu_onboarding,2026-06-08 17:27:20,3017,File not recognised as a menu by the language model,Not a Menu Document,"The file was not recognized as a menu by the language model.
        Please upload a genuine menu image/PDF (not a storefront photo, logo, or non-menu content)
        and try again.",sf_menu_onboarding/TB_JO_20260608T172720_1101411.json,https://console.cloud.google.com/storage/browser/dh-menu-digitalised-images-prod/sf_menu_onboarding/TB_JO_20260608T172720_1101411,,,
TB_JO,500bO00000u1n06QAA,2026-06-06 14:30:42,Closed,HTUT7C,1101181,اوزاي,Yes,TB_JO_20260606T143033_1101181,sf_menu_onboarding,2026-06-06 14:30:33,3017,File not recognised as a menu by the language model,Not a Menu Document,"The file was not recognized as a menu by the language model.
        Please upload a genuine menu image/PDF (not a storefront photo, logo, or non-menu content)
        and try again.",sf_menu_onboarding/TB_JO_20260606T143033_1101181.json,https://console.cloud.google.com/storage/browser/dh-menu-digitalised-images-prod/sf_menu_onboarding/TB_JO_20260606T143033_1101181,,,
TB_JO,500bO00000tywvvQAA,2026-06-05 19:08:02,Closed,HTUTMM,1101174,سنويشه,Yes,TB_JO_20260605T190754_1101174,sf_menu_onboarding,2026-06-05 19:07:54,3017,File not recognised as a menu by the language model,Not a Menu Document,"The file was not recognized as a menu by the language model.
        Please upload a genuine menu image/PDF (not a storefront photo, logo, or non-menu content)
        and try again.",sf_menu_onboarding/TB_JO_20260605T190754_1101174.json,https://console.cloud.google.com/storage/browser/dh-menu-digitalised-images-prod/sf_menu_onboarding/TB_JO_20260605T190754_1101174,,,
TB_JO,500bO00000ttpjoQAA,2026-06-04 15:56:48,Closed,4M0JX8,1101123,"Good Time, (DH Kitchen) Amman",No,,,,,No DLQ record found (non-SCCS or pre-MDS failure),Not classified (no DLQ),,,,,,
TB_JO,500bO00000tsKF7QAM,2026-06-04 12:27:59,Closed,4M0JX3,1101088,Ashab Al Saadeh (DH Kitchen) Amman,No,,,,,No DLQ record found (non-SCCS or pre-MDS failure),Not classified (no DLQ),,,,,,
TB_JO,500bO00000trjFVQAY,2026-06-04 09:53:06,Closed,HTUWNW,1101075,باب المندب,Yes,TB_JO_20260604T095301_1101075,sf_menu_onboarding,2026-06-04 09:53:01,3015,File does not look like a restaurant menu,Not a Menu Document,"The file does not look like a restaurant menu.
        Please upload a clear menu (with items and prices) and ensure the content is not a receipt,
        flyer, or unrelated image.",sf_menu_onboarding/TB_JO_20260604T095301_1101075.json,https://console.cloud.google.com/storage/browser/dh-menu-digitalised-images-prod/sf_menu_onboarding/TB_JO_20260604T095301_1101075,,,
TB_JO,500bO00000tr6AyQAI,2026-06-04 07:20:30,Closed,4MXJU5,1101050,Aowf Chocolat Sweets  (DH Kitchen) Amman,No,,,,,No DLQ record found (non-SCCS or pre-MDS failure),Not classified (no DLQ),,,,,,
TB_JO,500bO00000toxBhQAI,2026-06-03 20:48:51,Closed,HTUW7H,1101015,DAWG & CO,Yes,TB_JO_20260603T204845_1101015,sf_menu_onboarding,2026-06-03 20:48:45,3015,File does not look like a restaurant menu,Not a Menu Document,"The file does not look like a restaurant menu.
        Please upload a clear menu (with items and prices) and ensure the content is not a receipt,
        flyer, or unrelated image.",sf_menu_onboarding/TB_JO_20260603T204845_1101015.json,https://console.cloud.google.com/storage/browser/dh-menu-digitalised-images-prod/sf_menu_onboarding/TB_JO_20260603T204845_1101015,,,
TB_JO,500bO00000tor9VQAQ,2026-06-03 20:31:17,Closed,4MVEMZ,1101014,"Fahem & Saj, (DH Kitchen) Amman",No,,,,,No DLQ record found (non-SCCS or pre-MDS failure),Not classified (no DLQ),,,,,,
TB_JO,500bO00000toWZhQAM,2026-06-03 17:56:33,Closed,HTUWXF,1101010,مطعم مذاق الزرب,Yes,TB_JO_20260603T175629_1101010,sf_menu_onboarding,2026-06-03 17:56:29,3015,File does not look like a restaurant menu,Not a Menu Document,"The file does not look like a restaurant menu.
        Please upload a clear menu (with items and prices) and ensure the content is not a receipt,
        flyer, or unrelated image.",sf_menu_onboarding/TB_JO_20260603T175629_1101010.json,https://console.cloud.google.com/storage/browser/dh-menu-digitalised-images-prod/sf_menu_onboarding/TB_JO_20260603T175629_1101010,,,
TB_JO,500bO00000tgcScQAI,2026-06-02 11:08:13,Closed,HTUH6P,1100853,Bab AL YAMAN,Yes,TB_JO_20260602T110800_1100853,sf_menu_onboarding,2026-06-02 11:08:00,3015,File does not look like a restaurant menu,Not a Menu Document,"The file does not look like a restaurant menu.
        Please upload a clear menu (with items and prices) and ensure the content is not a receipt,
        flyer, or unrelated image.",sf_menu_onboarding/TB_JO_20260602T110800_1100853.json,https://console.cloud.google.com/storage/browser/dh-menu-digitalised-images-prod/sf_menu_onboarding/TB_JO_20260602T110800_1100853,,,
TB_JO,500bO00000tfdnRQAQ,2026-06-02 09:43:08,Closed,HTU81E,1100845,كلاج جبنة وجوز,No,,,,,No DLQ record found (non-SCCS or pre-MDS failure),Not classified (no DLQ),,,,,,
TB_JO,500bO00000tYwhsQAC,2026-06-01 13:58:41,Closed,HTU8QW,1100794,Jav,Yes,TB_JO_20260601T135834_1100794,sf_menu_onboarding,2026-06-01 13:58:34,3015,File does not look like a restaurant menu,Not a Menu Document,"The file does not look like a restaurant menu.
        Please upload a clear menu (with items and prices) and ensure the content is not a receipt,
        flyer, or unrelated image.",sf_menu_onboarding/TB_JO_20260601T135834_1100794.json,https://console.cloud.google.com/storage/browser/dh-menu-digitalised-images-prod/sf_menu_onboarding/TB_JO_20260601T135834_1100794,,,
TB_JO,500bO00000tYRMMQA4,2026-06-01 12:01:23,Closed,4MJ6XZ,1100774,Roosters5 (DH Kitchen ) Amman,No,,,,,No DLQ record found (non-SCCS or pre-MDS failure),Not classified (no DLQ),,,,,,
TB_JO,500bO00000tUzBJQA0,2026-05-31 11:02:52,Closed,HT01SM,1100704,Astrolabe,Yes,TB_JO_20260531T110244_1100704,sf_menu_onboarding,2026-05-31 11:02:45,3015,File does not look like a restaurant menu,Not a Menu Document,"The file does not look like a restaurant menu.
        Please upload a clear menu (with items and prices) and ensure the content is not a receipt,
        flyer, or unrelated image.",sf_menu_onboarding/TB_JO_20260531T110244_1100704.json,https://console.cloud.google.com/storage/browser/dh-menu-digitalised-images-prod/sf_menu_onboarding/TB_JO_20260531T110244_1100704,,,
TB_JO,500bO00000tTgIsQAK,2026-05-30 16:29:33,Closed,HT0H1T,1100675,Planet Donuts,Yes,TB_JO_20260530T162925_1100675,sf_menu_onboarding,2026-05-30 16:29:25,3015,File does not look like a restaurant menu,Not a Menu Document,"The file does not look like a restaurant menu.
        Please upload a clear menu (with items and prices) and ensure the content is not a receipt,
        flyer, or unrelated image.",sf_menu_onboarding/TB_JO_20260530T162925_1100675.json,https://console.cloud.google.com/storage/browser/dh-menu-digitalised-images-prod/sf_menu_onboarding/TB_JO_20260530T162925_1100675,,,
TB_JO,500bO00000t6QmZQAU,2026-05-25 18:46:29,Closed,HT0B94,1100501,one for all,Yes,TB_JO_20260525T184625_1100501,sf_menu_onboarding,2026-05-25 18:46:25,3015,File does not look like a restaurant menu,Not a Menu Document,"The file does not look like a restaurant menu.
        Please upload a clear menu (with items and prices) and ensure the content is not a receipt,
        flyer, or unrelated image.",sf_menu_onboarding/TB_JO_20260525T184625_1100501.json,https://console.cloud.google.com/storage/browser/dh-menu-digitalised-images-prod/sf_menu_onboarding/TB_JO_20260525T184625_1100501,,,
TB_JO,500bO00000t6JRjQAM,2026-05-25 18:01:44,Closed,HT0LV7,1100496,Eatery By Juice Bang Bang,Yes,TB_JO_20260525T180139_1100496,sf_menu_onboarding,2026-05-25 18:01:39,3015,File does not look like a restaurant menu,Not a Menu Document,"The file does not look like a restaurant menu.
        Please upload a clear menu (with items and prices) and ensure the content is not a receipt,
        flyer, or unrelated image.",sf_menu_onboarding/TB_JO_20260525T180139_1100496.json,https://console.cloud.google.com/storage/browser/dh-menu-digitalised-images-prod/sf_menu_onboarding/TB_JO_20260525T180139_1100496,,,
TB_JO,500bO00000t6FUbQAM,2026-05-25 18:00:15,Closed,HT0L7R,1100495,Juice Bang Bang,Yes,TB_JO_20260525T180007_1100495,sf_menu_onboarding,2026-05-25 18:00:07,3015,File does not look like a restaurant menu,Not a Menu Document,"The file does not look like a restaurant menu.
        Please upload a clear menu (with items and prices) and ensure the content is not a receipt,
        flyer, or unrelated image.",sf_menu_onboarding/TB_JO_20260525T180007_1100495.json,https://console.cloud.google.com/storage/browser/dh-menu-digitalised-images-prod/sf_menu_onboarding/TB_JO_20260525T180007_1100495,,,
TB_KW,500bO00000uPNu9QAG,2026-06-11 08:55:43,Closed,4MOW36,1101766,Positive (DH Kitchen) Jahra,No,,,,,No DLQ record found (non-SCCS or pre-MDS failure),Not classified (no DLQ),,,,,,
TB_KW,500bO00000trppWQAQ,2026-06-04 08:40:17,Closed,4MXWD1,1101061,Happy Crescent (DH Kitchen ) Hawally,No,,,,,No DLQ record found (non-SCCS or pre-MDS failure),Not classified (no DLQ),,,,,,
TB_KW,500bO00000t4jDZQAY,2026-05-25 10:35:44,Closed,4MXSEQ,1100392,"El Estez, (DH Kitchen) Jahra",No,,,,,No DLQ record found (non-SCCS or pre-MDS failure),Not classified (no DLQ),,,,,,
TB_OM,500bO00000uEopbQAC,2026-06-09 12:05:22,Closed,HTU9CF,1101497,Chicken Delight,Yes,TB_OM_20260609T120513_1101497,sf_menu_onboarding,2026-06-09 12:05:13,3017,File not recognised as a menu by the language model,Not a Menu Document,"The file was not recognized as a menu by the language model.
        Please upload a genuine menu image/PDF (not a storefront photo, logo, or non-menu content)
        and try again.",sf_menu_onboarding/TB_OM_20260609T120513_1101497.json,https://console.cloud.google.com/storage/browser/dh-menu-digitalised-images-prod/sf_menu_onboarding/TB_OM_20260609T120513_1101497,,,
TB_OM,500bO00000toPOYQA2,2026-06-03 17:39:15,Closed,HT6V3Z,1101008,جراتسي,Yes,TB_OM_20260603T173906_1101008,sf_menu_onboarding,2026-06-03 17:39:06,3015,File does not look like a restaurant menu,Not a Menu Document,"The file does not look like a restaurant menu.
        Please upload a clear menu (with items and prices) and ensure the content is not a receipt,
        flyer, or unrelated image.",sf_menu_onboarding/TB_OM_20260603T173906_1101008.json,https://console.cloud.google.com/storage/browser/dh-menu-digitalised-images-prod/sf_menu_onboarding/TB_OM_20260603T173906_1101008,,,
TB_OM,500bO00000tX9jBQAS,2026-06-01 07:30:58,Closed,HT01S5,1100745,A Pizza,Yes,TB_OM_20260601T073050_1100745,sf_menu_onboarding,2026-06-01 07:30:50,3015,File does not look like a restaurant menu,Not a Menu Document,"The file does not look like a restaurant menu.
        Please upload a clear menu (with items and prices) and ensure the content is not a receipt,
        flyer, or unrelated image.",sf_menu_onboarding/TB_OM_20260601T073050_1100745.json,https://console.cloud.google.com/storage/browser/dh-menu-digitalised-images-prod/sf_menu_onboarding/TB_OM_20260601T073050_1100745,,,
TB_OM,500bO00000tVjE6QAK,2026-05-31 19:50:19,Closed,HT0KS6,1100737,SHEIKH AL KUNAFA,Yes,TB_OM_20260531T195005_1100737,sf_menu_onboarding,2026-05-31 19:50:05,3015,File does not look like a restaurant menu,Not a Menu Document,"The file does not look like a restaurant menu.
        Please upload a clear menu (with items and prices) and ensure the content is not a receipt,
        flyer, or unrelated image.",sf_menu_onboarding/TB_OM_20260531T195005_1100737.json,https://console.cloud.google.com/storage/browser/dh-menu-digitalised-images-prod/sf_menu_onboarding/TB_OM_20260531T195005_1100737,,,
TB_OM,500bO00000t6m3nQAA,2026-05-26 00:52:24,Closed,HTN1OM,1100528,Farouj Abo Al Abd,No,,,,,No DLQ record found (non-SCCS or pre-MDS failure),Not classified (no DLQ),,,,,,
TB_QA,500bO00000tYhMHQA0,2026-06-01 14:11:10,Closed,HTU81D,1100795,Concept Kitchen Restaurant,Yes,TB_QA_20260601T141103_1100795,sf_menu_onboarding,2026-06-01 14:11:04,3015,File does not look like a restaurant menu,Not a Menu Document,"The file does not look like a restaurant menu.
        Please upload a clear menu (with items and prices) and ensure the content is not a receipt,
        flyer, or unrelated image.",sf_menu_onboarding/TB_QA_20260601T141103_1100795.json,https://console.cloud.google.com/storage/browser/dh-menu-digitalised-images-prod/sf_menu_onboarding/TB_QA_20260601T141103_1100795,,,
TB_QA,500bO00000tVINeQAO,2026-05-31 17:55:19,Closed,HT01IQ,1100735,Furn Bake,Yes,TB_QA_20260531T175437_1100735,sf_menu_onboarding,2026-05-31 17:54:37,3013,Not enough menu items extracted (fewer than 3),Lesser than 3 Items,"Not enough menu items were extracted (fewer than 3).
        Please upload a clearer, higher-quality menu image/PDF
        (well-lit, not blurry, complete menu) and try again.",sf_menu_onboarding/TB_QA_20260531T175437_1100735.json,https://console.cloud.google.com/storage/browser/dh-menu-digitalised-images-prod/sf_menu_onboarding/TB_QA_20260531T175437_1100735,,,
TB_QA,500bO00000tFhQ0QAK,2026-05-27 14:50:44,Closed,HT0F0N,1100567,BND,Yes,TB_QA_20260527T145037_1100567,sf_menu_onboarding,2026-05-27 14:50:37,99,Internal processing error (NoneType attribute missing),MDS Technical Failure,Missing optional dependency 'xlrd'. Install xlrd >= 2.0.1 for xls Excel support Use pip or conda to install xlrd.,sf_menu_onboarding/TB_QA_20260527T145037_1100567.json,https://console.cloud.google.com/storage/browser/dh-menu-digitalised-images-prod/sf_menu_onboarding/TB_QA_20260527T145037_1100567,,,
YS_TR,500bO00000uTtnGQAS,2026-06-12 06:48:21,New,HTUA46,TUR-qtv6,Sevil'c Patisserie & Cafe,No,,,,,No DLQ record found (non-SCCS or pre-MDS failure),Not classified (no DLQ),,,,,,
YS_TR,500bO00000uTq2zQAC,2026-06-12 06:04:56,New,HTUNI3,TUR-wc78,Bizim Ekmekçi,No,,,,,No DLQ record found (non-SCCS or pre-MDS failure),Not classified (no DLQ),,,,,,
YS_TR,500bO00000uTXRlQAO,2026-06-12 05:28:14,Final Check,HTU1XK,TUR-uyz3,Hörtüğün Yeri,No,,,,,No DLQ record found (non-SCCS or pre-MDS failure),Not classified (no DLQ),,,,,,
YS_TR,500bO00000uTH0YQAW,2026-06-12 05:22:21,New,HTUW20,TUR-muuh,Fit Bowl By Radika,No,,,,,No DLQ record found (non-SCCS or pre-MDS failure),Not classified (no DLQ),,,,,,
YS_TR,500bO00000uRXKcQAO,2026-06-11 13:49:58,New,HTY3PM,TUR-vf7l,Bonjour Cafe & Restaurant,No,,,,,No DLQ record found (non-SCCS or pre-MDS failure),Not classified (no DLQ),,,,,,
YS_TR,500bO00000uRS4nQAG,2026-06-11 13:19:27,Menu Typing,4M180E,TUR-gmql,Emsal Baklava,No,,,,,No DLQ record found (non-SCCS or pre-MDS failure),Not classified (no DLQ),,,,,,
YS_TR,500bO00000uQb70QAC,2026-06-11 11:47:37,New,HTT3CX,TUR-f9dp,Yıldrımoğlu Fırın & Cafe,No,,,,,No DLQ record found (non-SCCS or pre-MDS failure),Not classified (no DLQ),,,,,,
YS_TR,500bO00000uQx93QAC,2026-06-11 11:45:13,New,HTY3OM,TUR-kja0,Arca Burger,No,,,,,No DLQ record found (non-SCCS or pre-MDS failure),Not classified (no DLQ),,,,,,
YS_TR,500bO00000uQeHmQAK,2026-06-11 11:35:48,New,HTYBAD,TUR-fsur,Biberzade Çiğ Köfte & Waffle,No,,,,,No DLQ record found (non-SCCS or pre-MDS failure),Not classified (no DLQ),,,,,,
YS_TR,500bO00000uQnCwQAK,2026-06-11 11:19:35,Final Check,HTUNPD,TUR-iica,Aselle,No,,,,,No DLQ record found (non-SCCS or pre-MDS failure),Not classified (no DLQ),,,,,,
YS_TR,500bO00000uQIM6QAO,2026-06-11 10:53:16,New,HTUWE6,TUR-k65n,Salcılar Kebap & Lahmacun,No,,,,,No DLQ record found (non-SCCS or pre-MDS failure),Not classified (no DLQ),,,,,,
YS_TR,500bO00000uPiPDQA0,2026-06-11 10:44:22,Closed,HTUHKN,TUR-ar2e,8 One Burger,No,,,,,No DLQ record found (non-SCCS or pre-MDS failure),Not classified (no DLQ),,,,,,
YS_TR,500bO00000uQVb0QAG,2026-06-11 10:31:01,New,4MQQJK,TUR-envi,Tost X Fast Food,No,,,,,No DLQ record found (non-SCCS or pre-MDS failure),Not classified (no DLQ),,,,,,
YS_TR,500bO00000uQ6SvQAK,2026-06-11 09:21:21,New,HTUP6S,TUR-vrqz,Şef Köfte,No,,,,,No DLQ record found (non-SCCS or pre-MDS failure),Not classified (no DLQ),,,,,,
YS_TR,500bO00000uPhftQAC,2026-06-11 08:50:15,New,HTU9TU,TUR-rk9s,Gurme Smash,No,,,,,No DLQ record found (non-SCCS or pre-MDS failure),Not classified (no DLQ),,,,,,
YS_TR,500bO00000uPEsWQAW,2026-06-11 08:49:52,New,HTUTC8,TUR-zo8q,Nairobi Coffee,No,,,,,No DLQ record found (non-SCCS or pre-MDS failure),Not classified (no DLQ),,,,,,
YS_TR,500bO00000uOxegQAC,2026-06-11 07:37:23,New,HT0L8Y,TUR-k1ar,Pi̇lav Hükümdarlığı,No,,,,,No DLQ record found (non-SCCS or pre-MDS failure),Not classified (no DLQ),,,,,,
YS_TR,500bO00000uPC5mQAG,2026-06-11 06:46:28,New,HTPG9X,TUR-zij3,Çiços Alaçatı,No,,,,,No DLQ record found (non-SCCS or pre-MDS failure),Not classified (no DLQ),,,,,,
YS_TR,500bO00000uP9W5QAK,2026-06-11 06:30:46,Final Check,HTUWYG,TUR-mb64,Park Aspava,No,,,,,No DLQ record found (non-SCCS or pre-MDS failure),Not classified (no DLQ),,,,,,
YS_TR,500bO00000uOmWPQA0,2026-06-11 06:29:32,Closed,HTNIJC,TUR-jgpe,Meşhur Adıyaman Çiğ Köftecisi Ömer Aybak,No,,,,,No DLQ record found (non-SCCS or pre-MDS failure),Not classified (no DLQ),,,,,,
YS_TR,500bO00000uOvkrQAC,2026-06-11 05:54:32,New,HTYBSK,TUR-divo,Mihra Waffle,No,,,,,No DLQ record found (non-SCCS or pre-MDS failure),Not classified (no DLQ),,,,,,
YS_TR,500bO00000uOrvlQAC,2026-06-11 05:46:16,Final Check,HTUPZX,TUR-d9n1,Aslan Kuzu Kokoreç,No,,,,,No DLQ record found (non-SCCS or pre-MDS failure),Not classified (no DLQ),,,,,,
YS_TR,500bO00000uOptxQAC,2026-06-11 05:42:51,Final Check,HTPR3S,TUR-gomv,Memocan,No,,,,,No DLQ record found (non-SCCS or pre-MDS failure),Not classified (no DLQ),,,,,,
YS_TR,500bO00000uK7y3QAC,2026-06-10 14:21:06,Closed,4M1EUH,TUR-dwfn,Glorf Sandwich,No,,,,,No DLQ record found (non-SCCS or pre-MDS failure),Not classified (no DLQ),,,,,,
YS_TR,500bO00000uKxYNQA0,2026-06-10 13:32:53,Closed,HT0GAM,TUR-aah4,Hakan Usta Baklavaları,No,,,,,No DLQ record found (non-SCCS or pre-MDS failure),Not classified (no DLQ),,,,,,
YS_TR,500bO00000uL2eUQAS,2026-06-10 13:10:21,Closed,HTYBGI,TUR-ok4o,Burrito Station,No,,,,,No DLQ record found (non-SCCS or pre-MDS failure),Not classified (no DLQ),,,,,,
YS_TR,500bO00000uKNIAQA4,2026-06-10 12:18:12,Closed,HT0LBA,TUR-uha6,Bonus Kokoreç,No,,,,,No DLQ record found (non-SCCS or pre-MDS failure),Not classified (no DLQ),,,,,,
YS_TR,500bO00000uKiMRQA0,2026-06-10 12:18:00,Final Check,HTU031,TUR-sync,En3 Sandviç,No,,,,,No DLQ record found (non-SCCS or pre-MDS failure),Not classified (no DLQ),,,,,,
YS_TR,500bO00000uKdrTQAS,2026-06-10 12:14:00,Closed,HT4B50,TUR-bh8q,Tostçu İbo,No,,,,,No DLQ record found (non-SCCS or pre-MDS failure),Not classified (no DLQ),,,,,,
YS_TR,500bO00000uK6FfQAK,2026-06-10 12:10:52,Closed,HTSHR6,TUR-tayo,Sevgi Annenin Yeri,No,,,,,No DLQ record found (non-SCCS or pre-MDS failure),Not classified (no DLQ),,,,,,
YS_TR,500bO00000uKGV4QAO,2026-06-10 10:58:42,Closed,HTUQR1,TUR-wdap,Craft Ki̇tchen,No,,,,,No DLQ record found (non-SCCS or pre-MDS failure),Not classified (no DLQ),,,,,,
YS_TR,500bO00000uJdjpQAC,2026-06-10 10:37:00,Closed,HT081W,TUR-v53i,Hom Chick & Penne,No,,,,,No DLQ record found (non-SCCS or pre-MDS failure),Not classified (no DLQ),,,,,,
YS_TR,500bO00000uJf0rQAC,2026-06-10 09:35:22,New,HTSXGL,TUR-anbb,Bowl Academy Sweet & Savory,No,,,,,No DLQ record found (non-SCCS or pre-MDS failure),Not classified (no DLQ),,,,,,
YS_TR,500bO00000uJNn6QAG,2026-06-10 09:23:17,Closed,HTUHLN,TUR-a3f6,Hayal Büfe,No,,,,,No DLQ record found (non-SCCS or pre-MDS failure),Not classified (no DLQ),,,,,,
YS_TR,500bO00000uJ6nyQAC,2026-06-10 09:16:36,Closed,HTUUOT,TUR-ouq3,Papatya Tat & Doy Döner & Kebap,No,,,,,No DLQ record found (non-SCCS or pre-MDS failure),Not classified (no DLQ),,,,,,
YS_TR,500bO00000uJ0PCQA0,2026-06-10 08:26:22,Closed,HTUU6S,TUR-hl55,Eymen Döner,No,,,,,No DLQ record found (non-SCCS or pre-MDS failure),Not classified (no DLQ),,,,,,
YS_TR,500bO00000uIoCiQAK,2026-06-10 08:05:49,Please Correct Errors,HTU44P,TUR-iihh,Pakfırın,No,,,,,No DLQ record found (non-SCCS or pre-MDS failure),Not classified (no DLQ),,,,,,
YS_TR,500bO00000uIbnJQAS,2026-06-10 08:03:23,Closed,HT0EBT,TUR-xbf4,Crunchberry Waffle,No,,,,,No DLQ record found (non-SCCS or pre-MDS failure),Not classified (no DLQ),,,,,,
YS_TR,500bO00000uIXi3QAG,2026-06-10 06:58:38,Closed,HTUAY4,TUR-ja9y,272 Waffle & Tatlı Dünyası,No,,,,,No DLQ record found (non-SCCS or pre-MDS failure),Not classified (no DLQ),,,,,,
YS_TR,500bO00000uIRUbQAO,2026-06-10 06:39:37,Closed,HTU92C,TUR-pm8t,Yalı Börek,No,,,,,No DLQ record found (non-SCCS or pre-MDS failure),Not classified (no DLQ),,,,,,
YS_TR,500bO00000uIpF8QAK,2026-06-10 06:33:50,New,HTS0IS,TUR-koth,Bia Chocolate,No,,,,,No DLQ record found (non-SCCS or pre-MDS failure),Not classified (no DLQ),,,,,,
YS_TR,500bO00000uId2hQAC,2026-06-10 06:31:43,Closed,4M13EK,TUR-clh2,İlke Kebap Dünyası,No,,,,,No DLQ record found (non-SCCS or pre-MDS failure),Not classified (no DLQ),,,,,,
YS_TR,500bO00000uIocPQAS,2026-06-10 06:31:07,Menu Typing,HTUX93,TUR-wbc1,Al Dente Makarna,No,,,,,No DLQ record found (non-SCCS or pre-MDS failure),Not classified (no DLQ),,,,,,
YS_TR,500bO00000uIkqYQAS,2026-06-10 06:23:54,Closed,HTUQLR,TUR-o9h5,Doğal Light,No,,,,,No DLQ record found (non-SCCS or pre-MDS failure),Not classified (no DLQ),,,,,,
YS_TR,500bO00000uId5tQAC,2026-06-10 06:05:28,Closed,HTUU7N,TUR-kivi,Himpasto Pizza,No,,,,,No DLQ record found (non-SCCS or pre-MDS failure),Not classified (no DLQ),,,,,,
YS_TR,500bO00000uIPMHQA4,2026-06-10 05:38:37,Closed,HTUWD8,TUR-gemp,Polat Pide & Lahmacun,No,,,,,No DLQ record found (non-SCCS or pre-MDS failure),Not classified (no DLQ),,,,,,
YS_TR,500bO00000uIJK5QAO,2026-06-10 05:31:21,Closed,HT0YF1,TUR-ltvz,Tatlora Patisserie,No,,,,,No DLQ record found (non-SCCS or pre-MDS failure),Not classified (no DLQ),,,,,,
YS_TR,500bO00000uFAdDQAW,2026-06-09 13:05:56,Closed,4MQ1M4,TUR-etg2,Chickendeep,No,,,,,No DLQ record found (non-SCCS or pre-MDS failure),Not classified (no DLQ),,,,,,
YS_TR,500bO00000uFQmjQAG,2026-06-09 13:05:56,Closed,4MQNWY,TUR-pz7o,Pizzaido,No,,,,,No DLQ record found (non-SCCS or pre-MDS failure),Not classified (no DLQ),,,,,,
YS_TR,500bO00000uFLAMQA4,2026-06-09 12:46:21,Closed,HT0BZD,TUR-xbkl,Selamet,No,,,,,No DLQ record found (non-SCCS or pre-MDS failure),Not classified (no DLQ),,,,,,
YS_TR,500bO00000uE5B4QAK,2026-06-09 12:30:28,Closed,HTUWXS,TUR-oama,Koçarlı Pidecisi,No,,,,,No DLQ record found (non-SCCS or pre-MDS failure),Not classified (no DLQ),,,,,,
YS_TR,500bO00000uDypNQAS,2026-06-09 12:26:49,Closed,HT065T,TUR-ih7k,Gece Dürümcüsü,No,,,,,No DLQ record found (non-SCCS or pre-MDS failure),Not classified (no DLQ),,,,,,
YS_TR,500bO00000uEme4QAC,2026-06-09 11:54:07,Closed,4MQ156,TUR-jgxe,Bowl Company,No,,,,,No DLQ record found (non-SCCS or pre-MDS failure),Not classified (no DLQ),,,,,,
YS_TR,500bO00000uDwCSQA0,2026-06-09 11:46:21,Closed,4MQ180,TUR-g72z,Tavuk Station,No,,,,,No DLQ record found (non-SCCS or pre-MDS failure),Not classified (no DLQ),,,,,,
YS_TR,500bO00000uEpglQAC,2026-06-09 11:44:31,Closed,4MQ108,TUR-ts8p,Tadında Mantı,No,,,,,No DLQ record found (non-SCCS or pre-MDS failure),Not classified (no DLQ),,,,,,
YS_TR,500bO00000uDbMdQAK,2026-06-09 11:43:09,Closed,4MQ1OO,TUR-ckiy,Ahbap Sandviç,No,,,,,No DLQ record found (non-SCCS or pre-MDS failure),Not classified (no DLQ),,,,,,
YS_TR,500bO00000uELpDQAW,2026-06-09 11:00:06,Closed,HTNDBG,TUR-oc6k,Çıtır Kokoreç,No,,,,,No DLQ record found (non-SCCS or pre-MDS failure),Not classified (no DLQ),,,,,,
YS_TR,500bO00000uDPjcQAG,2026-06-09 10:56:55,Closed,HTUPVD,TUR-r8mv,Park Menderes,No,,,,,No DLQ record found (non-SCCS or pre-MDS failure),Not classified (no DLQ),,,,,,
YS_TR,500bO00000uDuyhQAC,2026-06-09 09:23:16,Closed,HTPIRP,TUR-vz49,Meat Project,No,,,,,No DLQ record found (non-SCCS or pre-MDS failure),Not classified (no DLQ),,,,,,
YS_TR,500bO00000uDr4gQAC,2026-06-09 09:18:50,Closed,HTUSU2,TUR-e4h7,Bomond Restaurant,No,,,,,No DLQ record found (non-SCCS or pre-MDS failure),Not classified (no DLQ),,,,,,
YS_TR,500bO00000uDv3TQAS,2026-06-09 08:30:15,Closed,HTSSM8,TUR-peb9,Soul Of Kitchen,No,,,,,No DLQ record found (non-SCCS or pre-MDS failure),Not classified (no DLQ),,,,,,
YS_TR,500bO00000uDEcuQAG,2026-06-09 08:09:38,Closed,HTUYCZ,TUR-wixk,Dillioğlu,No,,,,,No DLQ record found (non-SCCS or pre-MDS failure),Not classified (no DLQ),,,,,,
YS_TR,500bO00000uDphCQAS,2026-06-09 08:07:45,Closed,HT0YAM,TUR-fp11,Chicken X,No,,,,,No DLQ record found (non-SCCS or pre-MDS failure),Not classified (no DLQ),,,,,,
YS_TR,500bO00000uD5zMQAS,2026-06-09 07:47:23,Closed,HT4LOQ,TUR-kveh,Mis Sarıyer Börek & Cafe,No,,,,,No DLQ record found (non-SCCS or pre-MDS failure),Not classified (no DLQ),,,,,,
YS_TR,500bO00000uD70HQAS,2026-06-09 07:44:05,Closed,HTTAIA,TUR-m80x,Honey,No,,,,,No DLQ record found (non-SCCS or pre-MDS failure),Not classified (no DLQ),,,,,,
YS_TR,500bO00000uCu7xQAC,2026-06-09 07:28:47,Closed,HTS4A3,TUR-reml,Ceyli̇na Şırdan,No,,,,,No DLQ record found (non-SCCS or pre-MDS failure),Not classified (no DLQ),,,,,,
YS_TR,500bO00000uCpmVQAS,2026-06-09 07:23:34,Closed,HTKNF3,TUR-d8cn,Denizcan Balık & Meze,No,,,,,No DLQ record found (non-SCCS or pre-MDS failure),Not classified (no DLQ),,,,,,
YS_TR,500bO00000uCznXQAS,2026-06-09 06:55:49,On Hold,HTA1SH,TUR-nafq,No 303 Coffee,No,,,,,No DLQ record found (non-SCCS or pre-MDS failure),Not classified (no DLQ),,,,,,
YS_TR,500bO00000uCpZdQAK,2026-06-09 06:53:52,Closed,HTP5HR,TUR-wt6n,Express Tost,No,,,,,No DLQ record found (non-SCCS or pre-MDS failure),Not classified (no DLQ),,,,,,
YS_TR,500bO00000uCrOYQA0,2026-06-09 06:48:59,Closed,HTRMQZ,TUR-g693,Okay Fast Food,No,,,,,No DLQ record found (non-SCCS or pre-MDS failure),Not classified (no DLQ),,,,,,
YS_TR,500bO00000uCz4KQAS,2026-06-09 06:47:13,Closed,HTSDMV,TUR-zyga,Roka Tantuni,No,,,,,No DLQ record found (non-SCCS or pre-MDS failure),Not classified (no DLQ),,,,,,
YS_TR,500bO00000uCje1QAC,2026-06-09 06:42:09,Closed,HTULT1,TUR-v864,Stone Burger,No,,,,,No DLQ record found (non-SCCS or pre-MDS failure),Not classified (no DLQ),,,,,,
YS_TR,500bO00000uCyJbQAK,2026-06-09 06:29:14,Closed,HT0HMI,TUR-cyyh,Bowl Lab,No,,,,,No DLQ record found (non-SCCS or pre-MDS failure),Not classified (no DLQ),,,,,,
YS_TR,500bO00000uCodXQAS,2026-06-09 06:26:49,Closed,HT013N,TUR-xyy2,Lahmacunzade,No,,,,,No DLQ record found (non-SCCS or pre-MDS failure),Not classified (no DLQ),,,,,,
YS_TR,500bO00000uCyZdQAK,2026-06-09 06:15:36,Closed,HT0LHG,TUR-shjd,Alpedo Dondurma,No,,,,,No DLQ record found (non-SCCS or pre-MDS failure),Not classified (no DLQ),,,,,,
YS_TR,500bO00000uCnPlQAK,2026-06-09 06:12:27,Closed,HT0HUM,TUR-k05o,Grand Kumpir,No,,,,,No DLQ record found (non-SCCS or pre-MDS failure),Not classified (no DLQ),,,,,,
YS_TR,500bO00000uCpRWQA0,2026-06-09 06:03:11,Menu Typing,HTN1FP,TUR-envf,Biberzade Çiğ Köfte & Waffle,No,,,,,No DLQ record found (non-SCCS or pre-MDS failure),Not classified (no DLQ),,,,,,
YS_TR,500bO00000uClfdQAC,2026-06-09 05:46:19,Closed,HT0E1Q,TUR-ojyg,Ziyafet Çiğ Köfte,No,,,,,No DLQ record found (non-SCCS or pre-MDS failure),Not classified (no DLQ),,,,,,
YS_TR,500bO00000uChFRQA0,2026-06-09 05:38:51,Closed,4MQP7P,TUR-j2q9,Lezzet Durağı,No,,,,,No DLQ record found (non-SCCS or pre-MDS failure),Not classified (no DLQ),,,,,,
YS_TR,500bO00000uCTfWQAW,2026-06-09 05:00:21,Closed,4MQXGC,TUR-ygdj,Sisos Döner,No,,,,,No DLQ record found (non-SCCS or pre-MDS failure),Not classified (no DLQ),,,,,,
YS_TR,500bO00000uBtpcQAC,2026-06-09 04:59:51,Closed,4MQ1QE,TUR-mt9o,Şefin Tabağı Cafe Restaurant,No,,,,,No DLQ record found (non-SCCS or pre-MDS failure),Not classified (no DLQ),,,,,,
YS_TR,500bO00000u7oO6QAI,2026-06-08 12:52:21,Closed,HTSN2O,TUR-ckwo,Mert Çiğ Köfte,No,,,,,No DLQ record found (non-SCCS or pre-MDS failure),Not classified (no DLQ),,,,,,
YS_TR,500bO00000u8EQZQA2,2026-06-08 12:45:12,Closed,HTR2BT,TUR-wkif,Star Burger House,No,,,,,No DLQ record found (non-SCCS or pre-MDS failure),Not classified (no DLQ),,,,,,
YS_TR,500bO00000u8CtOQAU,2026-06-08 12:38:18,Closed,HT0QNA,TUR-gtv1,Tavukçu Yusuf,No,,,,,No DLQ record found (non-SCCS or pre-MDS failure),Not classified (no DLQ),,,,,,
YS_TR,500bO00000u8DMPQA2,2026-06-08 12:26:44,Closed,4MQ1O5,TUR-nrxa,7 Şef Meze,No,,,,,No DLQ record found (non-SCCS or pre-MDS failure),Not classified (no DLQ),,,,,,
YS_TR,500bO00000u7xCtQAI,2026-06-08 12:22:40,Closed,HTRTOO,TUR-dtrh,Tenders Çıtır Tavuk,No,,,,,No DLQ record found (non-SCCS or pre-MDS failure),Not classified (no DLQ),,,,,,
YS_TR,500bO00000u7GXgQAM,2026-06-08 12:08:02,Closed,HTUP5Y,TUR-nhrt,Noa Sandwi̇ch & Coffee,No,,,,,No DLQ record found (non-SCCS or pre-MDS failure),Not classified (no DLQ),,,,,,
YS_TR,500bO00000u7pLjQAI,2026-06-08 11:35:50,Closed,HTTML9,TUR-qf9m,Kızgın Tavuk,No,,,,,No DLQ record found (non-SCCS or pre-MDS failure),Not classified (no DLQ),,,,,,
YS_TR,500bO00000u7Z5hQAE,2026-06-08 11:28:08,Closed,HTUNK3,TUR-pzvd,Tatlıcı Emin,No,,,,,No DLQ record found (non-SCCS or pre-MDS failure),Not classified (no DLQ),,,,,,
YS_TR,500bO00000u7OIMQA2,2026-06-08 11:25:06,Closed,HT01QM,TUR-cwap,Ankara Tatlıcısı,No,,,,,No DLQ record found (non-SCCS or pre-MDS failure),Not classified (no DLQ),,,,,,
YS_TR,500bO00000u7Tl4QAE,2026-06-08 11:14:18,Closed,HPMPDK,TUR-nigb,Meşhur Midyeci,No,,,,,No DLQ record found (non-SCCS or pre-MDS failure),Not classified (no DLQ),,,,,,
YS_TR,500bO00000u7YxfQAE,2026-06-08 11:07:07,Closed,4MX051,TUR-g5pr,Roj Pizza,No,,,,,No DLQ record found (non-SCCS or pre-MDS failure),Not classified (no DLQ),,,,,,
YS_TR,500bO00000u6FPAQA2,2026-06-08 07:35:43,Closed,HTNKSW,TUR-xmhh,Karagöz Baklavaları,No,,,,,No DLQ record found (non-SCCS or pre-MDS failure),Not classified (no DLQ),,,,,,
YS_TR,500bO00000u5wSyQAI,2026-06-08 07:27:32,Closed,HT08WV,TUR-hduu,Chick'N Fried Kitchen,No,,,,,No DLQ record found (non-SCCS or pre-MDS failure),Not classified (no DLQ),,,,,,
YS_TR,500bO00000u5iTLQAY,2026-06-08 07:06:34,Closed,HTNG66,TUR-mbu5,Battalbey Çiğ Köftecisi,No,,,,,No DLQ record found (non-SCCS or pre-MDS failure),Not classified (no DLQ),,,,,,
YS_TR,500bO00000u5WvAQAU,2026-06-08 07:03:10,Closed,HTW9VJ,TUR-m00s,Primo Pizza,No,,,,,No DLQ record found (non-SCCS or pre-MDS failure),Not classified (no DLQ),,,,,,
YS_TR,500bO00000twcV7QAI,2026-06-05 09:33:10,Closed,HTUWXB,TUR-j64v,Adios,No,,,,,No DLQ record found (non-SCCS or pre-MDS failure),Not classified (no DLQ),,,,,,
YS_TR,500bO00000twA2fQAE,2026-06-05 09:30:11,Closed,HT01BI,TUR-ld41,Pilavcı Kadir,No,,,,,No DLQ record found (non-SCCS or pre-MDS failure),Not classified (no DLQ),,,,,,
YS_TR,500bO00000tw2EnQAI,2026-06-05 08:10:47,Closed,HTN8NN,TUR-a81k,Gün Tabağı & Pi̇lav Lezzet Evi̇,No,,,,,No DLQ record found (non-SCCS or pre-MDS failure),Not classified (no DLQ),,,,,,
YS_TR,500bO00000tw6NAQAY,2026-06-05 07:54:25,Closed,HTUPW8,TUR-bvrh,Waffi,No,,,,,No DLQ record found (non-SCCS or pre-MDS failure),Not classified (no DLQ),,,,,,
YS_TR,500bO00000tvf0PQAQ,2026-06-05 07:02:58,Closed,HTURFB,TUR-jrtx,Yüreğir Döner & Kebap,No,,,,,No DLQ record found (non-SCCS or pre-MDS failure),Not classified (no DLQ),,,,,,
YS_TR,500bO00000tvwHMQAY,2026-06-05 06:43:58,Closed,HTUR2W,TUR-ir3f,İstanbul Çiğ Köfte,No,,,,,No DLQ record found (non-SCCS or pre-MDS failure),Not classified (no DLQ),,,,,,
YS_TR,500bO00000tvwnZQAQ,2026-06-05 06:30:46,Closed,HTURAX,TUR-ikuy,Pan Çiğ Köfte,No,,,,,No DLQ record found (non-SCCS or pre-MDS failure),Not classified (no DLQ),,,,,,
YS_TR,500bO00000tvsFKQAY,2026-06-05 06:24:08,Closed,HTR741,TUR-ffja,Marina Cafe,No,,,,,No DLQ record found (non-SCCS or pre-MDS failure),Not classified (no DLQ),,,,,,
YS_TR,500bO00000tvV4FQAU,2026-06-05 06:12:44,Closed,HTSKOM,TUR-wxmw,Han Şalgam,No,,,,,No DLQ record found (non-SCCS or pre-MDS failure),Not classified (no DLQ),,,,,,
YS_TR,500bO00000tvkXuQAI,2026-06-05 06:02:11,Closed,HTU6GX,TUR-q4ba,Kırmızı Çiğ Köfte,No,,,,,No DLQ record found (non-SCCS or pre-MDS failure),Not classified (no DLQ),,,,,,
YS_TR,500bO00000tvR3vQAE,2026-06-05 05:57:33,Closed,HTNDUX,TUR-o04k,Cupela,No,,,,,No DLQ record found (non-SCCS or pre-MDS failure),Not classified (no DLQ),,,,,,
YS_TR,500bO00000tvaOvQAI,2026-06-05 05:53:24,Closed,HT068O,TUR-xa3l,Fast Food Royal's,No,,,,,No DLQ record found (non-SCCS or pre-MDS failure),Not classified (no DLQ),,,,,,
YS_TR,500bO00000tvQ2vQAE,2026-06-05 05:28:17,Closed,HTNIMA,TUR-c19o,Emek Pişirim Pide & Lahmacun,No,,,,,No DLQ record found (non-SCCS or pre-MDS failure),Not classified (no DLQ),,,,,,
YS_TR,500bO00000tvOU9QAM,2026-06-05 05:26:13,Closed,HTSNLQ,TUR-xjo2,Korkmaz Döner & Pide,No,,,,,No DLQ record found (non-SCCS or pre-MDS failure),Not classified (no DLQ),,,,,,
YS_TR,500bO00000tvCGCQA2,2026-06-05 05:20:15,Closed,HT0E8V,TUR-t7fn,Burger Noi̇r,No,,,,,No DLQ record found (non-SCCS or pre-MDS failure),Not classified (no DLQ),,,,,,
YS_TR,500bO00000tvKTlQAM,2026-06-05 05:03:51,Closed,HTUPNO,TUR-ji8a,Kekik Döner,No,,,,,No DLQ record found (non-SCCS or pre-MDS failure),Not classified (no DLQ),,,,,,
YS_TR,500bO00000ttPNwQAM,2026-06-04 14:14:02,Closed,HTNLVL,TUR-d6dc,Bro’s Tost & Pizza,No,,,,,No DLQ record found (non-SCCS or pre-MDS failure),Not classified (no DLQ),,,,,,
YS_TR,500bO00000tsvUnQAI,2026-06-04 14:02:51,Closed,HTUPE2,TUR-e90p,80'ler Ekmek Arası,No,,,,,No DLQ record found (non-SCCS or pre-MDS failure),Not classified (no DLQ),,,,,,
YS_TR,500bO00000ttCaRQAU,2026-06-04 13:58:21,Closed,HTN8U3,TUR-cpp8,Vitamin Pide,No,,,,,No DLQ record found (non-SCCS or pre-MDS failure),Not classified (no DLQ),,,,,,
YS_TR,500bO00000tslVRQAY,2026-06-04 13:12:26,Closed,HTN3BO,TUR-ni5y,Osmanlı Kebap,No,,,,,No DLQ record found (non-SCCS or pre-MDS failure),Not classified (no DLQ),,,,,,
YS_TR,500bO00000ttD09QAE,2026-06-04 13:07:53,Closed,HTN3YA,TUR-i1ue,Gece Kanatçısı,No,,,,,No DLQ record found (non-SCCS or pre-MDS failure),Not classified (no DLQ),,,,,,
YS_TR,500bO00000tsEJKQA2,2026-06-04 11:25:01,Closed,HTU44V,TUR-ndsu,Sushiru Sushi & Sandviç,No,,,,,No DLQ record found (non-SCCS or pre-MDS failure),Not classified (no DLQ),,,,,,
YS_TR,500bO00000tsV7BQAU,2026-06-04 10:29:20,Closed,HTNDQL,TUR-sgce,Bipide,No,,,,,No DLQ record found (non-SCCS or pre-MDS failure),Not classified (no DLQ),,,,,,
YS_TR,500bO00000tsAltQAE,2026-06-04 09:35:54,Closed,HTU60S,TUR-fxtl,Usta Kebap,No,,,,,No DLQ record found (non-SCCS or pre-MDS failure),Not classified (no DLQ),,,,,,
YS_TR,500bO00000trNJsQAM,2026-06-04 08:55:48,Closed,HTU6WU,TUR-zb7p,Alyam Pi̇de,No,,,,,No DLQ record found (non-SCCS or pre-MDS failure),Not classified (no DLQ),,,,,,
YS_TR,500bO00000tqtToQAI,2026-06-04 08:20:53,Closed,HT0ER9,TUR-c8ik,Körfez Cafe & Restaurant,No,,,,,No DLQ record found (non-SCCS or pre-MDS failure),Not classified (no DLQ),,,,,,
YS_TR,500bO00000trTyfQAE,2026-06-04 07:32:50,Closed,4MQWVR,TUR-er8r,Helvacı Ali 1900,No,,,,,No DLQ record found (non-SCCS or pre-MDS failure),Not classified (no DLQ),,,,,,
YS_TR,500bO00000tqzXeQAI,2026-06-04 07:27:26,Closed,4MQERD,TUR-l54z,Amsterdam Donut,No,,,,,No DLQ record found (non-SCCS or pre-MDS failure),Not classified (no DLQ),,,,,,
YS_TR,500bO00000tpAwgQAE,2026-06-04 07:27:16,Closed,4MQEWW,TUR-et5w,Hamarat Ana Ev Yemekleri,No,,,,,No DLQ record found (non-SCCS or pre-MDS failure),Not classified (no DLQ),,,,,,
YS_TR,500bO00000trOMHQA2,2026-06-04 07:20:44,Closed,HTN2WC,TUR-zw0e,Efsane Pilav,No,,,,,No DLQ record found (non-SCCS or pre-MDS failure),Not classified (no DLQ),,,,,,
YS_TR,500bO00000trGesQAE,2026-06-04 07:01:16,Closed,HT02OE,TUR-h1rl,Pilavcı Sidra,No,,,,,No DLQ record found (non-SCCS or pre-MDS failure),Not classified (no DLQ),,,,,,
YS_TR,500bO00000tr8B6QAI,2026-06-04 06:50:03,Closed,HTWK2S,TUR-xhsm,Çekiç Burger,No,,,,,No DLQ record found (non-SCCS or pre-MDS failure),Not classified (no DLQ),,,,,,
YS_TR,500bO00000tqgRkQAI,2026-06-04 06:40:42,Closed,HT060S,TUR-zw1z,Samsat Çiğ Köfte,No,,,,,No DLQ record found (non-SCCS or pre-MDS failure),Not classified (no DLQ),,,,,,
YS_TR,500bO00000tqsO6QAI,2026-06-04 06:34:56,Closed,HTUZ9E,TUR-nf4e,Şelale Kahvaltı Evi,No,,,,,No DLQ record found (non-SCCS or pre-MDS failure),Not classified (no DLQ),,,,,,
YS_TR,500bO00000tqsUaQAI,2026-06-04 06:33:38,Closed,HT0EC2,TUR-dnfc,Kültür Gizemli Midye,No,,,,,No DLQ record found (non-SCCS or pre-MDS failure),Not classified (no DLQ),,,,,,
YS_TR,500bO00000tqjseQAA,2026-06-04 05:18:02,Closed,HTT4UR,TUR-swb2,Buğday Sandwich,No,,,,,No DLQ record found (non-SCCS or pre-MDS failure),Not classified (no DLQ),,,,,,
YS_TR,500bO00000tm1QWQAY,2026-06-03 11:56:20,Closed,HTU61F,TUR-ns4m,Yenikent Döner,No,,,,,No DLQ record found (non-SCCS or pre-MDS failure),Not classified (no DLQ),,,,,,
YS_TR,500bO00000tl3xJQAQ,2026-06-03 08:26:23,Closed,HTNGIO,TUR-wigf,İbocan Ocakbaşı,No,,,,,No DLQ record found (non-SCCS or pre-MDS failure),Not classified (no DLQ),,,,,,
YS_TR,500bO00000tkd3bQAA,2026-06-03 08:21:37,Closed,HTNHKI,TUR-xkm8,Yakup Usta,No,,,,,No DLQ record found (non-SCCS or pre-MDS failure),Not classified (no DLQ),,,,,,
YS_TR,500bO00000tkjVcQAI,2026-06-03 08:00:26,Closed,HTNQCT,TUR-hkqz,La Burger,No,,,,,No DLQ record found (non-SCCS or pre-MDS failure),Not classified (no DLQ),,,,,,
YS_TR,500bO00000tkusNQAQ,2026-06-03 07:54:57,Closed,HT08CJ,TUR-uqon,Adıyamanlı Cömert Usta,No,,,,,No DLQ record found (non-SCCS or pre-MDS failure),Not classified (no DLQ),,,,,,
YS_TR,500bO00000tjALmQAM,2026-06-03 07:46:45,Closed,HT05PC,TUR-jh8v,Niko's Waffle,No,,,,,No DLQ record found (non-SCCS or pre-MDS failure),Not classified (no DLQ),,,,,,
YS_TR,500bO00000tkdoPQAQ,2026-06-03 07:43:39,Closed,HT0QWF,TUR-exjs,Brussel Waffle,No,,,,,No DLQ record found (non-SCCS or pre-MDS failure),Not classified (no DLQ),,,,,,
YS_TR,500bO00000tkvlBQAQ,2026-06-03 07:37:23,Closed,HTWI3X,TUR-kzgc,Giliğ Dondurma,No,,,,,No DLQ record found (non-SCCS or pre-MDS failure),Not classified (no DLQ),,,,,,
YS_TR,500bO00000tkdeeQAA,2026-06-03 07:29:36,Closed,HTPLKL,TUR-ohgs,Tatlı Kaçamak Waffle,No,,,,,No DLQ record found (non-SCCS or pre-MDS failure),Not classified (no DLQ),,,,,,
YS_TR,500bO00000tko5NQAQ,2026-06-03 07:20:43,Closed,HT05RG,TUR-dg9u,Dogly Hot Dog Stati̇on,No,,,,,No DLQ record found (non-SCCS or pre-MDS failure),Not classified (no DLQ),,,,,,
YS_TR,500bO00000tkUEkQAM,2026-06-03 07:04:39,Closed,4MQEWP,TUR-wvgr,Hamarat Ana Ev Yemekleri,No,,,,,No DLQ record found (non-SCCS or pre-MDS failure),Not classified (no DLQ),,,,,,
YS_TR,500bO00000tk4M1QAI,2026-06-03 07:03:06,Closed,4MQERE,TUR-fvcy,Makarna Lab.,No,,,,,No DLQ record found (non-SCCS or pre-MDS failure),Not classified (no DLQ),,,,,,
YS_TR,500bO00000tkVVoQAM,2026-06-03 07:03:00,Closed,4MQER8,TUR-efmb,Amsterdam Donut,No,,,,,No DLQ record found (non-SCCS or pre-MDS failure),Not classified (no DLQ),,,,,,
YS_TR,500bO00000tkMifQAE,2026-06-03 07:02:21,Closed,HR07TW,TUR-hk6o,Yeşil Fırın,No,,,,,No DLQ record found (non-SCCS or pre-MDS failure),Not classified (no DLQ),,,,,,
YS_TR,500bO00000tkKiSQAU,2026-06-03 06:41:01,Closed,HTNV6N,TUR-ucmg,Kumpirbox,No,,,,,No DLQ record found (non-SCCS or pre-MDS failure),Not classified (no DLQ),,,,,,
YS_TR,500bO00000tkC3LQAU,2026-06-03 06:34:38,Closed,HTSIRM,TUR-gxii,Yusuf Unlu Mamulleri,No,,,,,No DLQ record found (non-SCCS or pre-MDS failure),Not classified (no DLQ),,,,,,
YS_TR,500bO00000tkProQAE,2026-06-03 06:32:01,Closed,4MQERB,TUR-sbgi,Makarna Lab.,No,,,,,No DLQ record found (non-SCCS or pre-MDS failure),Not classified (no DLQ),,,,,,
YS_TR,500bO00000th9BgQAI,2026-06-02 14:26:22,Closed,4MQ6RI,TUR-aj8g,Espressolab,No,,,,,No DLQ record found (non-SCCS or pre-MDS failure),Not classified (no DLQ),,,,,,
YS_TR,500bO00000thE6XQAU,2026-06-02 14:25:09,Closed,4MQ8IE,TUR-oda2,Starbucks Coffee,No,,,,,No DLQ record found (non-SCCS or pre-MDS failure),Not classified (no DLQ),,,,,,
YS_TR,500bO00000thJ6MQAU,2026-06-02 13:58:10,Closed,4MQ89L,TUR-qen6,Starbucks Coffee,No,,,,,No DLQ record found (non-SCCS or pre-MDS failure),Not classified (no DLQ),,,,,,
YS_TR,500bO00000thLccQAE,2026-06-02 13:54:39,Closed,4MQ8QP,TUR-ovyf,Starbucks Coffee,No,,,,,No DLQ record found (non-SCCS or pre-MDS failure),Not classified (no DLQ),,,,,,
YS_TR,500bO00000tgMRSQA2,2026-06-02 13:54:23,Closed,4MQ8I7,TUR-dbrq,Starbucks Coffee,No,,,,,No DLQ record found (non-SCCS or pre-MDS failure),Not classified (no DLQ),,,,,,
YS_TR,500bO00000tha8bQAA,2026-06-02 13:54:17,Closed,4MQ895,TUR-n3ll,Starbucks Coffee,No,,,,,No DLQ record found (non-SCCS or pre-MDS failure),Not classified (no DLQ),,,,,,
YS_TR,500bO00000thLzDQAU,2026-06-02 13:50:29,Closed,4MQ89S,TUR-fmhp,Starbucks Coffee,No,,,,,No DLQ record found (non-SCCS or pre-MDS failure),Not classified (no DLQ),,,,,,
YS_TR,500bO00000tgZI0QAM,2026-06-02 12:37:01,Closed,HTULEH,TUR-llu7,Roza Waffle,No,,,,,No DLQ record found (non-SCCS or pre-MDS failure),Not classified (no DLQ),,,,,,
YS_TR,500bO00000tgWyJQAU,2026-06-02 11:57:26,Closed,4MXUF0,TUR-hkk6,Bodrum Mantı & Cafe,No,,,,,No DLQ record found (non-SCCS or pre-MDS failure),Not classified (no DLQ),,,,,,
YS_TR,500bO00000tgVayQAE,2026-06-02 11:56:03,Closed,HTULS4,TUR-az9o,Rendo Coffee,No,,,,,No DLQ record found (non-SCCS or pre-MDS failure),Not classified (no DLQ),,,,,,
YS_TR,500bO00000tgaozQAA,2026-06-02 11:00:52,Closed,HT08QP,TUR-a7f1,Demetra Mutfak,No,,,,,No DLQ record found (non-SCCS or pre-MDS failure),Not classified (no DLQ),,,,,,
YS_TR,500bO00000tgRH3QAM,2026-06-02 10:21:27,Closed,4MQ8JN,TUR-q3cb,Mersin Tantuni,No,,,,,No DLQ record found (non-SCCS or pre-MDS failure),Not classified (no DLQ),,,,,,
YS_TR,500bO00000tg6z8QAA,2026-06-02 10:21:21,Closed,4MQ8J1,TUR-n3d8,İtina Göbel Kokoreç,No,,,,,No DLQ record found (non-SCCS or pre-MDS failure),Not classified (no DLQ),,,,,,
YS_TR,500bO00000tfCKTQA2,2026-06-02 10:06:32,Closed,HTN9ME,TUR-ht9o,Dideban Kıymalı Ekmek,No,,,,,No DLQ record found (non-SCCS or pre-MDS failure),Not classified (no DLQ),,,,,,
YS_TR,500bO00000tgCOYQA2,2026-06-02 10:01:13,Closed,4MQ8YC,TUR-hh8l,Sarıyer Midyecisi,No,,,,,No DLQ record found (non-SCCS or pre-MDS failure),Not classified (no DLQ),,,,,,
YS_TR,500bO00000tg7BzQAI,2026-06-02 09:57:47,Closed,4MQ8YE,TUR-mjyq,Yaylam Köfte Sucuk,No,,,,,No DLQ record found (non-SCCS or pre-MDS failure),Not classified (no DLQ),,,,,,
YS_TR,500bO00000tfw0NQAQ,2026-06-02 09:27:01,Closed,4MQ8R7,TUR-jgiz,Roves Deli,No,,,,,No DLQ record found (non-SCCS or pre-MDS failure),Not classified (no DLQ),,,,,,
YS_TR,500bO00000tfH2CQAU,2026-06-02 09:08:17,Closed,HTUB7L,TUR-cp7q,Pan Chefly,No,,,,,No DLQ record found (non-SCCS or pre-MDS failure),Not classified (no DLQ),,,,,,
YS_TR,500bO00000tfnrlQAA,2026-06-02 09:07:56,Closed,4MQ8RD,TUR-tydw,Mac And Salad,No,,,,,No DLQ record found (non-SCCS or pre-MDS failure),Not classified (no DLQ),,,,,,
YS_TR,500bO00000tg5gLQAQ,2026-06-02 09:07:35,Closed,4MQ8R3,TUR-giib,Gravy Wraps,No,,,,,No DLQ record found (non-SCCS or pre-MDS failure),Not classified (no DLQ),,,,,,
YS_TR,500bO00000tfyQMQAY,2026-06-02 09:07:30,Closed,4MQ8AV,TUR-yva9,Waffle & Kruvasan Dünyası,No,,,,,No DLQ record found (non-SCCS or pre-MDS failure),Not classified (no DLQ),,,,,,
YS_TR,500bO00000tfoVqQAI,2026-06-02 08:28:55,Closed,HT06DX,TUR-yegy,Green Salads,No,,,,,No DLQ record found (non-SCCS or pre-MDS failure),Not classified (no DLQ),,,,,,
YS_TR,500bO00000tfJISQA2,2026-06-02 08:27:52,Closed,HT0QWE,TUR-beps,Fi̇ruze Ocakbaşı & Dürüm,No,,,,,No DLQ record found (non-SCCS or pre-MDS failure),Not classified (no DLQ),,,,,,
YS_TR,500bO00000tfokLQAQ,2026-06-02 08:27:13,Closed,HTN671,TUR-yq01,Pilavji,No,,,,,No DLQ record found (non-SCCS or pre-MDS failure),Not classified (no DLQ),,,,,,
YS_TR,500bO00000teyR1QAI,2026-06-02 08:06:29,Closed,HTSLBY,TUR-yk2h,Nefiss Etli Ekmek & Lahmacun,No,,,,,No DLQ record found (non-SCCS or pre-MDS failure),Not classified (no DLQ),,,,,,
YS_TR,500bO00000tfLAWQA2,2026-06-02 08:00:51,Closed,HT0EJD,TUR-g8l5,Antalya Bol Meze,No,,,,,No DLQ record found (non-SCCS or pre-MDS failure),Not classified (no DLQ),,,,,,
YS_TR,500bO00000tfD8BQAU,2026-06-02 07:57:20,Closed,4MV924,TUR-al4y,Hacıbaba Ciğercisi,No,,,,,No DLQ record found (non-SCCS or pre-MDS failure),Not classified (no DLQ),,,,,,
YS_TR,500bO00000tfZF3QAM,2026-06-02 07:54:46,Closed,4MXNA9,TUR-uq76,Çiğ Köfteci Kadir Usta,No,,,,,No DLQ record found (non-SCCS or pre-MDS failure),Not classified (no DLQ),,,,,,
YS_TR,500bO00000tf1TfQAI,2026-06-02 07:53:39,Closed,HTSOC8,TUR-c62g,Ali's Bakery,No,,,,,No DLQ record found (non-SCCS or pre-MDS failure),Not classified (no DLQ),,,,,,
YS_TR,500bO00000tfQ0VQAU,2026-06-02 07:51:32,Closed,HTUBJD,TUR-uzl3,Adana Sofrası Tavuk İzgara,No,,,,,No DLQ record found (non-SCCS or pre-MDS failure),Not classified (no DLQ),,,,,,
YS_TR,500bO00000tem7zQAA,2026-06-02 07:45:58,Closed,4MQEOC,TUR-ti54,KFC,No,,,,,No DLQ record found (non-SCCS or pre-MDS failure),Not classified (no DLQ),,,,,,
YS_TR,500bO00000tezI8QAI,2026-06-02 07:42:46,Closed,4MQE5A,TUR-ll5i,Tavu Tavuk,No,,,,,No DLQ record found (non-SCCS or pre-MDS failure),Not classified (no DLQ),,,,,,
YS_TR,500bO00000tdNHUQA2,2026-06-02 07:18:29,Closed,4MQEVJ,TUR-aw4m,Ala Çiğ Köfte,No,,,,,No DLQ record found (non-SCCS or pre-MDS failure),Not classified (no DLQ),,,,,,
YS_TR,500bO00000tdN0bQAE,2026-06-02 05:36:42,Closed,HTU8II,TUR-byy8,Adıyamanlı Çiğ Köfteci Ali Baba,No,,,,,No DLQ record found (non-SCCS or pre-MDS failure),Not classified (no DLQ),,,,,,
YS_TR,500bO00000teZwHQAU,2026-06-02 05:36:18,Closed,HTRSRA,TUR-q7be,Buns Burger & Tost,No,,,,,No DLQ record found (non-SCCS or pre-MDS failure),Not classified (no DLQ),,,,,,
YS_TR,500bO00000terfTQAQ,2026-06-02 05:34:46,Closed,HTU6WH,TUR-p6wb,Lush Chocolate & Coffee,No,,,,,No DLQ record found (non-SCCS or pre-MDS failure),Not classified (no DLQ),,,,,,
YS_TR,500bO00000tXe8nQAC,2026-06-01 14:39:03,Closed,4MQEYN,TUR-mzfy,Kaşık Makarna,No,,,,,No DLQ record found (non-SCCS or pre-MDS failure),Not classified (no DLQ),,,,,,
YS_TR,500bO00000tZMxFQAW,2026-06-01 14:28:15,Closed,4MQGEB,TUR-iqxr,Nohutçu Ömer Usta,No,,,,,No DLQ record found (non-SCCS or pre-MDS failure),Not classified (no DLQ),,,,,,
YS_TR,500bO00000tYt8xQAC,2026-06-01 13:53:28,Closed,HT0YTZ,TUR-ovzv,Kumpi̇r Durağı,No,,,,,No DLQ record found (non-SCCS or pre-MDS failure),Not classified (no DLQ),,,,,,
YS_TR,500bO00000tYujIQAS,2026-06-01 13:50:46,Closed,4MQGET,TUR-yfxv,McDonald’s McCafé,No,,,,,No DLQ record found (non-SCCS or pre-MDS failure),Not classified (no DLQ),,,,,,
YS_TR,500bO00000tYkiMQAS,2026-06-01 13:27:54,Closed,4MQEV6,TUR-zafh,McDonald’s McCafé,No,,,,,No DLQ record found (non-SCCS or pre-MDS failure),Not classified (no DLQ),,,,,,
YS_TR,500bO00000tYdk8QAC,2026-06-01 13:07:27,Closed,HTU4D8,TUR-t0bc,Always Waffle,No,,,,,No DLQ record found (non-SCCS or pre-MDS failure),Not classified (no DLQ),,,,,,
YS_TR,500bO00000tYbATQA0,2026-06-01 13:00:55,Closed,HTTKXS,TUR-etrq,Mavi Sandviç & Meze Evi,No,,,,,No DLQ record found (non-SCCS or pre-MDS failure),Not classified (no DLQ),,,,,,
YS_TR,500bO00000tYpbVQAS,2026-06-01 12:50:56,Closed,4MQE7E,TUR-orbl,Box Of Chicken Lab,No,,,,,No DLQ record found (non-SCCS or pre-MDS failure),Not classified (no DLQ),,,,,,
YS_TR,500bO00000tYlEXQA0,2026-06-01 12:36:46,Closed,4MX4BG,TUR-te7b,Köftecim,No,,,,,No DLQ record found (non-SCCS or pre-MDS failure),Not classified (no DLQ),,,,,,
YS_TR,500bO00000tYMrOQAW,2026-06-01 12:35:23,Closed,HT0OE5,TUR-jwci,Bülent Börekçilik,No,,,,,No DLQ record found (non-SCCS or pre-MDS failure),Not classified (no DLQ),,,,,,
YS_TR,500bO00000tYXZqQAO,2026-06-01 12:16:34,Closed,HTNE1Q,TUR-frsv,Adıyaman Çiğ Köfte Bekir Kaya,No,,,,,No DLQ record found (non-SCCS or pre-MDS failure),Not classified (no DLQ),,,,,,
YS_TR,500bO00000tXyAiQAK,2026-06-01 11:19:05,Closed,HT06WY,TUR-i16n,Günaydın Kahvaltı Evi,No,,,,,No DLQ record found (non-SCCS or pre-MDS failure),Not classified (no DLQ),,,,,,
YS_TR,500bO00000tXfCxQAK,2026-06-01 10:31:03,Closed,HT0EQU,TUR-easg,Karaköy Börekçisi,No,,,,,No DLQ record found (non-SCCS or pre-MDS failure),Not classified (no DLQ),,,,,,
YS_TR,500bO00000tXWHoQAO,2026-06-01 10:23:35,Closed,HT0DX7,TUR-j5jg,Mama's Burger & Cajun Chicken,No,,,,,No DLQ record found (non-SCCS or pre-MDS failure),Not classified (no DLQ),,,,,,
YS_TR,500bO00000tYAmrQAG,2026-06-01 10:22:06,Closed,4MXJ0W,TUR-tugk,Valide Mantı,No,,,,,No DLQ record found (non-SCCS or pre-MDS failure),Not classified (no DLQ),,,,,,
YS_TR,500bO00000tY1YKQA0,2026-06-01 10:19:05,Closed,4MXJYD,TUR-e6o2,Sokakbaşı Çorba,No,,,,,No DLQ record found (non-SCCS or pre-MDS failure),Not classified (no DLQ),,,,,,
YS_TR,500bO00000tXoTAQA0,2026-06-01 10:16:26,Closed,4MXJ0X,TUR-h64s,Sıcak Tencere,No,,,,,No DLQ record found (non-SCCS or pre-MDS failure),Not classified (no DLQ),,,,,,
YS_TR,500bO00000tXtm4QAC,2026-06-01 10:16:05,Closed,4MXJJG,TUR-btbb,Puff Waffle,No,,,,,No DLQ record found (non-SCCS or pre-MDS failure),Not classified (no DLQ),,,,,,
YS_TR,500bO00000tXumyQAC,2026-06-01 10:11:46,Closed,4MXJS2,TUR-vmp4,Maksi Meze,No,,,,,No DLQ record found (non-SCCS or pre-MDS failure),Not classified (no DLQ),,,,,,
YS_TR,500bO00000tXbajQAC,2026-06-01 10:11:41,Closed,4MXJNT,TUR-imzc,Pilav Plus,No,,,,,No DLQ record found (non-SCCS or pre-MDS failure),Not classified (no DLQ),,,,,,
YS_TR,500bO00000tXd1UQAS,2026-06-01 10:10:55,Closed,4MXJUL,TUR-nd3u,Makaroma,No,,,,,No DLQ record found (non-SCCS or pre-MDS failure),Not classified (no DLQ),,,,,,
YS_TR,500bO00000tY5SEQA0,2026-06-01 10:10:01,Closed,4MXJF0,TUR-oras,Donut Go,No,,,,,No DLQ record found (non-SCCS or pre-MDS failure),Not classified (no DLQ),,,,,,
YS_TR,500bO00000tXvKqQAK,2026-06-01 10:09:01,Closed,4MXJT9,TUR-kwf3,Hünkar Ev Yemekleri,No,,,,,No DLQ record found (non-SCCS or pre-MDS failure),Not classified (no DLQ),,,,,,
YS_TR,500bO00000tXnVQQA0,2026-06-01 10:08:29,Closed,4MXJCQ,TUR-pk7y,Ev Lokması,No,,,,,No DLQ record found (non-SCCS or pre-MDS failure),Not classified (no DLQ),,,,,,
YS_TR,500bO00000tXfWDQA0,2026-06-01 10:07:24,Closed,4MXJM5,TUR-bntu,Gözleme Bahçesi,No,,,,,No DLQ record found (non-SCCS or pre-MDS failure),Not classified (no DLQ),,,,,,
YS_TR,500bO00000tXZNaQAO,2026-06-01 10:04:21,Closed,HT04PI,TUR-oqg1,Kardeşler Fırını,No,,,,,No DLQ record found (non-SCCS or pre-MDS failure),Not classified (no DLQ),,,,,,
YS_TR,500bO00000tXeYaQAK,2026-06-01 09:55:42,Closed,HT0Y7C,TUR-oncm,Alesta Waffle,No,,,,,No DLQ record found (non-SCCS or pre-MDS failure),Not classified (no DLQ),,,,,,
YS_TR,500bO00000tXGzCQAW,2026-06-01 09:25:20,Closed,4MQEZO,TUR-d077,Pilavhane,No,,,,,No DLQ record found (non-SCCS or pre-MDS failure),Not classified (no DLQ),,,,,,
YS_TR,500bO00000tXHCBQA4,2026-06-01 09:12:54,Closed,HTNPCS,TUR-k2th,Beylerbeyi̇ Profi̇terol,No,,,,,No DLQ record found (non-SCCS or pre-MDS failure),Not classified (no DLQ),,,,,,
YS_TR,500bO00000tWt6hQAC,2026-06-01 08:35:25,Closed,HT08FO,TUR-pyc6,Bermuda Fast Food,No,,,,,No DLQ record found (non-SCCS or pre-MDS failure),Not classified (no DLQ),,,,,,
YS_TR,500bO00000tXMy9QAG,2026-06-01 08:11:15,Closed,4MQE6Z,TUR-cz5y,Dürümsel,No,,,,,No DLQ record found (non-SCCS or pre-MDS failure),Not classified (no DLQ),,,,,,
YS_TR,500bO00000tWzLhQAK,2026-06-01 08:11:08,Closed,4MQE6P,TUR-p79x,Köftedar,No,,,,,No DLQ record found (non-SCCS or pre-MDS failure),Not classified (no DLQ),,,,,,
YS_TR,500bO00000tWv5AQAS,2026-06-01 07:46:49,Closed,4MXJ74,TUR-cxl6,Nanvia Sandviç & Bowl,No,,,,,No DLQ record found (non-SCCS or pre-MDS failure),Not classified (no DLQ),,,,,,
YS_TR,500bO00000tWajsQAC,2026-06-01 07:01:46,Closed,HTS288,TUR-a6pi,Metro Börek & Cafe,No,,,,,No DLQ record found (non-SCCS or pre-MDS failure),Not classified (no DLQ),,,,,,
YS_TR,500bO00000tWbWEQA0,2026-06-01 05:41:09,Closed,4MXOG5,TUR-cram,Proof Fit,No,,,,,No DLQ record found (non-SCCS or pre-MDS failure),Not classified (no DLQ),,,,,,
YS_TR,500bO00000tWELHQA4,2026-06-01 05:29:49,Closed,HT08O8,TUR-zi67,Chick'N Fried Kitchen,No,,,,,No DLQ record found (non-SCCS or pre-MDS failure),Not classified (no DLQ),,,,,,
YS_TR,500bO00000tWWQ5QAO,2026-06-01 05:25:25,Closed,HT0DQX,TUR-cyeb,Chick'n Fried Kitchen,No,,,,,No DLQ record found (non-SCCS or pre-MDS failure),Not classified (no DLQ),,,,,,
YS_TR,500bO00000tWV2bQAG,2026-06-01 05:18:05,Closed,HT0D19,TUR-izj3,Chick'N Fried Kitchen,No,,,,,No DLQ record found (non-SCCS or pre-MDS failure),Not classified (no DLQ),,,,,,
YS_TR,500bO00000tWBonQAG,2026-06-01 05:17:26,Closed,HT0E80,TUR-lgjh,Chick'n Fried Kitchen,No,,,,,No DLQ record found (non-SCCS or pre-MDS failure),Not classified (no DLQ),,,,,,
YS_TR,500bO00000tWTgjQAG,2026-06-01 05:11:28,Closed,4MQED0,TUR-ddzy,Espressolab,No,,,,,No DLQ record found (non-SCCS or pre-MDS failure),Not classified (no DLQ),,,,,,
YS_TR,500bO00000tWSEPQA4,2026-06-01 05:05:33,Closed,HT0ELL,TUR-ee3g,Chick'N Fried Kitchen,No,,,,,No DLQ record found (non-SCCS or pre-MDS failure),Not classified (no DLQ),,,,,,
YS_TR,500bO00000tWRztQAG,2026-06-01 05:04:41,Closed,HT0EWG,TUR-ze2b,Chick'N Fried Kitchen,No,,,,,No DLQ record found (non-SCCS or pre-MDS failure),Not classified (no DLQ),,,,,,
YS_TR,500bO00000tW7LJQA0,2026-06-01 05:04:29,Closed,4MXJVA,TUR-cxmv,Mogaf Hatay Döner,No,,,,,No DLQ record found (non-SCCS or pre-MDS failure),Not classified (no DLQ),,,,,,
YS_TR,500bO00000tWCPqQAO,2026-06-01 05:00:46,Closed,HT0EAG,TUR-o1sv,Chick'N Fried Kitchen,No,,,,,No DLQ record found (non-SCCS or pre-MDS failure),Not classified (no DLQ),,,,,,
YS_TR,500bO00000tDZQ9QAO,2026-05-27 07:34:06,Closed,HT0Y0E,TUR-kb56,Oses Çiğ Köfte,No,,,,,No DLQ record found (non-SCCS or pre-MDS failure),Not classified (no DLQ),,,,,,
YS_TR,500bO00000tDNX4QAO,2026-05-27 07:26:15,Closed,4MX7FP,TUR-g766,Helvacı Mehmet,No,,,,,No DLQ record found (non-SCCS or pre-MDS failure),Not classified (no DLQ),,,,,,
YS_TR,500bO00000tDby9QAC,2026-05-27 07:24:14,Closed,HT0ZRN,TUR-s1ms,33 Mersin Tantuni,No,,,,,No DLQ record found (non-SCCS or pre-MDS failure),Not classified (no DLQ),,,,,,
YS_TR,500bO00000tDSEwQAO,2026-05-27 07:21:43,Closed,HT00LW,TUR-xg0i,Oses Çiğ Köfte,No,,,,,No DLQ record found (non-SCCS or pre-MDS failure),Not classified (no DLQ),,,,,,
YS_TR,500bO00000tA3WZQA0,2026-05-26 10:29:43,Closed,HTN4FE,TUR-mzwp,Fırat Cafe,No,,,,,No DLQ record found (non-SCCS or pre-MDS failure),Not classified (no DLQ),,,,,,
YS_TR,500bO00000t97sPQAQ,2026-05-26 09:30:24,Closed,HT0O6L,TUR-j6ay,Rüzgârgülü Tost,No,,,,,No DLQ record found (non-SCCS or pre-MDS failure),Not classified (no DLQ),,,,,,
YS_TR,500bO00000t9WImQAM,2026-05-26 08:58:21,Closed,HT0Y1A,TUR-ewj8,Güven Kebap,No,,,,,No DLQ record found (non-SCCS or pre-MDS failure),Not classified (no DLQ),,,,,,
YS_TR,500bO00000t93juQAA,2026-05-26 08:56:55,Closed,HT08F2,TUR-j9mp,Los Santos Bowl,No,,,,,No DLQ record found (non-SCCS or pre-MDS failure),Not classified (no DLQ),,,,,,
YS_TR,500bO00000t9LGrQAM,2026-05-26 07:57:52,Closed,HT0H1O,TUR-ipdq,Maysos Restaurant,No,,,,,No DLQ record found (non-SCCS or pre-MDS failure),Not classified (no DLQ),,,,,,
YS_TR,500bO00000t8JaYQAU,2026-05-26 07:55:26,Closed,HT0YCU,TUR-qcru,Cadde Döner,No,,,,,No DLQ record found (non-SCCS or pre-MDS failure),Not classified (no DLQ),,,,,,
YS_TR,500bO00000t8WEYQA2,2026-05-26 07:20:08,Closed,4MX2AW,TUR-pd3z,Sunbay Kebap,No,,,,,No DLQ record found (non-SCCS or pre-MDS failure),Not classified (no DLQ),,,,,,
YS_TR,500bO00000t8YTBQA2,2026-05-26 06:50:46,Closed,HT0H6I,TUR-mwwo,Saray Pilavcısı,No,,,,,No DLQ record found (non-SCCS or pre-MDS failure),Not classified (no DLQ),,,,,,
YS_TR,500bO00000t8PL1QAM,2026-05-26 05:55:02,Closed,4MX7F5,TUR-zo4n,Salt Kebap,No,,,,,No DLQ record found (non-SCCS or pre-MDS failure),Not classified (no DLQ),,,,,,
YS_TR,500bO00000t8Y1eQAE,2026-05-26 05:50:58,Closed,4MX7OL,TUR-qelo,Kanatçı Mahmut Evora,No,,,,,No DLQ record found (non-SCCS or pre-MDS failure),Not classified (no DLQ),,,,,,
YS_TR,500bO00000t8dcPQAQ,2026-05-26 05:44:56,Closed,4MX7FU,TUR-l2rg,Taze Makarna & Mantı,No,,,,,No DLQ record found (non-SCCS or pre-MDS failure),Not classified (no DLQ),,,,,,
YS_TR,500bO00000t8dVxQAI,2026-05-26 05:44:46,Closed,4MX7FN,TUR-p1jp,Taze Köfte,No,,,,,No DLQ record found (non-SCCS or pre-MDS failure),Not classified (no DLQ),,,,,,
YS_TR,500bO00000t8YHnQAM,2026-05-26 05:42:17,Closed,4MXUJ4,TUR-jz7y,Big Bowl,No,,,,,No DLQ record found (non-SCCS or pre-MDS failure),Not classified (no DLQ),,,,,,
YS_TR,500bO00000t8TBeQAM,2026-05-26 05:40:49,Closed,HTN8Z7,TUR-ny9y,Fıstık Efendi,No,,,,,No DLQ record found (non-SCCS or pre-MDS failure),Not classified (no DLQ),,,,,,
YS_TR,500bO00000t8WXiQAM,2026-05-26 05:40:40,Closed,HT0YSX,TUR-gtds,Oses Çiğ Köfte,No,,,,,No DLQ record found (non-SCCS or pre-MDS failure),Not classified (no DLQ),,,,,,
YS_TR,500bO00000t8WpSQAU,2026-05-26 05:40:35,Closed,4MXOGF,TUR-dgme,Harbiye Plavix,No,,,,,No DLQ record found (non-SCCS or pre-MDS failure),Not classified (no DLQ),,,,,,
YS_TR,500bO00000t8cEwQAI,2026-05-26 05:40:04,Closed,HT0YON,TUR-qt5n,Oses Çiğ Köfte,No,,,,,No DLQ record found (non-SCCS or pre-MDS failure),Not classified (no DLQ),,,,,,
YS_TR,500bO00000t8NXiQAM,2026-05-26 05:39:02,Closed,HT0YR4,TUR-x4u9,Oses Çiğ Köfte,No,,,,,No DLQ record found (non-SCCS or pre-MDS failure),Not classified (no DLQ),,,,,,
YS_TR,500bO00000t8Tl8QAE,2026-05-26 05:38:56,Closed,HTNIS4,TUR-clp0,The Maslak Burger & Co,No,,,,,No DLQ record found (non-SCCS or pre-MDS failure),Not classified (no DLQ),,,,,,
YS_TR,500bO00000t8T0OQAU,2026-05-26 05:36:56,Closed,4MXJQE,TUR-l4ff,Sütlüce Kadayıf,No,,,,,No DLQ record found (non-SCCS or pre-MDS failure),Not classified (no DLQ),,,,,,
YS_TR,500bO00000t8MVGQA2,2026-05-26 05:33:24,Closed,HTN162,TUR-o8ta,Dayı Kumru,No,,,,,No DLQ record found (non-SCCS or pre-MDS failure),Not classified (no DLQ),,,,,,
YS_TR,500bO00000t8LHPQA2,2026-05-26 05:28:42,Closed,HT0DFY,TUR-zmpj,Oses Çiğ Köfte,No,,,,,No DLQ record found (non-SCCS or pre-MDS failure),Not classified (no DLQ),,,,,,
YS_TR,500bO00000t8P3CQAU,2026-05-26 05:12:09,Closed,4MXUCR,TUR-ihvt,Tarihi Kazancı Pilavcısı,No,,,,,No DLQ record found (non-SCCS or pre-MDS failure),Not classified (no DLQ),,,,,,
YS_TR,500bO00000t5HAQQA2,2026-05-25 13:22:35,Closed,HT0ZPQ,TUR-bs93,Meraklı Kokoreç & Şırdan & Söğüş,No,,,,,No DLQ record found (non-SCCS or pre-MDS failure),Not classified (no DLQ),,,,,,
YS_TR,500bO00000t5JIVQA2,2026-05-25 11:44:21,Closed,HT0AJI,TUR-oj9i,Oses Çiğ Köfte,No,,,,,No DLQ record found (non-SCCS or pre-MDS failure),Not classified (no DLQ),,,,,,
YS_TR,500bO00000t5K8DQAU,2026-05-25 11:21:44,Closed,HT00LH,TUR-krsm,Love 36 Burger,No,,,,,No DLQ record found (non-SCCS or pre-MDS failure),Not classified (no DLQ),,,,,,
YS_TR,500bO00000t4tshQAA,2026-05-25 10:27:21,Closed,HT0K2F,TUR-i1ea,Pilavist,No,,,,,No DLQ record found (non-SCCS or pre-MDS failure),Not classified (no DLQ),,,,,,
YS_TR,500bO00000t4XvaQAE,2026-05-25 10:04:19,Closed,4MX7P8,TUR-jmee,Köfteci Hülya,No,,,,,No DLQ record found (non-SCCS or pre-MDS failure),Not classified (no DLQ),,,,,,
YS_TR,500bO00000t4DiDQAU,2026-05-25 09:42:50,Closed,4MX7PD,TUR-xu6p,Rüya Tostçum,No,,,,,No DLQ record found (non-SCCS or pre-MDS failure),Not classified (no DLQ),,,,,,
YS_TR,500bO00000t4KjjQAE,2026-05-25 08:55:52,Closed,HTTMNT,TUR-e1en,Champion İzgara & Pide,No,,,,,No DLQ record found (non-SCCS or pre-MDS failure),Not classified (no DLQ),,,,,,
YS_TR,500bO00000t4L9WQAU,2026-05-25 08:22:12,Closed,HTRZ70,TUR-x4m2,Oses Çiğ Köfte,No,,,,,No DLQ record found (non-SCCS or pre-MDS failure),Not classified (no DLQ),,,,,,
YS_TR,500bO00000t4ToXQAU,2026-05-25 07:54:07,Closed,HT06VY,TUR-kin7,Pilavcı Ömer,No,,,,,No DLQ record found (non-SCCS or pre-MDS failure),Not classified (no DLQ),,,,,,
YS_TR,500bO00000t40wHQAQ,2026-05-25 05:42:16,Closed,4MX54R,TUR-lqxd,Waffle Club,No,,,,,No DLQ record found (non-SCCS or pre-MDS failure),Not classified (no DLQ),,,,,,
YS_TR,500bO00000t3zVVQAY,2026-05-25 05:26:38,Closed,HTTG06,TUR-h5jf,Flina İtaliano Cafe & Restaurant,No,,,,,No DLQ record found (non-SCCS or pre-MDS failure),Not classified (no DLQ),,,,,,
YS_TR,500bO00000t3zIbQAI,2026-05-25 05:25:36,Closed,HTNPC8,TUR-khtk,Chef's Tantuni,No,,,,,No DLQ record found (non-SCCS or pre-MDS failure),Not classified (no DLQ),,,,,,
YS_TR,500bO00000t3xv7QAA,2026-05-25 05:20:24,Closed,4MXTRP,TUR-mqa0,Helvacı Davut,No,,,,,No DLQ record found (non-SCCS or pre-MDS failure),Not classified (no DLQ),,,,,,
YS_TR,500bO00000t3vwXQAQ,2026-05-25 05:10:05,Closed,HTNERV,TUR-lx1d,M33 Cafe,No,,,,,No DLQ record found (non-SCCS or pre-MDS failure),Not classified (no DLQ),,,,,,
