global_entity_id,caseid,failed_at,case_status,grid_id,vendor_id,account_name,dlq_found,submission_id,system,submission_timestamp,status_code,status_short_description,dashboard_error_bucket,full_error_message,image_path,gcs_url,gcs_file_name,gcs_file_size_mb,gcs_analysis
DJ_CZ,500bO00000u6EpnQAE,2026-06-08 08:53:20,Closed,4MQ88V,CZE-khjq,Pizza Tony Veroňák_ODR_CZ,No,,,,,No DLQ record found (non-SCCS or pre-MDS failure),Not classified (no DLQ),,,,,,
DJ_CZ,500bO00000tlXX7QAM,2026-06-03 09:15:13,Closed,HTNGJR,CZE-nlox,Vesuvio Kitchen & Bar,No,,,,,No DLQ record found (non-SCCS or pre-MDS failure),Not classified (no DLQ),,,,,,
DJ_CZ,500bO00000tAi3KQAS,2026-05-26 12:42:32,Closed,HTR97L,CZE-zkux,Mama Bowl,No,,,,,No DLQ record found (non-SCCS or pre-MDS failure),Not classified (no DLQ),,,,,,
FO_NO,500bO00000uJwhdQAC,2026-06-10 09:57:04,Final Check,HT0MAH,NOR-c2n1,Cafè Selva,No,,,,,No DLQ record found (non-SCCS or pre-MDS failure),Not classified (no DLQ),,,,,,
FO_NO,500bO00000tlDjpQAE,2026-06-03 09:30:56,Closed,HTTUVK,NOR-yn06,Rich By Nature Vika,No,,,,,No DLQ record found (non-SCCS or pre-MDS failure),Not classified (no DLQ),,,,,,
FP_BD,500bO00000t4W3GQAU,2026-05-25 08:04:40,Closed,HTWP5Z,BGD-tcg2,Doppio coffee,No,,,,,No DLQ record found (non-SCCS or pre-MDS failure),Not classified (no DLQ),,,,,,
FP_HK,500bO00000uT4MbQAK,2026-06-12 02:23:24,Menu Typing,HTUH1K,HKG-vcie,Warmly Dumpling,No,,,,,No DLQ record found (non-SCCS or pre-MDS failure),Not classified (no DLQ),,,,,,
FP_HK,500bO00000u0ZxRQAU,2026-06-06 01:57:29,Closed,HT0ZXY,HKG-llop,Koyama,No,,,,,No DLQ record found (non-SCCS or pre-MDS failure),Not classified (no DLQ),,,,,,
FP_HK,500bO00000tkCZhQAM,2026-06-03 07:22:45,Closed,4FGPS0,HKG-ntfq,Skewers Experience,No,,,,,No DLQ record found (non-SCCS or pre-MDS failure),Not classified (no DLQ),,,,,,
FP_HK,500bO00000tjtOvQAI,2026-06-03 03:27:24,Closed,4MQE8T,HKG-ue9j,Flat Iron Steak (Tsim Sha Tsui),No,,,,,No DLQ record found (non-SCCS or pre-MDS failure),Not classified (no DLQ),,,,,,
FP_HK,500bO00000tjInfQAE,2026-06-03 03:20:27,Final Check,HT0CVI,HKG-tecq,Solitary Life,No,,,,,No DLQ record found (non-SCCS or pre-MDS failure),Not classified (no DLQ),,,,,,
FP_HK,500bO00000tg8spQAA,2026-06-02 12:09:57,Closed,4MX9BD,HKG-lx15,Sushi Take-out (Quarry Bay),No,,,,,No DLQ record found (non-SCCS or pre-MDS failure),Not classified (no DLQ),,,,,,
FP_HK,500bO00000tfIcTQAU,2026-06-02 10:24:30,Closed,4MXV51,HKG-h32h,Sushiro HK (Kowloon Bay Amoy Plaza),No,,,,,No DLQ record found (non-SCCS or pre-MDS failure),Not classified (no DLQ),,,,,,
FP_HK,500bO00000tfQgYQAU,2026-06-02 08:35:45,Closed,4MV2UJ,HKG-dk3g,Wallace [Extended Delivery],No,,,,,No DLQ record found (non-SCCS or pre-MDS failure),Not classified (no DLQ),,,,,,
FP_HK,500bO00000tfcjDQAQ,2026-06-02 08:25:49,Closed,HTD5CI,HKG-qvx1,Wallace,No,,,,,No DLQ record found (non-SCCS or pre-MDS failure),Not classified (no DLQ),,,,,,
FP_HK,500bO00000tfgoQQAQ,2026-06-02 08:14:05,Closed,4MXRYR,HKG-i626,FINEPRINT (South Lane) [Extended Delivery],No,,,,,No DLQ record found (non-SCCS or pre-MDS failure),Not classified (no DLQ),,,,,,
FP_HK,500bO00000tfXraQAE,2026-06-02 07:49:07,Closed,4MXRY0,HKG-muco,FINEPRINT (Quarry Bay) [Extended Delivery],No,,,,,No DLQ record found (non-SCCS or pre-MDS failure),Not classified (no DLQ),,,,,,
FP_HK,500bO00000teykJQAQ,2026-06-02 07:17:20,Closed,HTS9SW,HKG-fy82,Mak Kee Yummy Food (Ngau Tau Kok),No,,,,,No DLQ record found (non-SCCS or pre-MDS failure),Not classified (no DLQ),,,,,,
FP_HK,500bO00000tWyS4QAK,2026-06-01 07:35:27,Closed,HT0DM1,HKG-h9jn,Happy Sweet Potato (Sha Kei Wan Road),No,,,,,No DLQ record found (non-SCCS or pre-MDS failure),Not classified (no DLQ),,,,,,
FP_HK,500bO00000tWJpSQAW,2026-06-01 04:33:13,Closed,4MM2E4,HKG-g5an,Sun Haru (Tsim Sha Tsui),No,,,,,No DLQ record found (non-SCCS or pre-MDS failure),Not classified (no DLQ),,,,,,
FP_HK,500bO00000tVzu4QAC,2026-06-01 03:41:10,Closed,4MQBS6,HKG-fspy,Chung So Si Fong Dessert (Whampoa),No,,,,,No DLQ record found (non-SCCS or pre-MDS failure),Not classified (no DLQ),,,,,,
FP_HK,500bO00000tWFSVQA4,2026-06-01 03:32:02,Closed,HRQUEM,HKG-ft7r,Wo Shun Kee (Kowloon City),No,,,,,No DLQ record found (non-SCCS or pre-MDS failure),Not classified (no DLQ),,,,,,
FP_HK,500bO00000tVd3vQAC,2026-06-01 02:53:50,Closed,4MV4D9,HKG-k68n,Golden Jade Wo Kee Seafood Restaurant [Extended Delivery],No,,,,,No DLQ record found (non-SCCS or pre-MDS failure),Not classified (no DLQ),,,,,,
FP_HK,500bO00000tWCHnQAO,2026-06-01 02:47:57,Closed,HTRWH1,HKG-bvh9,Golden Jade Wo Kee Seafood Restaurant,No,,,,,No DLQ record found (non-SCCS or pre-MDS failure),Not classified (no DLQ),,,,,,
FP_HK,500bO00000tVdFDQA0,2026-06-01 01:30:57,Closed,HTZGSG,HKG-yufj,Injoi (Tai Hang),No,,,,,No DLQ record found (non-SCCS or pre-MDS failure),Not classified (no DLQ),,,,,,
FP_HK,500bO00000tT1E3QAK,2026-05-30 07:59:33,Closed,4FKS4P,HKG-bf0q,Tsui Yuen Restaurant (Shek Kip Mei),No,,,,,No DLQ record found (non-SCCS or pre-MDS failure),Not classified (no DLQ),,,,,,
FP_HK,500bO00000tRwjTQAS,2026-05-30 07:48:33,Closed,HT0ZQM,HKG-w97r,Ten Pop Fried Chicken,No,,,,,No DLQ record found (non-SCCS or pre-MDS failure),Not classified (no DLQ),,,,,,
FP_HK,500bO00000tSyUgQAK,2026-05-30 07:37:26,Closed,HT0ZQU,HKG-amla,Ten Fish Ten Grains,No,,,,,No DLQ record found (non-SCCS or pre-MDS failure),Not classified (no DLQ),,,,,,
FP_HK,500bO00000tT0OLQA0,2026-05-30 06:52:22,Closed,HTN9VI,HKG-h5gs,Chicken Soup Expert,No,,,,,No DLQ record found (non-SCCS or pre-MDS failure),Not classified (no DLQ),,,,,,
FP_HK,500bO00000tSgDWQA0,2026-05-30 05:04:56,Closed,HAFC8V,HKG-yh01,BODHI,No,,,,,No DLQ record found (non-SCCS or pre-MDS failure),Not classified (no DLQ),,,,,,
FP_HK,500bO00000tO4mAQAS,2026-05-29 09:55:36,Closed,4MXQU9,HKG-qa55,Haru Haru Korean Bento (Tsim Sha Tsui),No,,,,,No DLQ record found (non-SCCS or pre-MDS failure),Not classified (no DLQ),,,,,,
FP_HK,500bO00000tOTlzQAG,2026-05-29 08:53:41,Closed,HT0OG9,HKG-eutf,Happy Sweet Potato (Wong Tai Sin),No,,,,,No DLQ record found (non-SCCS or pre-MDS failure),Not classified (no DLQ),,,,,,
FP_HK,500bO00000tNdp6QAC,2026-05-29 07:50:31,Closed,HT08WG,HKG-ow1l,Top Roast Goose (Kin Shing Building),No,,,,,No DLQ record found (non-SCCS or pre-MDS failure),Not classified (no DLQ),,,,,,
FP_HK,500bO00000tN44wQAC,2026-05-29 04:17:39,Closed,4MXVKU,HKG-kss4,Guest BBQ (Fo Tan) [Extended Delivery],No,,,,,No DLQ record found (non-SCCS or pre-MDS failure),Not classified (no DLQ),,,,,,
FP_HK,500bO00000tI6usQAC,2026-05-28 01:29:22,Closed,4MXVLA,HKG-p99n,Chill Meh (Shek Kip Mei) [Extended Delivery],No,,,,,No DLQ record found (non-SCCS or pre-MDS failure),Not classified (no DLQ),,,,,,
FP_HK,500bO00000tDQEqQAO,2026-05-27 08:05:22,Closed,HT0JM6,HKG-t5r2,Tea Land (Tin Wan),No,,,,,No DLQ record found (non-SCCS or pre-MDS failure),Not classified (no DLQ),,,,,,
FP_HK,500bO00000tDfyYQAS,2026-05-27 07:30:15,Closed,HT0HKW,HKG-lkuz,Tokachi Milky (K11 Musea),No,,,,,No DLQ record found (non-SCCS or pre-MDS failure),Not classified (no DLQ),,,,,,
FP_HK,500bO00000tCr2UQAS,2026-05-27 03:31:43,Closed,4MXVH4,HKG-wmhl,WS Dessert (Ma Liu Shui) [Extended Delivery],No,,,,,No DLQ record found (non-SCCS or pre-MDS failure),Not classified (no DLQ),,,,,,
FP_HK,500bO00000tCtp3QAC,2026-05-27 03:27:02,Closed,4MXV69,HKG-f2gf,Cafe Tolo (Ma Liu Shui) [Extended Delivery],No,,,,,No DLQ record found (non-SCCS or pre-MDS failure),Not classified (no DLQ),,,,,,
FP_HK,500bO00000t7JWoQAM,2026-05-26 02:48:25,Closed,4MM2RB,HKG-gxmu,Vegetarian Delight House [Extended Delivery],No,,,,,No DLQ record found (non-SCCS or pre-MDS failure),Not classified (no DLQ),,,,,,
FP_KH,500bO00000uCbgRQAS,2026-06-09 07:19:58,Closed,HTWK9Z,KHM-rvoo,Frog Kitchen (TTP II),No,,,,,No DLQ record found (non-SCCS or pre-MDS failure),Not classified (no DLQ),,,,,,
FP_KH,500bO00000tf9ZEQAY,2026-06-02 08:57:04,Closed,HT0C7I,KHM-hiq4,KALAKOPI (Poi Pet),No,,,,,No DLQ record found (non-SCCS or pre-MDS failure),Not classified (no DLQ),,,,,,
FP_KH,500bO00000tWsnGQAS,2026-06-01 07:38:17,Closed,HTN9J5,KHM-p5qh,Veang Kafe (BKK),No,,,,,No DLQ record found (non-SCCS or pre-MDS failure),Not classified (no DLQ),,,,,,
FP_KH,500bO00000tWhILQA0,2026-06-01 06:10:22,Closed,HT0AIT,KHM-s66m,Al Syed Restaurant (St. 371),No,,,,,No DLQ record found (non-SCCS or pre-MDS failure),Not classified (no DLQ),,,,,,
FP_KH,500bO00000tDSACQA4,2026-05-27 09:31:24,Closed,HT05GM,KHM-e50z,Nana Chinese Style BBQ (7 Makara),No,,,,,No DLQ record found (non-SCCS or pre-MDS failure),Not classified (no DLQ),,,,,,
FP_KH,500bO00000t4JScQAM,2026-05-25 08:43:01,Closed,HT0KSI,KHM-jema,Dr. Pizza (Krong Preah Sihanouk),No,,,,,No DLQ record found (non-SCCS or pre-MDS failure),Not classified (no DLQ),,,,,,
FP_KH,500bO00000t4YeYQAU,2026-05-25 08:25:02,Closed,HT0KNJ,KHM-dpag,Dr. Pizza (Siem Reap),No,,,,,No DLQ record found (non-SCCS or pre-MDS failure),Not classified (no DLQ),,,,,,
FP_KH,500bO00000t3sSQQAY,2026-05-25 04:48:00,Closed,HT0KS4,KHM-zyqp,Neavea Restaurant (Daun Penh),No,,,,,No DLQ record found (non-SCCS or pre-MDS failure),Not classified (no DLQ),,,,,,
FP_LA,500bO00000tgTh4QAE,2026-06-02 10:41:11,Closed,HT075X,LAO-cma0,PPLL ຊານົມໄຂ່ມຸກ (ໜອງພະຍາ),No,,,,,No DLQ record found (non-SCCS or pre-MDS failure),Not classified (no DLQ),,,,,,
FP_LA,500bO00000tgATFQA2,2026-06-02 10:35:11,Closed,HT07US,LAO-r5gj,PPLL ຊານົມໄຂ່ມຸກ (ຫ້ວຍຫົງ),No,,,,,No DLQ record found (non-SCCS or pre-MDS failure),Not classified (no DLQ),,,,,,
FP_LA,500bO00000tg0TsQAI,2026-06-02 10:16:35,Closed,HTT0BC,LAO-treu,PPLL ຊານົມໄຂ່ມຸກ (ໜອງປາໄນ),No,,,,,No DLQ record found (non-SCCS or pre-MDS failure),Not classified (no DLQ),,,,,,
FP_LA,500bO00000tXMJqQAO,2026-06-01 08:27:04,Closed,HT0F4T,LAO-vti2,Snacke,No,,,,,No DLQ record found (non-SCCS or pre-MDS failure),Not classified (no DLQ),,,,,,
FP_LA,500bO00000tNhUSQA0,2026-05-29 08:21:54,Closed,HT070E,LAO-jhxx,ຮ້ານ ກິນແຊບບຸບເຟ້,No,,,,,No DLQ record found (non-SCCS or pre-MDS failure),Not classified (no DLQ),,,,,,
FP_LA,500bO00000tNaCuQAK,2026-05-29 08:20:42,Closed,HRBPFC,LAO-ycnv,ຮ້ານ ໄທເຮົາ ມາລ່າຖາງ,No,,,,,No DLQ record found (non-SCCS or pre-MDS failure),Not classified (no DLQ),,,,,,
FP_LA,500bO00000tNMZdQAO,2026-05-29 03:40:57,Closed,HT0C9M,LAO-d8g0,ຈິນອາຍມາກມາຍເຂົ້າກ່ອງນ້ອຍ,No,,,,,No DLQ record found (non-SCCS or pre-MDS failure),Not classified (no DLQ),,,,,,
FP_LA,500bO00000tJj53QAC,2026-05-28 09:52:47,Closed,HT0AIL,LAO-uwvg,Min’t Coffee & Spa,No,,,,,No DLQ record found (non-SCCS or pre-MDS failure),Not classified (no DLQ),,,,,,
FP_LA,500bO00000tJ8TsQAK,2026-05-28 08:30:17,Closed,HT0FB4,LAO-ov3q,ຮ້ານ ປູຈ່າໝີ່ກ້ຽວພັນປີ,No,,,,,No DLQ record found (non-SCCS or pre-MDS failure),Not classified (no DLQ),,,,,,
FP_LA,500bO00000tEUjKQAW,2026-05-27 10:38:15,Closed,HT0FB3,LAO-hols,ຮ້ານ ຕຳຍຳແຊບ ແມ່ຕູ້ຍ,No,,,,,No DLQ record found (non-SCCS or pre-MDS failure),Not classified (no DLQ),,,,,,
FP_LA,500bO00000tDcXmQAK,2026-05-27 08:35:30,Closed,HT0JXL,LAO-x1md,Pun Cafe (ສີຫອມ),No,,,,,No DLQ record found (non-SCCS or pre-MDS failure),Not classified (no DLQ),,,,,,
FP_LA,500bO00000tDQ5EQAW,2026-05-27 08:30:31,Closed,HT08YX,LAO-tyiw,ຕີນ່າ ຊີສ ເຊກ,No,,,,,No DLQ record found (non-SCCS or pre-MDS failure),Not classified (no DLQ),,,,,,
FP_LA,500bO00000t9LC8QAM,2026-05-26 09:11:42,Closed,HTE7E0,LAO-jssn,ເຕົາຟູ,No,,,,,No DLQ record found (non-SCCS or pre-MDS failure),Not classified (no DLQ),,,,,,
FP_LA,500bO00000t9KERQA2,2026-05-26 09:09:53,Closed,HT0REQ,LAO-hyje,ເອໄອ ໄສ້ອົ່ວແຊບ & ອາຫານພື້ນເມືອງລາວ,No,,,,,No DLQ record found (non-SCCS or pre-MDS failure),Not classified (no DLQ),,,,,,
FP_LA,500bO00000t8KwQQAU,2026-05-26 04:12:29,Closed,HTNKTU,LAO-lqhu,Panda 13 Fc,No,,,,,No DLQ record found (non-SCCS or pre-MDS failure),Not classified (no DLQ),,,,,,
FP_MM,500bO00000tDA0SQAW,2026-05-27 08:25:48,Closed,HPBXQI,MMR-dgez,Enjoy Cafe,No,,,,,No DLQ record found (non-SCCS or pre-MDS failure),Not classified (no DLQ),,,,,,
FP_MM,500bO00000tA3bGQAS,2026-05-26 10:23:46,Closed,HT0ZMZ,MMR-ry1k,Brew & Go coffee slow bar (အောင်မြေသာစံ),No,,,,,No DLQ record found (non-SCCS or pre-MDS failure),Not classified (no DLQ),,,,,,
FP_MM,500bO00000t9D5nQAE,2026-05-26 09:02:11,Closed,HTN43B,MMR-g09t,ပွင့်သစ်စ Snacks & Drink,No,,,,,No DLQ record found (non-SCCS or pre-MDS failure),Not classified (no DLQ),,,,,,
FP_MM,500bO00000t9ceHQAQ,2026-05-26 08:55:31,Closed,HZ34EI,MMR-mwif,Min Min Foods Art,No,,,,,No DLQ record found (non-SCCS or pre-MDS failure),Not classified (no DLQ),,,,,,
FP_MM,500bO00000t99hDQAQ,2026-05-26 08:25:18,Closed,HT0ZC7,MMR-dyqw,ပိုင်ရတနာ (ပြည်ကြီးတံခွန်),No,,,,,No DLQ record found (non-SCCS or pre-MDS failure),Not classified (no DLQ),,,,,,
FP_MM,500bO00000t8p8zQAA,2026-05-26 06:46:01,Closed,HT080T,MMR-gt4j,ရွှေစားကောင်း မြန်မာထမင်းဆိုင်,No,,,,,No DLQ record found (non-SCCS or pre-MDS failure),Not classified (no DLQ),,,,,,
FP_MM,500bO00000t8mvtQAA,2026-05-26 06:37:02,Closed,HT0AUI,MMR-bqjg,မြင့်မိုရ်ဦးစားဖွယ်စုံ,No,,,,,No DLQ record found (non-SCCS or pre-MDS failure),Not classified (no DLQ),,,,,,
FP_MM,500bO00000t80qbQAA,2026-05-26 04:57:58,Closed,HTP073,MMR-lp4n,Parami Malai Sweets ပါရမီ မလိုင်မုန့် (ချမ်းအေးသာစံ),No,,,,,No DLQ record found (non-SCCS or pre-MDS failure),Not classified (no DLQ),,,,,,
FP_MM,500bO00000t5YRHQA2,2026-05-25 14:32:51,Closed,HT0ZCK,MMR-wiyj,နှင်းဆီ မာလာ spicy အကင်သုပ်နှင့်အအေးမျိုးစုံ,No,,,,,No DLQ record found (non-SCCS or pre-MDS failure),Not classified (no DLQ),,,,,,
FP_MM,500bO00000t4zerQAA,2026-05-25 14:23:34,Closed,HT0RBW,MMR-eqwk,Bamboo Sushi,No,,,,,No DLQ record found (non-SCCS or pre-MDS failure),Not classified (no DLQ),,,,,,
FP_MM,500bO00000t4xbJQAQ,2026-05-25 10:11:56,Closed,HTNX08,MMR-tkhx,ဖတ်တီး Snack Shop,No,,,,,No DLQ record found (non-SCCS or pre-MDS failure),Not classified (no DLQ),,,,,,
FP_MM,500bO00000t4S1SQAU,2026-05-25 09:24:02,Closed,HTNE9A,MMR-ujv8,ရွှေတိုး စားဖွယ်စုံ,No,,,,,No DLQ record found (non-SCCS or pre-MDS failure),Not classified (no DLQ),,,,,,
FP_MM,500bO00000t4Qh5QAE,2026-05-25 08:34:29,Closed,HT0KOF,MMR-jgfo,Mala Bites (ချမ်းမြသာစည်),No,,,,,No DLQ record found (non-SCCS or pre-MDS failure),Not classified (no DLQ),,,,,,
FP_MM,500bO00000t4FvOQAU,2026-05-25 07:37:32,Closed,HT046M,MMR-hwd6,Cafe & Cafe Roastery and Specialty Coffee,No,,,,,No DLQ record found (non-SCCS or pre-MDS failure),Not classified (no DLQ),,,,,,
FP_MM,500bO00000t3enfQAA,2026-05-25 04:16:24,Closed,HTWSI0,MMR-fbc3,Waffle Fairy,No,,,,,No DLQ record found (non-SCCS or pre-MDS failure),Not classified (no DLQ),,,,,,
FP_MY,500bO00000uJr6nQAC,2026-06-10 09:30:33,Closed,HT04PW,MYS-fosj,SYPPS.CO (Bestari Perdana),No,,,,,No DLQ record found (non-SCCS or pre-MDS failure),Not classified (no DLQ),,,,,,
FP_MY,500bO00000uHdERQA0,2026-06-10 04:31:02,Closed,HTURHW,MYS-rmdx,Toast Maker (KPJ Rawang),No,,,,,No DLQ record found (non-SCCS or pre-MDS failure),Not classified (no DLQ),,,,,,
FP_MY,500bO00000uI94cQAC,2026-06-10 04:29:47,Closed,HT0C2V,MYS-qep6,"ZUS Coffee (Radia Residence, Bukit Jelutong)",No,,,,,No DLQ record found (non-SCCS or pre-MDS failure),Not classified (no DLQ),,,,,,
FP_MY,500bO00000uHPwFQAW,2026-06-10 02:33:14,Closed,HT0CFB,MYS-zwlp,ZUS Coffee (Menara Multi),No,,,,,No DLQ record found (non-SCCS or pre-MDS failure),Not classified (no DLQ),,,,,,
FP_MY,500bO00000uI1dKQAS,2026-06-10 02:08:16,Closed,HT0CFC,MYS-rh57,"ZUS Coffee (Taman Impian Emas, Skudai)",No,,,,,No DLQ record found (non-SCCS or pre-MDS failure),Not classified (no DLQ),,,,,,
FP_MY,500bO00000uI0FpQAK,2026-06-10 01:51:38,Closed,HT0CYY,MYS-vgip,ZUS Coffee (SKS City Mall JBCC),No,,,,,No DLQ record found (non-SCCS or pre-MDS failure),Not classified (no DLQ),,,,,,
FP_MY,500bO00000uHz6rQAC,2026-06-10 01:38:09,Closed,HT0CYN,MYS-p9r3,"ZUS Coffee (Caltex Pajam, Mantin)",No,,,,,No DLQ record found (non-SCCS or pre-MDS failure),Not classified (no DLQ),,,,,,
FP_MY,500bO00000uHGzQQAW,2026-06-10 01:14:56,Closed,HT0C50,MYS-mhxy,"ZUS Coffee (Lutong, Miri)",No,,,,,No DLQ record found (non-SCCS or pre-MDS failure),Not classified (no DLQ),,,,,,
FP_MY,500bO00000uD3RIQA0,2026-06-09 08:35:13,Closed,HTNBJ6,MYS-tnuz,Masakan ibunda (KINRARA),No,,,,,No DLQ record found (non-SCCS or pre-MDS failure),Not classified (no DLQ),,,,,,
FP_MY,500bO00000u6YTQQA2,2026-06-08 08:56:14,Closed,HTN9U1,MYS-lfkx,Cravings Stall Burger & Ayam Gunting (Jalan Rotan Cucur),No,,,,,No DLQ record found (non-SCCS or pre-MDS failure),Not classified (no DLQ),,,,,,
FP_MY,500bO00000u5a4KQAQ,2026-06-08 08:09:23,Closed,HTNXHR,MYS-qxv4,Gerai Makanan dan Minuman Hidrayani Enterprise (Bandar Seri Alam),No,,,,,No DLQ record found (non-SCCS or pre-MDS failure),Not classified (no DLQ),,,,,,
FP_MY,500bO00000u6DaFQAU,2026-06-08 07:46:13,Closed,HTS6NU,MYS-ft1p,Master Lim Private Kitchen 林师傅私房菜 (Kedah),No,,,,,No DLQ record found (non-SCCS or pre-MDS failure),Not classified (no DLQ),,,,,,
FP_MY,500bO00000u59wuQAA,2026-06-08 02:16:47,Closed,HT08KM,MYS-z4d6,Jacket Potato Loverload,No,,,,,No DLQ record found (non-SCCS or pre-MDS failure),Not classified (no DLQ),,,,,,
FP_MY,500bO00000u516jQAA,2026-06-08 01:47:58,Closed,HTSKE7,MYS-dtku,Coolhaus Ice Cream (Financial Park Complex Labuan),No,,,,,No DLQ record found (non-SCCS or pre-MDS failure),Not classified (no DLQ),,,,,,
FP_MY,500bO00000twNJ9QAM,2026-06-05 08:26:28,Closed,HT0B3D,MYS-k4qg,BB Cakoi (Jalan Jaya Gading 1),No,,,,,No DLQ record found (non-SCCS or pre-MDS failure),Not classified (no DLQ),,,,,,
FP_MY,500bO00000tvkY0QAI,2026-06-05 07:25:23,Closed,HT0EH1,MYS-wt4z,Ayam Gunting Yum Yum (Taman Tas),No,,,,,No DLQ record found (non-SCCS or pre-MDS failure),Not classified (no DLQ),,,,,,
FP_MY,500bO00000tvsbxQAA,2026-06-05 06:35:15,Closed,HT07RY,MYS-klf3,Zhang Lao San Beef Noodle (Sunway Mentari),No,,,,,No DLQ record found (non-SCCS or pre-MDS failure),Not classified (no DLQ),,,,,,
FP_MY,500bO00000tv6YrQAI,2026-06-05 01:57:26,Closed,HTNBIX,MYS-fcz6,Kenangan Coffee (Jalan Besar Jerteh),No,,,,,No DLQ record found (non-SCCS or pre-MDS failure),Not classified (no DLQ),,,,,,
FP_MY,500bO00000tv23rQAA,2026-06-05 01:48:18,Closed,HTNZ3N,MYS-ns9j,Kafe Seoul Bites (Setia Alam),No,,,,,No DLQ record found (non-SCCS or pre-MDS failure),Not classified (no DLQ),,,,,,
FP_MY,500bO00000trRf7QAE,2026-06-04 07:27:33,Closed,HT04TU,MYS-z9w6,Mr Bro Burger 2 (Taman Bayu PPR Bayu Kota Belud),No,,,,,No DLQ record found (non-SCCS or pre-MDS failure),Not classified (no DLQ),,,,,,
FP_MY,500bO00000tqdk5QAA,2026-06-04 04:13:19,Closed,HTPR8O,MYS-lw8j,COKK BURGER,No,,,,,No DLQ record found (non-SCCS or pre-MDS failure),Not classified (no DLQ),,,,,,
FP_MY,500bO00000tqerKQAQ,2026-06-04 02:59:38,Closed,HTUWTI,MYS-fsjx,Lepak Tepi Jalan @ KL,No,,,,,No DLQ record found (non-SCCS or pre-MDS failure),Not classified (no DLQ),,,,,,
FP_MY,500bO00000tkXshQAE,2026-06-03 08:14:54,Closed,HT07WX,MYS-ydq9,Chat Hei Claypot Restaurant (七囍砂锅) (Bukit Jalil),No,,,,,No DLQ record found (non-SCCS or pre-MDS failure),Not classified (no DLQ),,,,,,
FP_MY,500bO00000tfx7iQAA,2026-06-02 08:52:28,Closed,HT08KZ,MYS-yaz0,蓉蓉糖水铺 Yong Dessert (Taman Setia Indah),No,,,,,No DLQ record found (non-SCCS or pre-MDS failure),Not classified (no DLQ),,,,,,
FP_MY,500bO00000tf6Y2QAI,2026-06-02 07:23:49,Closed,HTNZE3,MYS-wt3n,"J.CO Donut & Coffee (Sutera Mall, Johor Bahru)",No,,,,,No DLQ record found (non-SCCS or pre-MDS failure),Not classified (no DLQ),,,,,,
FP_MY,500bO00000tSTDlQAO,2026-05-30 02:48:13,Closed,HTS9LM,MYS-najn,Ah Lek Ayam Penyet 阿烈印尼炸鸡 (Da Jia Lai),No,,,,,No DLQ record found (non-SCCS or pre-MDS failure),Not classified (no DLQ),,,,,,
FP_MY,500bO00000tSaajQAC,2026-05-30 02:39:47,Closed,HT0C95,MYS-jk5h,Dragon Bliss (Taman Molek),No,,,,,No DLQ record found (non-SCCS or pre-MDS failure),Not classified (no DLQ),,,,,,
FP_MY,500bO00000tRhj8QAC,2026-05-30 01:52:37,Closed,HTN4HI,MYS-h4wb,Ah Lek Ayam Penyet 阿烈印尼炸鸡  (SJ 888 Restaurant),No,,,,,No DLQ record found (non-SCCS or pre-MDS failure),Not classified (no DLQ),,,,,,
FP_MY,500bO00000tSSIFQA4,2026-05-30 01:22:29,Closed,HT4B3C,MYS-yeis,WARONG WAK DON,No,,,,,No DLQ record found (non-SCCS or pre-MDS failure),Not classified (no DLQ),,,,,,
FP_MY,500bO00000tO6uDQAS,2026-05-29 07:21:46,Closed,HT0YT8,MYS-rv41,New Origins Of Variety Coffee (Pj),No,,,,,No DLQ record found (non-SCCS or pre-MDS failure),Not classified (no DLQ),,,,,,
FP_MY,500bO00000tNnQBQA0,2026-05-29 07:11:34,Closed,HPKHVS,MYS-lsfm,Ashtine Desserts (Taman Ukay Perdana),No,,,,,No DLQ record found (non-SCCS or pre-MDS failure),Not classified (no DLQ),,,,,,
FP_MY,500bO00000tNtaQQAS,2026-05-29 07:04:01,Closed,HTWFF2,MYS-rcwh,OldTown White Coffee (Gamuda Cove),No,,,,,No DLQ record found (non-SCCS or pre-MDS failure),Not classified (no DLQ),,,,,,
FP_MY,500bO00000tO0btQAC,2026-05-29 07:00:30,Closed,HTN9RW,MYS-x7lt,Pinoy Foodie (Taman Angsana),No,,,,,No DLQ record found (non-SCCS or pre-MDS failure),Not classified (no DLQ),,,,,,
FP_MY,500bO00000tJoj5QAC,2026-05-28 09:57:27,Closed,HTNEY5,MYS-mloh,RESTAURANT SELERA OTAI KEMTA  (Kampung pasir),No,,,,,No DLQ record found (non-SCCS or pre-MDS failure),Not classified (no DLQ),,,,,,
FP_MY,500bO00000tCbc6QAC,2026-05-27 01:28:03,Closed,HTNXA6,MYS-ngjh,Niksoh Fried Chicken (Pantai Baru),No,,,,,No DLQ record found (non-SCCS or pre-MDS failure),Not classified (no DLQ),,,,,,
FP_MY,500bO00000tCjphQAC,2026-05-27 01:21:51,Closed,HTSOKG,MYS-e4dc,D'Dapur Mia (Jalan Panggong Wayang),No,,,,,No DLQ record found (non-SCCS or pre-MDS failure),Not classified (no DLQ),,,,,,
FP_MY,500bO00000tCjjFQAS,2026-05-27 01:19:20,Closed,HTTUY5,MYS-gteq,Cafe 15 Seri Daud Tomyam (Jalan Ampang Baru),No,,,,,No DLQ record found (non-SCCS or pre-MDS failure),Not classified (no DLQ),,,,,,
FP_MY,500bO00000tChspQAC,2026-05-27 01:19:05,Closed,HTWUWB,MYS-oggk,Happy Potato (Mydin MITC Melaka),No,,,,,No DLQ record found (non-SCCS or pre-MDS failure),Not classified (no DLQ),,,,,,
FP_MY,500bO00000tCinBQAS,2026-05-27 01:16:51,Closed,HPPRBM,MYS-rbuk,The Warong Food (Taman Bandar),No,,,,,No DLQ record found (non-SCCS or pre-MDS failure),Not classified (no DLQ),,,,,,
FP_MY,500bO00000tCZVPQA4,2026-05-27 01:07:04,Closed,HTTUU8,MYS-rs56,Golden Burger (Jalan PBC 1),No,,,,,No DLQ record found (non-SCCS or pre-MDS failure),Not classified (no DLQ),,,,,,
FP_MY,500bO00000t99PPQAY,2026-05-26 08:16:25,Closed,HT0ZV4,MYS-k8gt,Aliya fries chicken  (Jalan bukit setongkol),No,,,,,No DLQ record found (non-SCCS or pre-MDS failure),Not classified (no DLQ),,,,,,
FP_MY,500bO00000t8UUVQA2,2026-05-26 07:17:18,Closed,HTNKI4,MYS-dj0v,MIXUE (IOI SEGAMAT),No,,,,,No DLQ record found (non-SCCS or pre-MDS failure),Not classified (no DLQ),,,,,,
FP_MY,500bO00000t8dhJQAQ,2026-05-26 07:10:11,Closed,HT0EL4,MYS-xcod,Corner No.4 (Taman Selera Baji Jaya Blok Lama),No,,,,,No DLQ record found (non-SCCS or pre-MDS failure),Not classified (no DLQ),,,,,,
FP_MY,500bO00000t8MjjQAE,2026-05-26 07:08:33,Closed,HT0Z7M,MYS-tuax,SINAR BAJET BST (jalan bukit setongkol),No,,,,,No DLQ record found (non-SCCS or pre-MDS failure),Not classified (no DLQ),,,,,,
FP_MY,500bO00000t8dKkQAI,2026-05-26 06:51:52,Closed,HT084K,MYS-wmx8,MIXUE (TERMINAL 1 BUS STOP),No,,,,,No DLQ record found (non-SCCS or pre-MDS failure),Not classified (no DLQ),,,,,,
FP_MY,500bO00000t8kKZQAY,2026-05-26 06:48:34,Closed,HTN4X4,MYS-feta,RESTORAN AL-JIEMA (Muar),No,,,,,No DLQ record found (non-SCCS or pre-MDS failure),Not classified (no DLQ),,,,,,
FP_MY,500bO00000t8HDmQAM,2026-05-26 06:39:28,Closed,HT0Z5T,MYS-pbxn,Lemang PakLang (Bandar Sri Permaisuri),No,,,,,No DLQ record found (non-SCCS or pre-MDS failure),Not classified (no DLQ),,,,,,
FP_MY,500bO00000t8WESQA2,2026-05-26 06:30:45,Closed,HTNZKD,MYS-cbjm,Tealive (Jakel Mall),No,,,,,No DLQ record found (non-SCCS or pre-MDS failure),Not classified (no DLQ),,,,,,
FP_MY,500bO00000t8OqbQAE,2026-05-26 06:26:37,Closed,HT084H,MYS-vob0,MIXUE (KUBANG SEMANG),No,,,,,No DLQ record found (non-SCCS or pre-MDS failure),Not classified (no DLQ),,,,,,
FP_MY,500bO00000t7yh3QAA,2026-05-26 04:49:32,Closed,HTN9HM,MYS-a3sl,CHAGEE (Boulevard Commercial Centre Miri),No,,,,,No DLQ record found (non-SCCS or pre-MDS failure),Not classified (no DLQ),,,,,,
FP_MY,500bO00000t8JE3QAM,2026-05-26 04:37:59,Closed,HTTSQ0,MYS-yih7,Mr. Chicken Rice (Puchong Jaya),No,,,,,No DLQ record found (non-SCCS or pre-MDS failure),Not classified (no DLQ),,,,,,
FP_MY,500bO00000t8PG6QAM,2026-05-26 04:27:54,Closed,HPQYIV,MYS-gebc,Sanoothai Southern Thai Cuisine (Central I-City),No,,,,,No DLQ record found (non-SCCS or pre-MDS failure),Not classified (no DLQ),,,,,,
FP_MY,500bO00000t8H2UQAU,2026-05-26 04:12:34,Closed,HTSVN5,MYS-imec,MIXUE (ECONSAVE MUAR),No,,,,,No DLQ record found (non-SCCS or pre-MDS failure),Not classified (no DLQ),,,,,,
FP_MY,500bO00000t7w3TQAQ,2026-05-26 04:11:49,Closed,HTPWGO,MYS-e3mc,TFW Coffee (Jalan Tun Razak),No,,,,,No DLQ record found (non-SCCS or pre-MDS failure),Not classified (no DLQ),,,,,,
FP_MY,500bO00000t8DGfQAM,2026-05-26 04:01:34,Closed,HT08DJ,MYS-kdtv,Laksa Bonda (Padang Pak Amat),No,,,,,No DLQ record found (non-SCCS or pre-MDS failure),Not classified (no DLQ),,,,,,
FP_MY,500bO00000t8CkRQAU,2026-05-26 03:51:59,Closed,HT03OV,MYS-to8d,Ayam Gunting Nisya Crispy Chicken (Permatang Pauh),No,,,,,No DLQ record found (non-SCCS or pre-MDS failure),Not classified (no DLQ),,,,,,
FP_MY,500bO00000t8DZzQAM,2026-05-26 03:43:53,Closed,HPX3F8,MYS-hg0j,Roti Tempayan & Restoran Warisan Gobbanali (Wakaf Bharu),No,,,,,No DLQ record found (non-SCCS or pre-MDS failure),Not classified (no DLQ),,,,,,
FP_MY,500bO00000t8G6OQAU,2026-05-26 03:34:34,Closed,HTN9PI,MYS-venn,Marjeena Signature ( Bandar Perda ),No,,,,,No DLQ record found (non-SCCS or pre-MDS failure),Not classified (no DLQ),,,,,,
FP_MY,500bO00000t7wuPQAQ,2026-05-26 03:33:33,Closed,HPX4BA,MYS-uu20,Nasi Zara (Jalan Bukit Marak),No,,,,,No DLQ record found (non-SCCS or pre-MDS failure),Not classified (no DLQ),,,,,,
FP_MY,500bO00000t8IjGQAU,2026-05-26 03:25:40,Closed,HTNZ8A,MYS-msd1,Ayam Gepuk Leqlu (Semenyih),No,,,,,No DLQ record found (non-SCCS or pre-MDS failure),Not classified (no DLQ),,,,,,
FP_MY,500bO00000t6NrcQAE,2026-05-26 03:22:04,Closed,HTSGQY,MYS-h1aa,Domain Shawarma (Biz Avenue 2),No,,,,,No DLQ record found (non-SCCS or pre-MDS failure),Not classified (no DLQ),,,,,,
FP_MY,500bO00000t8DEyQAM,2026-05-26 03:19:27,Closed,HT04SD,MYS-kxcm,Kedai Makan Nasi Kerabu UUU (Jalan Kota Bharu),No,,,,,No DLQ record found (non-SCCS or pre-MDS failure),Not classified (no DLQ),,,,,,
FP_MY,500bO00000t7JQ3QAM,2026-05-26 03:14:30,Closed,HTK0XA,MYS-fdmg,MIXUE (GUAR UTAMA),No,,,,,No DLQ record found (non-SCCS or pre-MDS failure),Not classified (no DLQ),,,,,,
FP_MY,500bO00000t8I9lQAE,2026-05-26 03:10:56,Closed,HT04T9,MYS-afab,Tepak Skalo (Kota Bharu),No,,,,,No DLQ record found (non-SCCS or pre-MDS failure),Not classified (no DLQ),,,,,,
FP_MY,500bO00000t8HdVQAU,2026-05-26 03:05:46,Closed,HT086H,MYS-fmeq,MIXUE (Kebun Sultan),No,,,,,No DLQ record found (non-SCCS or pre-MDS failure),Not classified (no DLQ),,,,,,
FP_MY,500bO00000t7Ih3QAE,2026-05-26 02:45:55,Closed,HTN9LQ,MYS-ae2k,Roti Tempayan Warisan (Jalan Lundang),No,,,,,No DLQ record found (non-SCCS or pre-MDS failure),Not classified (no DLQ),,,,,,
FP_MY,500bO00000t85ECQAY,2026-05-26 02:23:45,Closed,HTSY74,MYS-usb1,MIXUE (Platinum Seksyen 7),No,,,,,No DLQ record found (non-SCCS or pre-MDS failure),Not classified (no DLQ),,,,,,
FP_MY,500bO00000t8BEBQA2,2026-05-26 02:20:47,Closed,HTN9L2,MYS-up41,Nasi Kerabu Tumis Munie (Balok),No,,,,,No DLQ record found (non-SCCS or pre-MDS failure),Not classified (no DLQ),,,,,,
FP_MY,500bO00000t7wHEQAY,2026-05-26 02:14:30,Closed,HTN9PQ,MYS-z9oq,Nyonya Mansoor (Taman Pekaka),No,,,,,No DLQ record found (non-SCCS or pre-MDS failure),Not classified (no DLQ),,,,,,
FP_MY,500bO00000t7cBFQAY,2026-05-26 01:46:33,Closed,HP7S8X,MYS-oml4,YING Restaurant (Kampung Wakaf Bharu[Non-Halal]),No,,,,,No DLQ record found (non-SCCS or pre-MDS failure),Not classified (no DLQ),,,,,,
FP_MY,500bO00000t7k6gQAA,2026-05-26 01:35:20,Closed,HTRK2D,MYS-d84i,AI-CHA (Uptown Penampang),No,,,,,No DLQ record found (non-SCCS or pre-MDS failure),Not classified (no DLQ),,,,,,
FP_MY,500bO00000t7hnFQAQ,2026-05-26 01:31:24,Closed,HTTU0B,MYS-oxft,Eyna Mee Celup D'FAMA (Bandar Pasir Puteh),No,,,,,No DLQ record found (non-SCCS or pre-MDS failure),Not classified (no DLQ),,,,,,
FP_MY,500bO00000t77OuQAI,2026-05-26 01:29:12,Closed,HTAWXP,MYS-vtvm,The Coffee Diver® (Permas Jaya),No,,,,,No DLQ record found (non-SCCS or pre-MDS failure),Not classified (no DLQ),,,,,,
FP_MY,500bO00000t4O4TQAU,2026-05-25 09:26:22,Closed,HTP0IJ,MYS-tnrt,BingXue Merlimau (NEW),No,,,,,No DLQ record found (non-SCCS or pre-MDS failure),Not classified (no DLQ),,,,,,
FP_MY,500bO00000t4Q7aQAE,2026-05-25 08:06:29,Closed,HTGMAY,MYS-yval,Buloh Perindu (Kampung Bukit Lembu),No,,,,,No DLQ record found (non-SCCS or pre-MDS failure),Not classified (no DLQ),,,,,,
FP_MY,500bO00000t4SFlQAM,2026-05-25 07:50:31,Closed,HTH1ED,MYS-ltvn,Maimie Burger (Bandar Puteri Jaya),No,,,,,No DLQ record found (non-SCCS or pre-MDS failure),Not classified (no DLQ),,,,,,
FP_MY,500bO00000t3g7vQAA,2026-05-25 02:37:54,Closed,HTN9ZD,MYS-xweu,LeeCutz Cafe (Pasir Gudang),No,,,,,No DLQ record found (non-SCCS or pre-MDS failure),Not classified (no DLQ),,,,,,
FP_PH,500bO00000tqFpCQAU,2026-06-04 01:55:33,Closed,HTUBFO,PHL-tk32,ZUS Coffee - Primex Tower,No,,,,,No DLQ record found (non-SCCS or pre-MDS failure),Not classified (no DLQ),,,,,,
FP_PK,500bO00000uSqD7QAK,2026-06-11 21:23:22,New,HTT88N,PAK-ecwm,Monaco Coffee,No,,,,,No DLQ record found (non-SCCS or pre-MDS failure),Not classified (no DLQ),,,,,,
FP_PK,500bO00000uSnvBQAS,2026-06-11 21:10:13,New,HTAGU2,PAK-n17l,Brewtl,No,,,,,No DLQ record found (non-SCCS or pre-MDS failure),Not classified (no DLQ),,,,,,
FP_PK,500bO00000uLEW4QAO,2026-06-10 15:00:37,Closed,HT6D4Q,PAK-lra5,Spud Club,No,,,,,No DLQ record found (non-SCCS or pre-MDS failure),Not classified (no DLQ),,,,,,
FP_PK,500bO00000u9HxUQAU,2026-06-08 17:57:34,Closed,HTUJFM,PAK-ne85,BONITA,No,,,,,No DLQ record found (non-SCCS or pre-MDS failure),Not classified (no DLQ),,,,,,
FP_PK,500bO00000u9mGUQAY,2026-06-08 17:52:39,Closed,HRGU3R,PAK-bvno,Karachi Abbott Rolls & BAR B Q,No,,,,,No DLQ record found (non-SCCS or pre-MDS failure),Not classified (no DLQ),,,,,,
FP_PK,500bO00000tmsg2QAA,2026-06-03 15:18:33,Closed,HTUW8F,PAK-r29l,Super Madina Nalli Biryani,No,,,,,No DLQ record found (non-SCCS or pre-MDS failure),Not classified (no DLQ),,,,,,
FP_PK,500bO00000tiNm1QAE,2026-06-02 17:41:49,Closed,HRGPB8,PAK-d8ca,We Drink - Fazal Center,No,,,,,No DLQ record found (non-SCCS or pre-MDS failure),Not classified (no DLQ),,,,,,
FP_PK,500bO00000tiEnkQAE,2026-06-02 17:38:46,Closed,HT8EZB,PAK-kk7o,TONY'S PIZZA,No,,,,,No DLQ record found (non-SCCS or pre-MDS failure),Not classified (no DLQ),,,,,,
FP_PK,500bO00000tiKEiQAM,2026-06-02 17:35:23,Closed,HT8EHQ,PAK-zs0r,Sanano's Cafe,No,,,,,No DLQ record found (non-SCCS or pre-MDS failure),Not classified (no DLQ),,,,,,
FP_PK,500bO00000thoMyQAI,2026-06-02 17:32:38,Closed,HTNXFX,PAK-tbb4,YARAAN,No,,,,,No DLQ record found (non-SCCS or pre-MDS failure),Not classified (no DLQ),,,,,,
FP_PK,500bO00000tiG6GQAU,2026-06-02 17:20:50,Closed,HT8EAQ,PAK-wrmi,Crave Bake Shop - Nasir Bagh,No,,,,,No DLQ record found (non-SCCS or pre-MDS failure),Not classified (no DLQ),,,,,,
FP_PK,500bO00000tfY7pQAE,2026-06-02 10:28:11,Closed,4MQE0M,PAK-ct46,AMAL DESSERTS,No,,,,,No DLQ record found (non-SCCS or pre-MDS failure),Not classified (no DLQ),,,,,,
FP_PK,500bO00000t69vVQAQ,2026-05-25 17:34:04,Closed,HTK8BZ,PAK-cieh,WOK MAN,No,,,,,No DLQ record found (non-SCCS or pre-MDS failure),Not classified (no DLQ),,,,,,
FP_PK,500bO00000t62NgQAI,2026-05-25 16:52:38,Closed,HRGU3L,PAK-bk4e,Nafees Mutton Chanay & Bong Paaye - Township,No,,,,,No DLQ record found (non-SCCS or pre-MDS failure),Not classified (no DLQ),,,,,,
FP_SG,500bO00000tjHtBQAU,2026-06-03 02:33:41,Closed,HT0MXW,SGP-muz8,Full Bowl 福饱 (Tiong Bahru Plaza),No,,,,,No DLQ record found (non-SCCS or pre-MDS failure),Not classified (no DLQ),,,,,,
FP_SG,500bO00000teqZpQAI,2026-06-02 06:14:30,Closed,HTT0C8,SGP-kqj3,Yi Ping Hainanese Chicken Rice (27 Jalan Berseh),No,,,,,No DLQ record found (non-SCCS or pre-MDS failure),Not classified (no DLQ),,,,,,
FP_SG,500bO00000tecTaQAI,2026-06-02 04:22:00,Closed,HT08T3,SGP-foyp,Kamrai Thong Thai Cuisine (Bedok North Road) – Home-Based Vendor,No,,,,,No DLQ record found (non-SCCS or pre-MDS failure),Not classified (no DLQ),,,,,,
FP_SG,500bO00000td1rNQAQ,2026-06-02 03:53:28,Closed,HT08RD,SGP-pq5e,Full Bowl 福饱 (Chinatown Point),No,,,,,No DLQ record found (non-SCCS or pre-MDS failure),Not classified (no DLQ),,,,,,
FP_SG,500bO00000tWztXQAS,2026-06-01 07:37:34,Closed,HT08AM,SGP-iz8t,Mui Kee  Congee (Raffles City Shoping Centre),No,,,,,No DLQ record found (non-SCCS or pre-MDS failure),Not classified (no DLQ),,,,,,
FP_SG,500bO00000tS1DzQAK,2026-05-30 04:57:23,Closed,HTN9XD,SGP-wm0q,Huay Kwang Thai Wanton Mee (Ubi Rd 5),No,,,,,No DLQ record found (non-SCCS or pre-MDS failure),Not classified (no DLQ),,,,,,
FP_SG,500bO00000tSp4rQAC,2026-05-30 04:53:19,Closed,HTN97A,SGP-obus,Huay Kwang Thai Wanton Mee (Amoy Street Food Centre),No,,,,,No DLQ record found (non-SCCS or pre-MDS failure),Not classified (no DLQ),,,,,,
FP_SG,500bO00000tRsG2QAK,2026-05-30 04:44:28,Closed,HTNPOA,SGP-r0ai,OMMA Chicken Soup (Northpoint City),No,,,,,No DLQ record found (non-SCCS or pre-MDS failure),Not classified (no DLQ),,,,,,
FP_SG,500bO00000tRnZeQAK,2026-05-30 04:26:18,Closed,HR0OBW,SGP-dq7x,Lixiang Noodle House,No,,,,,No DLQ record found (non-SCCS or pre-MDS failure),Not classified (no DLQ),,,,,,
FP_SG,500bO00000t6NrgQAE,2026-05-26 03:45:57,Closed,HTTHR2,SGP-mj4n,Makan Malah (Create Tower),No,,,,,No DLQ record found (non-SCCS or pre-MDS failure),Not classified (no DLQ),,,,,,
FP_SG,500bO00000t8G1VQAU,2026-05-26 02:40:55,Closed,HT08E9,SGP-xi72,Luckin Coffee (The Woodleigh Mall),No,,,,,No DLQ record found (non-SCCS or pre-MDS failure),Not classified (no DLQ),,,,,,
FP_SG,500bO00000t7xV7QAI,2026-05-26 01:57:46,Closed,HR3G10,SGP-zgsb,Indus Folks by Akasa (MBFC),No,,,,,No DLQ record found (non-SCCS or pre-MDS failure),Not classified (no DLQ),,,,,,
FP_SG,500bO00000t7ImCQAU,2026-05-26 01:45:31,Closed,HT08AD,SGP-sw0f,Lemaq (JTC Space),No,,,,,No DLQ record found (non-SCCS or pre-MDS failure),Not classified (no DLQ),,,,,,
FP_SG,500bO00000t3dI7QAI,2026-05-25 02:28:00,Closed,HT08GP,SGP-c2k6,Lao Fu Bak Kut Teh老福 (Hougang Street 21),No,,,,,No DLQ record found (non-SCCS or pre-MDS failure),Not classified (no DLQ),,,,,,
FP_TW,500bO00000tlAKPQA2,2026-06-03 08:14:55,Closed,HT0JPE,TWN-ades,亞丁尼義式麵屋 (大里店),No,,,,,No DLQ record found (non-SCCS or pre-MDS failure),Not classified (no DLQ),,,,,,
FP_TW,500bO00000tk2n8QAA,2026-06-03 03:52:52,Closed,HRQFFN,TWN-nvvd,皇殿鐵板燒,No,,,,,No DLQ record found (non-SCCS or pre-MDS failure),Not classified (no DLQ),,,,,,
FP_TW,500bO00000tk3JNQAY,2026-06-03 03:46:27,Closed,HT05X9,TWN-re6d,玖禾壽司,No,,,,,No DLQ record found (non-SCCS or pre-MDS failure),Not classified (no DLQ),,,,,,
FP_TW,500bO00000tjweXQAQ,2026-06-03 02:36:27,Closed,HTAM6Z,TWN-n7z9,正好吃松鹹酥雞 (鼎力店),No,,,,,No DLQ record found (non-SCCS or pre-MDS failure),Not classified (no DLQ),,,,,,
FP_TW,500bO00000tjzipQAA,2026-06-03 02:32:29,Closed,HAWAJP,TWN-mhnn,龍筑亭碳烤專賣店,No,,,,,No DLQ record found (non-SCCS or pre-MDS failure),Not classified (no DLQ),,,,,,
FP_TW,500bO00000tjYypQAE,2026-06-03 02:22:30,Closed,HT0OKS,TWN-pyzt,小豆宅,No,,,,,No DLQ record found (non-SCCS or pre-MDS failure),Not classified (no DLQ),,,,,,
FP_TW,500bO00000tj2ZDQAY,2026-06-03 01:22:38,Closed,HTS9SK,TWN-l61u,玉見蔬食,No,,,,,No DLQ record found (non-SCCS or pre-MDS failure),Not classified (no DLQ),,,,,,
FP_TW,500bO00000tfhMKQAY,2026-06-02 09:57:28,Closed,HTS1V6,TWN-iica,我要吃沙拉,No,,,,,No DLQ record found (non-SCCS or pre-MDS failure),Not classified (no DLQ),,,,,,
FP_TW,500bO00000tg4kJQAQ,2026-06-02 09:35:43,Closed,HTGC5N,TWN-fqun,芭 Bar Bus,No,,,,,No DLQ record found (non-SCCS or pre-MDS failure),Not classified (no DLQ),,,,,,
FP_TW,500bO00000tfnYBQAY,2026-06-02 08:34:11,Closed,HTPIAQ,TWN-yyu5,老同學鉢鉢雞,No,,,,,No DLQ record found (non-SCCS or pre-MDS failure),Not classified (no DLQ),,,,,,
FP_TW,500bO00000tfM3LQAU,2026-06-02 07:46:41,Closed,HTS6QG,TWN-gnv3,望高寮大腸包小腸 (二店),No,,,,,No DLQ record found (non-SCCS or pre-MDS failure),Not classified (no DLQ),,,,,,
FP_TW,500bO00000tdYm3QAE,2026-06-02 05:01:10,Closed,HT0ZUY,TWN-u8fu,嘉義順蚵仔煎 (永安店),No,,,,,No DLQ record found (non-SCCS or pre-MDS failure),Not classified (no DLQ),,,,,,
FP_TW,500bO00000teh1nQAA,2026-06-02 04:24:07,Closed,HTNZDD,TWN-y1k2,水云茶堂 (神清店),No,,,,,No DLQ record found (non-SCCS or pre-MDS failure),Not classified (no DLQ),,,,,,
FP_TW,500bO00000tegLpQAI,2026-06-02 04:06:21,Closed,HTS19W,TWN-jats,食刻煎餅果子,No,,,,,No DLQ record found (non-SCCS or pre-MDS failure),Not classified (no DLQ),,,,,,
FP_TW,500bO00000teZQXQA2,2026-06-02 03:45:56,Closed,HTSQGS,TWN-v277,豆哥冰淇淋豆腐店,No,,,,,No DLQ record found (non-SCCS or pre-MDS failure),Not classified (no DLQ),,,,,,
FP_TW,500bO00000teO3YQAU,2026-06-02 03:37:56,Closed,HRQVBA,TWN-bc7d,食見生活健康餐盒Foodlosophy (公益店),No,,,,,No DLQ record found (non-SCCS or pre-MDS failure),Not classified (no DLQ),,,,,,
FP_TW,500bO00000teL5DQAU,2026-06-02 03:14:20,Closed,HTPQ0S,TWN-cgo5,摩斯漢堡Mos Burger (南崁特力店),No,,,,,No DLQ record found (non-SCCS or pre-MDS failure),Not classified (no DLQ),,,,,,
FP_TW,500bO00000tedB3QAI,2026-06-02 02:20:44,Closed,HT05R9,TWN-w46n,可以可以地瓜球 (頭份店),No,,,,,No DLQ record found (non-SCCS or pre-MDS failure),Not classified (no DLQ),,,,,,
FP_TW,500bO00000tXiicQAC,2026-06-01 11:17:39,Closed,HTWEE3,TWN-tn0a,老陝食堂,No,,,,,No DLQ record found (non-SCCS or pre-MDS failure),Not classified (no DLQ),,,,,,
FP_TW,500bO00000tWh0bQAC,2026-06-01 06:31:27,Closed,HRYKDX,TWN-elc6,Ifangsweet方絲微特,No,,,,,No DLQ record found (non-SCCS or pre-MDS failure),Not classified (no DLQ),,,,,,
FP_TW,500bO00000tWK2TQAW,2026-06-01 05:46:33,Closed,HT07NN,TWN-ui2e,晨間廚房 (大武店),No,,,,,No DLQ record found (non-SCCS or pre-MDS failure),Not classified (no DLQ),,,,,,
FP_TW,500bO00000tWKvCQAW,2026-06-01 04:28:11,Closed,HTH0F1,TWN-ldac,煦禾里粥品,No,,,,,No DLQ record found (non-SCCS or pre-MDS failure),Not classified (no DLQ),,,,,,
FP_TW,500bO00000tWFyqQAG,2026-06-01 02:53:14,Closed,HRLVPL,TWN-spfj,夜燈炙燒,No,,,,,No DLQ record found (non-SCCS or pre-MDS failure),Not classified (no DLQ),,,,,,
FP_TW,500bO00000tVqNhQAK,2026-06-01 01:14:20,Closed,HT0DQ3,TWN-meuc,鏜鏜溫州大餛飩,No,,,,,No DLQ record found (non-SCCS or pre-MDS failure),Not classified (no DLQ),,,,,,
FP_TW,500bO00000tVJefQAG,2026-06-01 01:02:41,Closed,HTN3AG,TWN-oi7e,陳家排骨酥湯,No,,,,,No DLQ record found (non-SCCS or pre-MDS failure),Not classified (no DLQ),,,,,,
FP_TW,500bO00000tSsaWQAS,2026-05-30 09:49:00,Closed,HTNHEU,TWN-uj0p,米米炸雞 (台中龍井店),No,,,,,No DLQ record found (non-SCCS or pre-MDS failure),Not classified (no DLQ),,,,,,
FP_TW,500bO00000tT4TkQAK,2026-05-30 09:45:39,Closed,HTW3AM,TWN-dvy2,餅霸天下x粉漿脆皮蛋餅,No,,,,,No DLQ record found (non-SCCS or pre-MDS failure),Not classified (no DLQ),,,,,,
FP_TW,500bO00000tSHrqQAG,2026-05-30 08:05:40,Closed,HT655W,TWN-na2j,日勻晨食,No,,,,,No DLQ record found (non-SCCS or pre-MDS failure),Not classified (no DLQ),,,,,,
FP_TW,500bO00000tPfYGQA0,2026-05-29 13:44:36,Closed,HTNK8Q,TWN-drq0,奇哥沙茶魷魚,No,,,,,No DLQ record found (non-SCCS or pre-MDS failure),Not classified (no DLQ),,,,,,
FP_TW,500bO00000tOdn4QAC,2026-05-29 11:12:50,Closed,HR16CG,TWN-ykib,輕輕的蔬食簡餐咖啡廳,No,,,,,No DLQ record found (non-SCCS or pre-MDS failure),Not classified (no DLQ),,,,,,
FP_TW,500bO00000tP0bUQAS,2026-05-29 11:12:17,Closed,HTWDOV,TWN-wxd6,鷄蛋糕專賣店,No,,,,,No DLQ record found (non-SCCS or pre-MDS failure),Not classified (no DLQ),,,,,,
FP_TW,500bO00000tOo2UQAS,2026-05-29 10:55:22,Closed,HT05VT,TWN-hho1,鼎味寶藍菠雞 (桃園龜山店),No,,,,,No DLQ record found (non-SCCS or pre-MDS failure),Not classified (no DLQ),,,,,,
FP_TW,500bO00000tOV1QQAW,2026-05-29 09:33:53,Closed,HTT5NG,TWN-omf7,地瓜俱樂部 (桃園中原店),No,,,,,No DLQ record found (non-SCCS or pre-MDS failure),Not classified (no DLQ),,,,,,
FP_TW,500bO00000tORNbQAO,2026-05-29 08:51:03,Closed,HTPCAP,TWN-qrjt,汪汪車輪餅,No,,,,,No DLQ record found (non-SCCS or pre-MDS failure),Not classified (no DLQ),,,,,,
FP_TW,500bO00000tO6r9QAC,2026-05-29 08:25:33,Closed,HRHLNC,TWN-st5w,正宗老店福州麵,No,,,,,No DLQ record found (non-SCCS or pre-MDS failure),Not classified (no DLQ),,,,,,
FP_TW,500bO00000tNc4zQAC,2026-05-29 08:12:43,Closed,HREN8A,TWN-b96c,聖三食堂,No,,,,,No DLQ record found (non-SCCS or pre-MDS failure),Not classified (no DLQ),,,,,,
FP_TW,500bO00000tN8OmQAK,2026-05-29 08:01:36,Closed,HT0OD0,TWN-z38e,轉角大腸麵線,No,,,,,No DLQ record found (non-SCCS or pre-MDS failure),Not classified (no DLQ),,,,,,
FP_TW,500bO00000tNoCYQA0,2026-05-29 06:22:34,Closed,HT0DU5,TWN-og3y,富滿雞蛋燒,No,,,,,No DLQ record found (non-SCCS or pre-MDS failure),Not classified (no DLQ),,,,,,
FP_TW,500bO00000tNf61QAC,2026-05-29 05:44:28,Closed,HTPUA5,TWN-xfzq,猩猩相惜綠豆冰沙 (蘆洲信義店),No,,,,,No DLQ record found (non-SCCS or pre-MDS failure),Not classified (no DLQ),,,,,,
FP_TW,500bO00000tNG4TQAW,2026-05-29 03:57:24,Closed,HT08FH,TWN-ppyg,滿滿起司馬鈴薯 (高雄熱河店),No,,,,,No DLQ record found (non-SCCS or pre-MDS failure),Not classified (no DLQ),,,,,,
FP_TW,500bO00000tNLgnQAG,2026-05-29 03:33:01,Closed,HTN14E,TWN-we6f,蒜桃嬤-蒜拌麵、蒜蓉料理醬、蒜頭,No,,,,,No DLQ record found (non-SCCS or pre-MDS failure),Not classified (no DLQ),,,,,,
FP_TW,500bO00000tNHbZQAW,2026-05-29 02:39:28,Closed,HWDM3X,TWN-wdyi,錦銥芋食 (台北忠孝店),No,,,,,No DLQ record found (non-SCCS or pre-MDS failure),Not classified (no DLQ),,,,,,
FP_TW,500bO00000tNBCrQAO,2026-05-29 01:52:06,Closed,HPJD9S,TWN-dfox,森雨餐酒館,No,,,,,No DLQ record found (non-SCCS or pre-MDS failure),Not classified (no DLQ),,,,,,
FP_TW,500bO00000tN6meQAC,2026-05-29 01:43:27,Closed,HTN1HD,TWN-tt4g,笨妹日式菓子燒 (博館店),No,,,,,No DLQ record found (non-SCCS or pre-MDS failure),Not classified (no DLQ),,,,,,
FP_TW,500bO00000tN1IKQA0,2026-05-29 01:36:46,Closed,HTT31U,TWN-tuom,稻夢食光,No,,,,,No DLQ record found (non-SCCS or pre-MDS failure),Not classified (no DLQ),,,,,,
FP_TW,500bO00000tJrc7QAC,2026-05-28 09:27:04,Closed,HTS9AX,TWN-kjwq,黃家傳統清蒸肉圓 (安平店),No,,,,,No DLQ record found (non-SCCS or pre-MDS failure),Not classified (no DLQ),,,,,,
FP_TW,500bO00000tJb7XQAS,2026-05-28 09:21:57,Closed,HT0HRM,TWN-abrq,拾伍拉麵,No,,,,,No DLQ record found (non-SCCS or pre-MDS failure),Not classified (no DLQ),,,,,,
FP_TW,500bO00000tJ3iZQAS,2026-05-28 08:09:54,Closed,HTA9XG,TWN-j21t,雄師傅麻辣鴨血,No,,,,,No DLQ record found (non-SCCS or pre-MDS failure),Not classified (no DLQ),,,,,,
FP_TW,500bO00000tJDI7QAO,2026-05-28 07:56:32,Closed,HPHQDY,TWN-m4lc,鑫吉野烤肉飯 (桃園桃鶯店),No,,,,,No DLQ record found (non-SCCS or pre-MDS failure),Not classified (no DLQ),,,,,,
FP_TW,500bO00000tIvzYQAS,2026-05-28 07:11:32,Closed,HTWEDB,TWN-eb6d,夢谷飲料,No,,,,,No DLQ record found (non-SCCS or pre-MDS failure),Not classified (no DLQ),,,,,,
FP_TW,500bO00000tIz3nQAC,2026-05-28 07:01:50,Closed,HTGF97,TWN-d9g0,小胖稻草芋頭,No,,,,,No DLQ record found (non-SCCS or pre-MDS failure),Not classified (no DLQ),,,,,,
FP_TW,500bO00000tIrkbQAC,2026-05-28 06:39:54,Closed,HTND48,TWN-rlun,以娜好像有雞排,No,,,,,No DLQ record found (non-SCCS or pre-MDS failure),Not classified (no DLQ),,,,,,
FP_TW,500bO00000tIAoUQAW,2026-05-28 06:36:43,Closed,HTSE3T,TWN-dblo,雞豆你了豆乳雞,No,,,,,No DLQ record found (non-SCCS or pre-MDS failure),Not classified (no DLQ),,,,,,
FP_TW,500bO00000tISFZQA4,2026-05-28 04:12:02,Closed,HT0BZ8,TWN-p89k,飯飯之輩 (水上店),No,,,,,No DLQ record found (non-SCCS or pre-MDS failure),Not classified (no DLQ),,,,,,
FP_TW,500bO00000tH3aXQAS,2026-05-28 04:10:35,Closed,HT0J9O,TWN-duks,巷裡小時光早午餐 (彰化花壇店),No,,,,,No DLQ record found (non-SCCS or pre-MDS failure),Not classified (no DLQ),,,,,,
FP_TW,500bO00000tHdW6QAK,2026-05-28 03:13:44,Closed,HTGC3M,TWN-vr0n,煎百味煎餅果子 (永安店),No,,,,,No DLQ record found (non-SCCS or pre-MDS failure),Not classified (no DLQ),,,,,,
FP_TW,500bO00000tIQZ5QAO,2026-05-28 02:49:13,Closed,HT0DQL,TWN-wlhm,鍋王寶座,No,,,,,No DLQ record found (non-SCCS or pre-MDS failure),Not classified (no DLQ),,,,,,
FP_TW,500bO00000tGzigQAC,2026-05-28 02:10:54,Closed,HT0ZDG,TWN-kr8m,曾姐紫米飯糰,No,,,,,No DLQ record found (non-SCCS or pre-MDS failure),Not classified (no DLQ),,,,,,
FP_TW,500bO00000tHuDdQAK,2026-05-28 01:43:39,Closed,HTNXN3,TWN-jmn0,麵匡匡 (三峽北大店),No,,,,,No DLQ record found (non-SCCS or pre-MDS failure),Not classified (no DLQ),,,,,,
FP_TW,500bO00000tETLyQAO,2026-05-27 11:29:26,Closed,HP80GE,TWN-sbfn,好了啦紅茶冰 (楊梅中山店),No,,,,,No DLQ record found (non-SCCS or pre-MDS failure),Not classified (no DLQ),,,,,,
FP_TW,500bO00000tDtBwQAK,2026-05-27 09:07:34,Closed,HTRFO6,TWN-yfy6,金孫炸物俱樂部,No,,,,,No DLQ record found (non-SCCS or pre-MDS failure),Not classified (no DLQ),,,,,,
FP_TW,500bO00000tDt5RQAS,2026-05-27 08:23:54,Closed,HTNZK1,TWN-je1d,東海醬香蔥油餅,No,,,,,No DLQ record found (non-SCCS or pre-MDS failure),Not classified (no DLQ),,,,,,
FP_TW,500bO00000tCVWgQAO,2026-05-27 07:29:25,Closed,HTNPCK,TWN-r46i,齊哥酥炸土魠魚 (三民街總店),No,,,,,No DLQ record found (non-SCCS or pre-MDS failure),Not classified (no DLQ),,,,,,
FP_TW,500bO00000tDDRCQA4,2026-05-27 06:57:26,Closed,HTW33E,TWN-wq8w,雲之洲廣東粥鍋燒麵,No,,,,,No DLQ record found (non-SCCS or pre-MDS failure),Not classified (no DLQ),,,,,,
FP_TW,500bO00000tDM1SQAW,2026-05-27 06:46:31,Closed,HTKIAP,TWN-tymn,達麻迪娜原味熱炒,No,,,,,No DLQ record found (non-SCCS or pre-MDS failure),Not classified (no DLQ),,,,,,
FP_TW,500bO00000tDKKbQAO,2026-05-27 06:24:07,Closed,HTN9NO,TWN-lb5v,鐵三角吐司專賣 (新店中興店),No,,,,,No DLQ record found (non-SCCS or pre-MDS failure),Not classified (no DLQ),,,,,,
FP_TW,500bO00000tCkykQAC,2026-05-27 04:35:16,Closed,HTPZQK,TWN-zwtx,秘醬滷味 (南屯精科店),No,,,,,No DLQ record found (non-SCCS or pre-MDS failure),Not classified (no DLQ),,,,,,
FP_TW,500bO00000tCmPPQA0,2026-05-27 03:23:27,Closed,HTN9TM,TWN-ldi3,貓頭鷹茶森林 (東區復興店),No,,,,,No DLQ record found (non-SCCS or pre-MDS failure),Not classified (no DLQ),,,,,,
FP_TW,500bO00000tCs3OQAS,2026-05-27 03:09:13,Closed,HTAU1S,TWN-sgsi,旭堂海苔飯捲 (武慶店),No,,,,,No DLQ record found (non-SCCS or pre-MDS failure),Not classified (no DLQ),,,,,,
FP_TW,500bO00000tCetHQAS,2026-05-27 02:17:17,Closed,HTH25I,TWN-j187,福滷飯,No,,,,,No DLQ record found (non-SCCS or pre-MDS failure),Not classified (no DLQ),,,,,,
FP_TW,500bO00000tCmlxQAC,2026-05-27 02:06:15,Closed,HT648U,TWN-ty35,維縈家鄉碳烤雞排 (板橋遠東店),No,,,,,No DLQ record found (non-SCCS or pre-MDS failure),Not classified (no DLQ),,,,,,
FP_TW,500bO00000tClTJQA0,2026-05-27 01:57:18,Closed,HTNVI5,TWN-vmog,基隆蟹肉羹,No,,,,,No DLQ record found (non-SCCS or pre-MDS failure),Not classified (no DLQ),,,,,,
FP_TW,500bO00000tCkvRQAS,2026-05-27 01:41:31,Closed,HAOHY5,TWN-pdvm,素之香蔬食館,No,,,,,No DLQ record found (non-SCCS or pre-MDS failure),Not classified (no DLQ),,,,,,
FP_TW,500bO00000tCjmVQAS,2026-05-27 01:33:14,Closed,HT0DMY,TWN-eqtl,沁圓脆皮肉圓,No,,,,,No DLQ record found (non-SCCS or pre-MDS failure),Not classified (no DLQ),,,,,,
FP_TW,500bO00000tC29qQAC,2026-05-27 01:26:48,Closed,HTNQ6C,TWN-xcsd,許家當歸豬腳湯老店 (板橋店),No,,,,,No DLQ record found (non-SCCS or pre-MDS failure),Not classified (no DLQ),,,,,,
FP_TW,500bO00000tAdrjQAC,2026-05-26 13:35:48,Closed,456AXT,TWN-ma0r,太祖魷魚焿 (新店老店),No,,,,,No DLQ record found (non-SCCS or pre-MDS failure),Not classified (no DLQ),,,,,,
FP_TW,500bO00000tAELUQA4,2026-05-26 12:14:41,Closed,HTNPO9,TWN-xjva,沃金TEA (台南文賢店),No,,,,,No DLQ record found (non-SCCS or pre-MDS failure),Not classified (no DLQ),,,,,,
FP_TW,500bO00000tAY5ZQAW,2026-05-26 11:55:56,Closed,HTNZK9,TWN-yfr8,禾沐Hermood,No,,,,,No DLQ record found (non-SCCS or pre-MDS failure),Not classified (no DLQ),,,,,,
FP_TW,500bO00000t9lJQQAY,2026-05-26 10:21:42,Closed,HPHXK2,TWN-tssa,蒸味上品X功夫麵X手擀蒸餃麵食館,No,,,,,No DLQ record found (non-SCCS or pre-MDS failure),Not classified (no DLQ),,,,,,
FP_TW,500bO00000t8xRYQAY,2026-05-26 10:10:10,Closed,HTRAPV,TWN-ctis,好食多自助餐廳,No,,,,,No DLQ record found (non-SCCS or pre-MDS failure),Not classified (no DLQ),,,,,,
FP_TW,500bO00000t9vQoQAI,2026-05-26 09:55:00,Closed,HTSKK8,TWN-fc77,心丼食堂,No,,,,,No DLQ record found (non-SCCS or pre-MDS failure),Not classified (no DLQ),,,,,,
FP_TW,500bO00000t9hJ6QAI,2026-05-26 09:43:07,Closed,HT0DFN,TWN-ahnj,杏福餐飲,No,,,,,No DLQ record found (non-SCCS or pre-MDS failure),Not classified (no DLQ),,,,,,
FP_TW,500bO00000t9JJxQAM,2026-05-26 09:13:11,Closed,HT0GF1,TWN-yup3,這一家 傳承｜滷味 香雞排,No,,,,,No DLQ record found (non-SCCS or pre-MDS failure),Not classified (no DLQ),,,,,,
FP_TW,500bO00000t9bLeQAI,2026-05-26 08:57:11,Closed,HPVO31,TWN-r8sf,南洋一哥,No,,,,,No DLQ record found (non-SCCS or pre-MDS failure),Not classified (no DLQ),,,,,,
FP_TW,500bO00000t9K6KQAU,2026-05-26 08:48:05,Closed,HTN4JY,TWN-ek07,吼鍋喇風味小火鍋,No,,,,,No DLQ record found (non-SCCS or pre-MDS failure),Not classified (no DLQ),,,,,,
FP_TW,500bO00000t9CDfQAM,2026-05-26 08:01:34,Closed,HTS8KU,TWN-fao2,市仔口鹹水雞人生,No,,,,,No DLQ record found (non-SCCS or pre-MDS failure),Not classified (no DLQ),,,,,,
FP_TW,500bO00000t8mr8QAA,2026-05-26 08:01:00,Closed,HTS23D,TWN-ldpj,煎餃達人 (義民店),No,,,,,No DLQ record found (non-SCCS or pre-MDS failure),Not classified (no DLQ),,,,,,
FP_TW,500bO00000t8ohaQAA,2026-05-26 08:00:35,Closed,HTSYJI,TWN-m4am,富女咖啡公司,No,,,,,No DLQ record found (non-SCCS or pre-MDS failure),Not classified (no DLQ),,,,,,
FP_TW,500bO00000t9CDcQAM,2026-05-26 07:51:58,Closed,HR2WZO,TWN-alrf,日船章魚小丸子 (頭份店),No,,,,,No DLQ record found (non-SCCS or pre-MDS failure),Not classified (no DLQ),,,,,,
FP_TW,500bO00000t8WMPQA2,2026-05-26 05:22:49,Closed,458U8W,TWN-ksnt,金香豬腳涼麵,No,,,,,No DLQ record found (non-SCCS or pre-MDS failure),Not classified (no DLQ),,,,,,
FP_TW,500bO00000t8IOOQA2,2026-05-26 05:08:12,Closed,HTNGIK,TWN-zg09,誰吃誰知道早午餐,No,,,,,No DLQ record found (non-SCCS or pre-MDS failure),Not classified (no DLQ),,,,,,
FP_TW,500bO00000t7j33QAA,2026-05-26 04:48:26,Closed,HTN9N6,TWN-liac,陝西嘎嘎香肉夾饃,No,,,,,No DLQ record found (non-SCCS or pre-MDS failure),Not classified (no DLQ),,,,,,
FP_TW,500bO00000t8KMvQAM,2026-05-26 04:36:42,Closed,HTAFL7,TWN-dkl6,福隆月台便當 (竹東東寧店),No,,,,,No DLQ record found (non-SCCS or pre-MDS failure),Not classified (no DLQ),,,,,,
FP_TW,500bO00000t84m7QAA,2026-05-26 04:31:33,Closed,HTNXO1,TWN-jdli,魯家扁食麵,No,,,,,No DLQ record found (non-SCCS or pre-MDS failure),Not classified (no DLQ),,,,,,
FP_TW,500bO00000t8MtJQAU,2026-05-26 04:02:34,Closed,HTSXOK,TWN-sd6k,一流的烤玉米,No,,,,,No DLQ record found (non-SCCS or pre-MDS failure),Not classified (no DLQ),,,,,,
FP_TW,500bO00000t8Ax3QAE,2026-05-26 03:49:21,Closed,HTNH8U,TWN-no1a,正宗蚵仔煎臭豆腐,No,,,,,No DLQ record found (non-SCCS or pre-MDS failure),Not classified (no DLQ),,,,,,
FP_TW,500bO00000t7vQlQAI,2026-05-26 02:46:31,Closed,HTTGLB,TWN-nbm2,圓寶雞蛋堡,No,,,,,No DLQ record found (non-SCCS or pre-MDS failure),Not classified (no DLQ),,,,,,
FP_TW,500bO00000t74D3QAI,2026-05-26 02:29:01,Closed,HTSDMP,TWN-mwuy,吳記川渝現撈滷味,No,,,,,No DLQ record found (non-SCCS or pre-MDS failure),Not classified (no DLQ),,,,,,
FP_TW,500bO00000t80y8QAA,2026-05-26 02:03:36,Closed,HTN95W,TWN-oflp,現剖椰子水,No,,,,,No DLQ record found (non-SCCS or pre-MDS failure),Not classified (no DLQ),,,,,,
FP_TW,500bO00000t7OEgQAM,2026-05-26 01:48:33,Closed,HTNH4O,TWN-jakp,易心粥坊,No,,,,,No DLQ record found (non-SCCS or pre-MDS failure),Not classified (no DLQ),,,,,,
FP_TW,500bO00000t7fptQAA,2026-05-26 01:26:53,Closed,HTSYTM,,米香食堂,No,,,,,No DLQ record found (non-SCCS or pre-MDS failure),Not classified (no DLQ),,,,,,
FP_TW,500bO00000t4hmgQAA,2026-05-25 09:39:24,Closed,HTNLFS,TWN-diwk,炒地狀緣 炒飯 炒麵 便當,No,,,,,No DLQ record found (non-SCCS or pre-MDS failure),Not classified (no DLQ),,,,,,
FP_TW,500bO00000t4JxNQAU,2026-05-25 08:00:30,Closed,HTRPX0,TWN-y2r1,CHAR CHAR Steak&Bar,No,,,,,No DLQ record found (non-SCCS or pre-MDS failure),Not classified (no DLQ),,,,,,
FP_TW,500bO00000t4MGoQAM,2026-05-25 07:40:15,Closed,HPV6OP,TWN-yohl,謝職人の鍋物 (天祥店),No,,,,,No DLQ record found (non-SCCS or pre-MDS failure),Not classified (no DLQ),,,,,,
FP_TW,500bO00000t0DnCQAU,2026-05-25 07:16:57,Closed,4569W8,TWN-ysms,故鄉河粉飄香四方,No,,,,,No DLQ record found (non-SCCS or pre-MDS failure),Not classified (no DLQ),,,,,,
FP_TW,500bO00000t3jTxQAI,2026-05-25 03:09:44,Closed,HTS95G,TWN-ptl9,飽食堂,No,,,,,No DLQ record found (non-SCCS or pre-MDS failure),Not classified (no DLQ),,,,,,
FP_TW,500bO00000t3fOlQAI,2026-05-25 02:50:18,Closed,HTS7O8,TWN-svb4,煎餃達人 (北龍店),No,,,,,No DLQ record found (non-SCCS or pre-MDS failure),Not classified (no DLQ),,,,,,
GV_CI,500bO00000uJHY4QAO,2026-06-10 08:44:32,Closed,HR2CG8,CI_949347,DGL Restaurant,No,,,,,No DLQ record found (non-SCCS or pre-MDS failure),Not classified (no DLQ),,,,,,
GV_ES,500bO00000uJV9VQAW,2026-06-10 08:23:14,Closed,HT0EB3,ES_949335,Nata The Cook Pastry Shop,No,,,,,No DLQ record found (non-SCCS or pre-MDS failure),Not classified (no DLQ),,,,,,
GV_ES,500bO00000uDxbYQAS,2026-06-09 08:29:15,Closed,HTUPNL,ES_949094,RESTAURANTE JIAO YOU XI - 饺有喜,No,,,,,No DLQ record found (non-SCCS or pre-MDS failure),Not classified (no DLQ),,,,,,
GV_ES,500bO00000tYEoxQAG,2026-06-01 11:39:54,Closed,4MXHCV,ES_937515,Tacos al Maghrib,No,,,,,No DLQ record found (non-SCCS or pre-MDS failure),Not classified (no DLQ),,,,,,
GV_IT,500bO00000uRagiQAC,2026-06-11 17:32:24,Closed,HTYGJZ,IT_949913,Bello Garno - Il Cassone Riminese,No,,,,,No DLQ record found (non-SCCS or pre-MDS failure),Not classified (no DLQ),,,,,,
GV_IT,500bO00000uFeRdQAK,2026-06-09 15:31:47,Closed,HT06AB,IT_949265,Terra Mia Ristorante Pizzeria,No,,,,,No DLQ record found (non-SCCS or pre-MDS failure),Not classified (no DLQ),,,,,,
GV_IT,500bO00000uFgy3QAC,2026-06-09 15:11:40,Closed,HTUQS3,IT_949258,Green Pizza Padova,No,,,,,No DLQ record found (non-SCCS or pre-MDS failure),Not classified (no DLQ),,,,,,
GV_IT,500bO00000uDL81QAG,2026-06-09 07:15:16,Closed,HTNIHE,IT_949058,Ristorante Greco Apollonia,No,,,,,No DLQ record found (non-SCCS or pre-MDS failure),Not classified (no DLQ),,,,,,
GV_IT,500bO00000u7PJNQA2,2026-06-08 11:37:12,Closed,HTUNCG,IT_948881,Cocò KM0 Restaurant & Pizza,No,,,,,No DLQ record found (non-SCCS or pre-MDS failure),Not classified (no DLQ),,,,,,
GV_IT,500bO00000tuEgYQAU,2026-06-04 17:19:01,Closed,HTUP24,IT_938362,Super Smash Broz,No,,,,,No DLQ record found (non-SCCS or pre-MDS failure),Not classified (no DLQ),,,,,,
GV_IT,500bO00000tZcu2QAC,2026-06-01 18:11:55,Closed,HT6KKR,IT_937608,Il Sogno Ristorante Pizzeria,No,,,,,No DLQ record found (non-SCCS or pre-MDS failure),Not classified (no DLQ),,,,,,
GV_IT,500bO00000tbYRMQA2,2026-06-01 17:57:09,Closed,HT0OO7,IT_937600,Hong Kong - Cucina Autentica,No,,,,,No DLQ record found (non-SCCS or pre-MDS failure),Not classified (no DLQ),,,,,,
GV_IT,500bO00000tb3M5QAI,2026-06-01 17:50:59,Closed,HPL2OV,IT_937599,Open Baladin Roma,No,,,,,No DLQ record found (non-SCCS or pre-MDS failure),Not classified (no DLQ),,,,,,
GV_IT,500bO00000tVLeyQAG,2026-05-31 17:38:32,Closed,HPPVHK,IT_937402,Open Baladin Torino,No,,,,,No DLQ record found (non-SCCS or pre-MDS failure),Not classified (no DLQ),,,,,,
GV_IT,500bO00000tPbrDQAS,2026-05-29 13:39:08,Closed,HT0FK1,IT_937247,PITA SHAWRMA AND MORE MILANO,No,,,,,No DLQ record found (non-SCCS or pre-MDS failure),Not classified (no DLQ),,,,,,
GV_IT,500bO00000tMuDcQAK,2026-05-29 04:20:45,Closed,HTSRIS,IT_937078,Tenki,No,,,,,No DLQ record found (non-SCCS or pre-MDS failure),Not classified (no DLQ),,,,,,
GV_IT,500bO00000tL02DQAS,2026-05-28 17:10:08,Closed,HTS9F6,IT_937065,Ristorante Pizzeria Incanto,No,,,,,No DLQ record found (non-SCCS or pre-MDS failure),Not classified (no DLQ),,,,,,
GV_IT,500bO00000tAN8aQAG,2026-05-26 12:00:24,Closed,HPM9V6,IT_936398,Domò Sushi Milano,No,,,,,No DLQ record found (non-SCCS or pre-MDS failure),Not classified (no DLQ),,,,,,
GV_IT,500bO00000tA29CQAS,2026-05-26 11:57:25,Closed,HTSR5E,IT_936400,Casa Barozzi Panini - Milano Solari,No,,,,,No DLQ record found (non-SCCS or pre-MDS failure),Not classified (no DLQ),,,,,,
GV_MA,500bO00000uSI51QAG,2026-06-11 17:50:58,New,HTUKKB,MA_949914,ban and Bowl,No,,,,,No DLQ record found (non-SCCS or pre-MDS failure),Not classified (no DLQ),,,,,,
GV_MA,500bO00000txPCSQA2,2026-06-05 11:54:53,Closed,HR9MPK,MA_938515,pizzeria milano,No,,,,,No DLQ record found (non-SCCS or pre-MDS failure),Not classified (no DLQ),,,,,,
GV_NG,500bO00000tXPMiQAO,2026-06-01 09:04:11,Closed,HT027O,NG_937451,Bestfood spot,No,,,,,No DLQ record found (non-SCCS or pre-MDS failure),Not classified (no DLQ),,,,,,
GV_PL,500bO00000uRu17QAC,2026-06-11 15:51:46,Closed,4M14TE,PL_949864,Bułkę przez Bibułkę Zgoda,No,,,,,No DLQ record found (non-SCCS or pre-MDS failure),Not classified (no DLQ),,,,,,
GV_PL,500bO00000uQZxyQAG,2026-06-11 11:21:50,Closed,HT0F0R,PL_949764,Sushi Temple - TCW - Dąbrowskiego 20,No,,,,,No DLQ record found (non-SCCS or pre-MDS failure),Not classified (no DLQ),,,,,,
GV_PL,500bO00000tlhhqQAA,2026-06-03 10:46:28,Closed,4MQ826,PL_937970,Papa John's Express - MMZ - Plac Kilińskiego 7,No,,,,,No DLQ record found (non-SCCS or pre-MDS failure),Not classified (no DLQ),,,,,,
GV_PL,500bO00000tNkaWQAS,2026-05-29 09:34:46,Closed,HTHJJI,PL_937157,Toriko,No,,,,,No DLQ record found (non-SCCS or pre-MDS failure),Not classified (no DLQ),,,,,,
GV_PL,500bO00000tEVifQAG,2026-05-27 10:53:43,Closed,4MXOHO,PL_936684,The Royals by Burger King® - QLU - Krakowskie Przedmieście 20,No,,,,,No DLQ record found (non-SCCS or pre-MDS failure),Not classified (no DLQ),,,,,,
GV_PT,500bO00000u7CXFQA2,2026-06-08 09:36:12,Closed,HT0JPO,PT_948836,La Fresería Barcelos,No,,,,,No DLQ record found (non-SCCS or pre-MDS failure),Not classified (no DLQ),,,,,,
GV_PT,500bO00000t4GMnQAM,2026-05-25 08:28:42,Closed,HTRR0A,PT_935854,Galeria - Real Healthy Food,No,,,,,No DLQ record found (non-SCCS or pre-MDS failure),Not classified (no DLQ),,,,,,
GV_UA,500bO00000uR4DsQAK,2026-06-11 12:32:14,Closed,HTY349,UA_949789,La Spezia - SUM - Михайла Лушпи 29/1,No,,,,,No DLQ record found (non-SCCS or pre-MDS failure),Not classified (no DLQ),,,,,,
HS_SA,500bO00000uRPYSQA4,2026-06-11 14:11:16,Closed,HTUXXX,185283,Value Cup : Al Baladiyah,No,,,,,No DLQ record found (non-SCCS or pre-MDS failure),Not classified (no DLQ),,,,,,
HS_SA,500bO00000u3nvCQAQ,2026-06-07 11:14:07,Closed,HP2CDD,184700,Madhaq Bayt Albadia : East An Nasim,No,,,,,No DLQ record found (non-SCCS or pre-MDS failure),Not classified (no DLQ),,,,,,
HS_SA,500bO00000tsNuPQAU,2026-06-04 10:11:10,Closed,4MQP5N,184548,Kudo Al Damasheqi : Ishbiliyah,No,,,,,No DLQ record found (non-SCCS or pre-MDS failure),Not classified (no DLQ),,,,,,
MJM_AT,500bO00000uQ0XHQA0,2026-06-11 09:39:13,Closed,HTT45N,AUT-po02,Gasthof zum TANNENWIRT,No,,,,,No DLQ record found (non-SCCS or pre-MDS failure),Not classified (no DLQ),,,,,,
MJM_AT,500bO00000uLGb5QAG,2026-06-10 14:45:36,Closed,HTDRCD,AUT-kbiw,Donau Kebap,No,,,,,No DLQ record found (non-SCCS or pre-MDS failure),Not classified (no DLQ),,,,,,
MJM_AT,500bO00000uCZ1zQAG,2026-06-09 08:38:35,Closed,HTKBKC,AUT-yz1e,Chano Italien & Grill,No,,,,,No DLQ record found (non-SCCS or pre-MDS failure),Not classified (no DLQ),,,,,,
MJM_AT,500bO00000uDKwlQAG,2026-06-09 07:21:04,On Hold,HTL87J,AUT-qyt5,Sisi Pizzaboy,No,,,,,No DLQ record found (non-SCCS or pre-MDS failure),Not classified (no DLQ),,,,,,
MJM_AT,500bO00000thWucQAE,2026-06-02 14:29:38,Closed,HA2W17,AUT-tgnv,Nana,No,,,,,No DLQ record found (non-SCCS or pre-MDS failure),Not classified (no DLQ),,,,,,
MJM_AT,500bO00000tgNIHQA2,2026-06-02 10:09:35,Closed,HTUH97,AUT-h9a0,Burger King Oberwart,No,,,,,No DLQ record found (non-SCCS or pre-MDS failure),Not classified (no DLQ),,,,,,
MJM_AT,500bO00000tg8WEQAY,2026-06-02 09:29:36,Closed,HA0I30,AUT-rjl9,My Kebap,No,,,,,No DLQ record found (non-SCCS or pre-MDS failure),Not classified (no DLQ),,,,,,
MJM_AT,500bO00000tXC2qQAG,2026-06-01 08:44:02,Closed,HTNIN1,AUT-hy19,Efel Kebab Grill,No,,,,,No DLQ record found (non-SCCS or pre-MDS failure),Not classified (no DLQ),,,,,,
MJM_AT,500bO00000tWZkYQAW,2026-06-01 05:45:19,Closed,HPKR7X,AUT-ldm6,Eisliebe Hink Eisberg,No,,,,,No DLQ record found (non-SCCS or pre-MDS failure),Not classified (no DLQ),,,,,,
MJM_AT,500bO00000tP5zKQAS,2026-05-29 11:27:11,Closed,HTHV9G,AUT-nm5i,Cicek Cigköfte,No,,,,,No DLQ record found (non-SCCS or pre-MDS failure),Not classified (no DLQ),,,,,,
MJM_AT,500bO00000tOOmMQAW,2026-05-29 09:52:32,Closed,HT0CIF,AUT-fr1e,Yumza Dumplings - Stuffed. Fried. Loved.,No,,,,,No DLQ record found (non-SCCS or pre-MDS failure),Not classified (no DLQ),,,,,,
MJM_AT,500bO00000tNoXZQA0,2026-05-29 09:41:45,Closed,HT0CI5,AUT-t299,Gangnam Kitchen - Korean Fried Chicken,No,,,,,No DLQ record found (non-SCCS or pre-MDS failure),Not classified (no DLQ),,,,,,
MJM_AT,500bO00000tJLFaQAO,2026-05-28 07:40:56,Closed,HTN6UW,AUT-b51z,Mesken Pizza & Kebap Restaurant,No,,,,,No DLQ record found (non-SCCS or pre-MDS failure),Not classified (no DLQ),,,,,,
MJM_AT,500bO00000tFLHPQA4,2026-05-27 14:00:19,Closed,HT05K8,AUT-se9p,Holy Chicken - Burgers & Wings,No,,,,,No DLQ record found (non-SCCS or pre-MDS failure),Not classified (no DLQ),,,,,,
MJM_AT,500bO00000tFIGJQA4,2026-05-27 13:56:45,Closed,HT05KG,AUT-npbx,Mr. Cheese - French Tacos & Burgers,No,,,,,No DLQ record found (non-SCCS or pre-MDS failure),Not classified (no DLQ),,,,,,
MJM_AT,500bO00000t9v97QAA,2026-05-26 11:21:31,Closed,HTSZVQ,AUT-cyx3,Koco Chicken,No,,,,,No DLQ record found (non-SCCS or pre-MDS failure),Not classified (no DLQ),,,,,,
MJM_AT,500bO00000t9yi5QAA,2026-05-26 11:10:21,Closed,HTSZVZ,AUT-sx14,Moco Chicken,No,,,,,No DLQ record found (non-SCCS or pre-MDS failure),Not classified (no DLQ),,,,,,
MJM_AT,500bO00000t9dbxQAA,2026-05-26 09:00:25,Closed,HT08XH,AUT-kg1v,Holy Chicken - Burgers & Wings,No,,,,,No DLQ record found (non-SCCS or pre-MDS failure),Not classified (no DLQ),,,,,,
MJM_AT,500bO00000t9FcwQAE,2026-05-26 08:54:34,Closed,HT08X6,AUT-hr3h,Mr. Cheese - French Tacos & Burgers,No,,,,,No DLQ record found (non-SCCS or pre-MDS failure),Not classified (no DLQ),,,,,,
NP_HU,500bO00000uJ36pQAC,2026-06-10 08:11:16,Closed,HTUW02,HUN-ep2f,Wingstreet a Pizza Hutnál - Eger,No,,,,,No DLQ record found (non-SCCS or pre-MDS failure),Not classified (no DLQ),,,,,,
NP_HU,500bO00000trgfvQAA,2026-06-04 08:35:38,Closed,HT0DF3,HUN-a76y,Pizza Hut Eger,No,,,,,No DLQ record found (non-SCCS or pre-MDS failure),Not classified (no DLQ),,,,,,
TB_AE,500bO00000uUGK2QAO,2026-06-12 07:32:17,Closed,4MVW1I,1101908,"Ghil Dabang, (DH Kitchen) Diera",No,,,,,No DLQ record found (non-SCCS or pre-MDS failure),Not classified (no DLQ),,,,,,
TB_AE,500bO00000uRgcPQAS,2026-06-11 14:11:22,Closed,HTSXZP,1101852,Let’s meet up,No,,,,,No DLQ record found (non-SCCS or pre-MDS failure),Not classified (no DLQ),,,,,,
TB_AE,500bO00000uDOKQQA4,2026-06-09 07:48:54,Closed,4MVIKR,1101446,"Sushi Lab, (DH Kitchen), Khalifa",No,,,,,No DLQ record found (non-SCCS or pre-MDS failure),Not classified (no DLQ),,,,,,
TB_AE,500bO00000txI66QAE,2026-06-05 10:53:36,Closed,4MX7XV,1101152,"Its Cookies,(DH Kitchen)  Industrial Area 13",No,,,,,No DLQ record found (non-SCCS or pre-MDS failure),Not classified (no DLQ),,,,,,
TB_AE,500bO00000twCamQAE,2026-06-05 08:48:48,Closed,4MVW94,1101143,"KOYO Frozen Yogurt, (DH Kitchen) Diera",No,,,,,No DLQ record found (non-SCCS or pre-MDS failure),Not classified (no DLQ),,,,,,
TB_AE,500bO00000tvcovQAA,2026-06-05 06:30:25,Closed,4MXLOQ,1101141,"Couqley, (DH Kitchen), Sufouh",No,,,,,No DLQ record found (non-SCCS or pre-MDS failure),Not classified (no DLQ),,,,,,
TB_AE,500bO00000tqr0aQAA,2026-06-04 06:14:45,Closed,4MV5TZ,1101041,"Tequeños Dubai, (DH Kitchen), AD Downtown",No,,,,,No DLQ record found (non-SCCS or pre-MDS failure),Not classified (no DLQ),,,,,,
TB_AE,500bO00000tnwG6QAI,2026-06-03 16:07:06,Closed,4M33AB,1101003,"Maintained Speciality Cafe, (DH Kitchen), Rashidiya",No,,,,,No DLQ record found (non-SCCS or pre-MDS failure),Not classified (no DLQ),,,,,,
TB_AE,500bO00000tl8diQAA,2026-06-03 09:31:19,Closed,4MXLOX,1100932,"Manzo Sushi and Sliders, (DH kitchen), Sajaa",No,,,,,No DLQ record found (non-SCCS or pre-MDS failure),Not classified (no DLQ),,,,,,
TB_AE,500bO00000tgTHIQA2,2026-06-02 10:36:14,Closed,4MVRLI,1100850,"Mac & Cheese,(DH Kitchen) Downtown",No,,,,,No DLQ record found (non-SCCS or pre-MDS failure),Not classified (no DLQ),,,,,,
TB_AE,500bO00000tXcwbQAC,2026-06-01 11:00:50,Closed,4MMRO8,1100763,Azouz (DH Kitchen) Al Sufouh,No,,,,,No DLQ record found (non-SCCS or pre-MDS failure),Not classified (no DLQ),,,,,,
TB_AE,500bO00000tX73zQAC,2026-06-01 08:17:52,Closed,4MV1LN,1100749,"Zozo egyptian restaurant, (DH Kitchen) Sufouh",No,,,,,No DLQ record found (non-SCCS or pre-MDS failure),Not classified (no DLQ),,,,,,
TB_AE,500bO00000t8n8pQAA,2026-05-26 07:41:28,Closed,4MVO57,1100533,"The Blacksmith Burger, JVC",No,,,,,No DLQ record found (non-SCCS or pre-MDS failure),Not classified (no DLQ),,,,,,
TB_AE,500bO00000t3cZ2QAI,2026-05-25 07:37:12,Closed,4MVRLX,1100358,"Taco Loco, (DH Kitchen) Downtown",No,,,,,No DLQ record found (non-SCCS or pre-MDS failure),Not classified (no DLQ),,,,,,
TB_IQ,500bO00000uGhC6QAK,2026-06-09 18:57:33,Closed,HRN278,1101591,"Diety, Al Yarmouk",No,,,,,No DLQ record found (non-SCCS or pre-MDS failure),Not classified (no DLQ),,,,,,
TB_IQ,500bO00000uGiXuQAK,2026-06-09 18:05:09,Closed,HRN2X6,1101576,"Diet Plus, Al Yarmouk",No,,,,,No DLQ record found (non-SCCS or pre-MDS failure),Not classified (no DLQ),,,,,,
TB_IQ,500bO00000uFXjaQAG,2026-06-09 15:32:40,Closed,HTUJEC,1101565,Tanorji,No,,,,,No DLQ record found (non-SCCS or pre-MDS failure),Not classified (no DLQ),,,,,,
TB_IQ,500bO00000u8XhzQAE,2026-06-08 15:11:53,Closed,HTUJEZ,1101395,Rwandiz Sweets,No,,,,,No DLQ record found (non-SCCS or pre-MDS failure),Not classified (no DLQ),,,,,,
TB_IQ,500bO00000t5fMHQAY,2026-05-25 14:54:40,Closed,HT0A9E,1100466,"Kolshi Fresh, Alhabebya",No,,,,,No DLQ record found (non-SCCS or pre-MDS failure),Not classified (no DLQ),,,,,,
TB_JO,500bO00000ttpjoQAA,2026-06-04 15:56:48,Closed,4M0JX8,1101123,"Good Time, (DH Kitchen) Amman",No,,,,,No DLQ record found (non-SCCS or pre-MDS failure),Not classified (no DLQ),,,,,,
TB_JO,500bO00000tsKF7QAM,2026-06-04 12:27:59,Closed,4M0JX3,1101088,Ashab Al Saadeh (DH Kitchen) Amman,No,,,,,No DLQ record found (non-SCCS or pre-MDS failure),Not classified (no DLQ),,,,,,
TB_JO,500bO00000tr6AyQAI,2026-06-04 07:20:30,Closed,4MXJU5,1101050,Aowf Chocolat Sweets  (DH Kitchen) Amman,No,,,,,No DLQ record found (non-SCCS or pre-MDS failure),Not classified (no DLQ),,,,,,
TB_JO,500bO00000tor9VQAQ,2026-06-03 20:31:17,Closed,4MVEMZ,1101014,"Fahem & Saj, (DH Kitchen) Amman",No,,,,,No DLQ record found (non-SCCS or pre-MDS failure),Not classified (no DLQ),,,,,,
TB_JO,500bO00000tfdnRQAQ,2026-06-02 09:43:08,Closed,HTU81E,1100845,كلاج جبنة وجوز,No,,,,,No DLQ record found (non-SCCS or pre-MDS failure),Not classified (no DLQ),,,,,,
TB_JO,500bO00000tYRMMQA4,2026-06-01 12:01:23,Closed,4MJ6XZ,1100774,Roosters5 (DH Kitchen ) Amman,No,,,,,No DLQ record found (non-SCCS or pre-MDS failure),Not classified (no DLQ),,,,,,
TB_KW,500bO00000uPNu9QAG,2026-06-11 08:55:43,Closed,4MOW36,1101766,Positive (DH Kitchen) Jahra,No,,,,,No DLQ record found (non-SCCS or pre-MDS failure),Not classified (no DLQ),,,,,,
TB_KW,500bO00000trppWQAQ,2026-06-04 08:40:17,Closed,4MXWD1,1101061,Happy Crescent (DH Kitchen ) Hawally,No,,,,,No DLQ record found (non-SCCS or pre-MDS failure),Not classified (no DLQ),,,,,,
TB_KW,500bO00000t4jDZQAY,2026-05-25 10:35:44,Closed,4MXSEQ,1100392,"El Estez, (DH Kitchen) Jahra",No,,,,,No DLQ record found (non-SCCS or pre-MDS failure),Not classified (no DLQ),,,,,,
TB_OM,500bO00000t6m3nQAA,2026-05-26 00:52:24,Closed,HTN1OM,1100528,Farouj Abo Al Abd,No,,,,,No DLQ record found (non-SCCS or pre-MDS failure),Not classified (no DLQ),,,,,,
YS_TR,500bO00000uTtnGQAS,2026-06-12 06:48:21,New,HTUA46,TUR-qtv6,Sevil'c Patisserie & Cafe,No,,,,,No DLQ record found (non-SCCS or pre-MDS failure),Not classified (no DLQ),,,,,,
YS_TR,500bO00000uTq2zQAC,2026-06-12 06:04:56,New,HTUNI3,TUR-wc78,Bizim Ekmekçi,No,,,,,No DLQ record found (non-SCCS or pre-MDS failure),Not classified (no DLQ),,,,,,
YS_TR,500bO00000uTXRlQAO,2026-06-12 05:28:14,Final Check,HTU1XK,TUR-uyz3,Hörtüğün Yeri,No,,,,,No DLQ record found (non-SCCS or pre-MDS failure),Not classified (no DLQ),,,,,,
YS_TR,500bO00000uTH0YQAW,2026-06-12 05:22:21,New,HTUW20,TUR-muuh,Fit Bowl By Radika,No,,,,,No DLQ record found (non-SCCS or pre-MDS failure),Not classified (no DLQ),,,,,,
YS_TR,500bO00000uRXKcQAO,2026-06-11 13:49:58,New,HTY3PM,TUR-vf7l,Bonjour Cafe & Restaurant,No,,,,,No DLQ record found (non-SCCS or pre-MDS failure),Not classified (no DLQ),,,,,,
YS_TR,500bO00000uRS4nQAG,2026-06-11 13:19:27,Menu Typing,4M180E,TUR-gmql,Emsal Baklava,No,,,,,No DLQ record found (non-SCCS or pre-MDS failure),Not classified (no DLQ),,,,,,
YS_TR,500bO00000uQb70QAC,2026-06-11 11:47:37,New,HTT3CX,TUR-f9dp,Yıldrımoğlu Fırın & Cafe,No,,,,,No DLQ record found (non-SCCS or pre-MDS failure),Not classified (no DLQ),,,,,,
YS_TR,500bO00000uQx93QAC,2026-06-11 11:45:13,New,HTY3OM,TUR-kja0,Arca Burger,No,,,,,No DLQ record found (non-SCCS or pre-MDS failure),Not classified (no DLQ),,,,,,
YS_TR,500bO00000uQeHmQAK,2026-06-11 11:35:48,New,HTYBAD,TUR-fsur,Biberzade Çiğ Köfte & Waffle,No,,,,,No DLQ record found (non-SCCS or pre-MDS failure),Not classified (no DLQ),,,,,,
YS_TR,500bO00000uQnCwQAK,2026-06-11 11:19:35,Final Check,HTUNPD,TUR-iica,Aselle,No,,,,,No DLQ record found (non-SCCS or pre-MDS failure),Not classified (no DLQ),,,,,,
YS_TR,500bO00000uQIM6QAO,2026-06-11 10:53:16,New,HTUWE6,TUR-k65n,Salcılar Kebap & Lahmacun,No,,,,,No DLQ record found (non-SCCS or pre-MDS failure),Not classified (no DLQ),,,,,,
YS_TR,500bO00000uPiPDQA0,2026-06-11 10:44:22,Closed,HTUHKN,TUR-ar2e,8 One Burger,No,,,,,No DLQ record found (non-SCCS or pre-MDS failure),Not classified (no DLQ),,,,,,
YS_TR,500bO00000uQVb0QAG,2026-06-11 10:31:01,New,4MQQJK,TUR-envi,Tost X Fast Food,No,,,,,No DLQ record found (non-SCCS or pre-MDS failure),Not classified (no DLQ),,,,,,
YS_TR,500bO00000uQ6SvQAK,2026-06-11 09:21:21,New,HTUP6S,TUR-vrqz,Şef Köfte,No,,,,,No DLQ record found (non-SCCS or pre-MDS failure),Not classified (no DLQ),,,,,,
YS_TR,500bO00000uPhftQAC,2026-06-11 08:50:15,New,HTU9TU,TUR-rk9s,Gurme Smash,No,,,,,No DLQ record found (non-SCCS or pre-MDS failure),Not classified (no DLQ),,,,,,
YS_TR,500bO00000uPEsWQAW,2026-06-11 08:49:52,New,HTUTC8,TUR-zo8q,Nairobi Coffee,No,,,,,No DLQ record found (non-SCCS or pre-MDS failure),Not classified (no DLQ),,,,,,
YS_TR,500bO00000uOxegQAC,2026-06-11 07:37:23,New,HT0L8Y,TUR-k1ar,Pi̇lav Hükümdarlığı,No,,,,,No DLQ record found (non-SCCS or pre-MDS failure),Not classified (no DLQ),,,,,,
YS_TR,500bO00000uPC5mQAG,2026-06-11 06:46:28,New,HTPG9X,TUR-zij3,Çiços Alaçatı,No,,,,,No DLQ record found (non-SCCS or pre-MDS failure),Not classified (no DLQ),,,,,,
YS_TR,500bO00000uP9W5QAK,2026-06-11 06:30:46,Final Check,HTUWYG,TUR-mb64,Park Aspava,No,,,,,No DLQ record found (non-SCCS or pre-MDS failure),Not classified (no DLQ),,,,,,
YS_TR,500bO00000uOmWPQA0,2026-06-11 06:29:32,Closed,HTNIJC,TUR-jgpe,Meşhur Adıyaman Çiğ Köftecisi Ömer Aybak,No,,,,,No DLQ record found (non-SCCS or pre-MDS failure),Not classified (no DLQ),,,,,,
YS_TR,500bO00000uOvkrQAC,2026-06-11 05:54:32,New,HTYBSK,TUR-divo,Mihra Waffle,No,,,,,No DLQ record found (non-SCCS or pre-MDS failure),Not classified (no DLQ),,,,,,
YS_TR,500bO00000uOrvlQAC,2026-06-11 05:46:16,Final Check,HTUPZX,TUR-d9n1,Aslan Kuzu Kokoreç,No,,,,,No DLQ record found (non-SCCS or pre-MDS failure),Not classified (no DLQ),,,,,,
YS_TR,500bO00000uOptxQAC,2026-06-11 05:42:51,Final Check,HTPR3S,TUR-gomv,Memocan,No,,,,,No DLQ record found (non-SCCS or pre-MDS failure),Not classified (no DLQ),,,,,,
YS_TR,500bO00000uK7y3QAC,2026-06-10 14:21:06,Closed,4M1EUH,TUR-dwfn,Glorf Sandwich,No,,,,,No DLQ record found (non-SCCS or pre-MDS failure),Not classified (no DLQ),,,,,,
YS_TR,500bO00000uKxYNQA0,2026-06-10 13:32:53,Closed,HT0GAM,TUR-aah4,Hakan Usta Baklavaları,No,,,,,No DLQ record found (non-SCCS or pre-MDS failure),Not classified (no DLQ),,,,,,
YS_TR,500bO00000uL2eUQAS,2026-06-10 13:10:21,Closed,HTYBGI,TUR-ok4o,Burrito Station,No,,,,,No DLQ record found (non-SCCS or pre-MDS failure),Not classified (no DLQ),,,,,,
YS_TR,500bO00000uKNIAQA4,2026-06-10 12:18:12,Closed,HT0LBA,TUR-uha6,Bonus Kokoreç,No,,,,,No DLQ record found (non-SCCS or pre-MDS failure),Not classified (no DLQ),,,,,,
YS_TR,500bO00000uKiMRQA0,2026-06-10 12:18:00,Final Check,HTU031,TUR-sync,En3 Sandviç,No,,,,,No DLQ record found (non-SCCS or pre-MDS failure),Not classified (no DLQ),,,,,,
YS_TR,500bO00000uKdrTQAS,2026-06-10 12:14:00,Closed,HT4B50,TUR-bh8q,Tostçu İbo,No,,,,,No DLQ record found (non-SCCS or pre-MDS failure),Not classified (no DLQ),,,,,,
YS_TR,500bO00000uK6FfQAK,2026-06-10 12:10:52,Closed,HTSHR6,TUR-tayo,Sevgi Annenin Yeri,No,,,,,No DLQ record found (non-SCCS or pre-MDS failure),Not classified (no DLQ),,,,,,
YS_TR,500bO00000uKGV4QAO,2026-06-10 10:58:42,Closed,HTUQR1,TUR-wdap,Craft Ki̇tchen,No,,,,,No DLQ record found (non-SCCS or pre-MDS failure),Not classified (no DLQ),,,,,,
YS_TR,500bO00000uJdjpQAC,2026-06-10 10:37:00,Closed,HT081W,TUR-v53i,Hom Chick & Penne,No,,,,,No DLQ record found (non-SCCS or pre-MDS failure),Not classified (no DLQ),,,,,,
YS_TR,500bO00000uJf0rQAC,2026-06-10 09:35:22,New,HTSXGL,TUR-anbb,Bowl Academy Sweet & Savory,No,,,,,No DLQ record found (non-SCCS or pre-MDS failure),Not classified (no DLQ),,,,,,
YS_TR,500bO00000uJNn6QAG,2026-06-10 09:23:17,Closed,HTUHLN,TUR-a3f6,Hayal Büfe,No,,,,,No DLQ record found (non-SCCS or pre-MDS failure),Not classified (no DLQ),,,,,,
YS_TR,500bO00000uJ6nyQAC,2026-06-10 09:16:36,Closed,HTUUOT,TUR-ouq3,Papatya Tat & Doy Döner & Kebap,No,,,,,No DLQ record found (non-SCCS or pre-MDS failure),Not classified (no DLQ),,,,,,
YS_TR,500bO00000uJ0PCQA0,2026-06-10 08:26:22,Closed,HTUU6S,TUR-hl55,Eymen Döner,No,,,,,No DLQ record found (non-SCCS or pre-MDS failure),Not classified (no DLQ),,,,,,
YS_TR,500bO00000uIoCiQAK,2026-06-10 08:05:49,Please Correct Errors,HTU44P,TUR-iihh,Pakfırın,No,,,,,No DLQ record found (non-SCCS or pre-MDS failure),Not classified (no DLQ),,,,,,
YS_TR,500bO00000uIbnJQAS,2026-06-10 08:03:23,Closed,HT0EBT,TUR-xbf4,Crunchberry Waffle,No,,,,,No DLQ record found (non-SCCS or pre-MDS failure),Not classified (no DLQ),,,,,,
YS_TR,500bO00000uIXi3QAG,2026-06-10 06:58:38,Closed,HTUAY4,TUR-ja9y,272 Waffle & Tatlı Dünyası,No,,,,,No DLQ record found (non-SCCS or pre-MDS failure),Not classified (no DLQ),,,,,,
YS_TR,500bO00000uIRUbQAO,2026-06-10 06:39:37,Closed,HTU92C,TUR-pm8t,Yalı Börek,No,,,,,No DLQ record found (non-SCCS or pre-MDS failure),Not classified (no DLQ),,,,,,
YS_TR,500bO00000uIpF8QAK,2026-06-10 06:33:50,New,HTS0IS,TUR-koth,Bia Chocolate,No,,,,,No DLQ record found (non-SCCS or pre-MDS failure),Not classified (no DLQ),,,,,,
YS_TR,500bO00000uId2hQAC,2026-06-10 06:31:43,Closed,4M13EK,TUR-clh2,İlke Kebap Dünyası,No,,,,,No DLQ record found (non-SCCS or pre-MDS failure),Not classified (no DLQ),,,,,,
YS_TR,500bO00000uIocPQAS,2026-06-10 06:31:07,Menu Typing,HTUX93,TUR-wbc1,Al Dente Makarna,No,,,,,No DLQ record found (non-SCCS or pre-MDS failure),Not classified (no DLQ),,,,,,
YS_TR,500bO00000uIkqYQAS,2026-06-10 06:23:54,Closed,HTUQLR,TUR-o9h5,Doğal Light,No,,,,,No DLQ record found (non-SCCS or pre-MDS failure),Not classified (no DLQ),,,,,,
YS_TR,500bO00000uId5tQAC,2026-06-10 06:05:28,Closed,HTUU7N,TUR-kivi,Himpasto Pizza,No,,,,,No DLQ record found (non-SCCS or pre-MDS failure),Not classified (no DLQ),,,,,,
YS_TR,500bO00000uIPMHQA4,2026-06-10 05:38:37,Closed,HTUWD8,TUR-gemp,Polat Pide & Lahmacun,No,,,,,No DLQ record found (non-SCCS or pre-MDS failure),Not classified (no DLQ),,,,,,
YS_TR,500bO00000uIJK5QAO,2026-06-10 05:31:21,Closed,HT0YF1,TUR-ltvz,Tatlora Patisserie,No,,,,,No DLQ record found (non-SCCS or pre-MDS failure),Not classified (no DLQ),,,,,,
YS_TR,500bO00000uFAdDQAW,2026-06-09 13:05:56,Closed,4MQ1M4,TUR-etg2,Chickendeep,No,,,,,No DLQ record found (non-SCCS or pre-MDS failure),Not classified (no DLQ),,,,,,
YS_TR,500bO00000uFQmjQAG,2026-06-09 13:05:56,Closed,4MQNWY,TUR-pz7o,Pizzaido,No,,,,,No DLQ record found (non-SCCS or pre-MDS failure),Not classified (no DLQ),,,,,,
YS_TR,500bO00000uFLAMQA4,2026-06-09 12:46:21,Closed,HT0BZD,TUR-xbkl,Selamet,No,,,,,No DLQ record found (non-SCCS or pre-MDS failure),Not classified (no DLQ),,,,,,
YS_TR,500bO00000uE5B4QAK,2026-06-09 12:30:28,Closed,HTUWXS,TUR-oama,Koçarlı Pidecisi,No,,,,,No DLQ record found (non-SCCS or pre-MDS failure),Not classified (no DLQ),,,,,,
YS_TR,500bO00000uDypNQAS,2026-06-09 12:26:49,Closed,HT065T,TUR-ih7k,Gece Dürümcüsü,No,,,,,No DLQ record found (non-SCCS or pre-MDS failure),Not classified (no DLQ),,,,,,
YS_TR,500bO00000uEme4QAC,2026-06-09 11:54:07,Closed,4MQ156,TUR-jgxe,Bowl Company,No,,,,,No DLQ record found (non-SCCS or pre-MDS failure),Not classified (no DLQ),,,,,,
YS_TR,500bO00000uDwCSQA0,2026-06-09 11:46:21,Closed,4MQ180,TUR-g72z,Tavuk Station,No,,,,,No DLQ record found (non-SCCS or pre-MDS failure),Not classified (no DLQ),,,,,,
YS_TR,500bO00000uEpglQAC,2026-06-09 11:44:31,Closed,4MQ108,TUR-ts8p,Tadında Mantı,No,,,,,No DLQ record found (non-SCCS or pre-MDS failure),Not classified (no DLQ),,,,,,
YS_TR,500bO00000uDbMdQAK,2026-06-09 11:43:09,Closed,4MQ1OO,TUR-ckiy,Ahbap Sandviç,No,,,,,No DLQ record found (non-SCCS or pre-MDS failure),Not classified (no DLQ),,,,,,
YS_TR,500bO00000uELpDQAW,2026-06-09 11:00:06,Closed,HTNDBG,TUR-oc6k,Çıtır Kokoreç,No,,,,,No DLQ record found (non-SCCS or pre-MDS failure),Not classified (no DLQ),,,,,,
YS_TR,500bO00000uDPjcQAG,2026-06-09 10:56:55,Closed,HTUPVD,TUR-r8mv,Park Menderes,No,,,,,No DLQ record found (non-SCCS or pre-MDS failure),Not classified (no DLQ),,,,,,
YS_TR,500bO00000uDuyhQAC,2026-06-09 09:23:16,Closed,HTPIRP,TUR-vz49,Meat Project,No,,,,,No DLQ record found (non-SCCS or pre-MDS failure),Not classified (no DLQ),,,,,,
YS_TR,500bO00000uDr4gQAC,2026-06-09 09:18:50,Closed,HTUSU2,TUR-e4h7,Bomond Restaurant,No,,,,,No DLQ record found (non-SCCS or pre-MDS failure),Not classified (no DLQ),,,,,,
YS_TR,500bO00000uDv3TQAS,2026-06-09 08:30:15,Closed,HTSSM8,TUR-peb9,Soul Of Kitchen,No,,,,,No DLQ record found (non-SCCS or pre-MDS failure),Not classified (no DLQ),,,,,,
YS_TR,500bO00000uDEcuQAG,2026-06-09 08:09:38,Closed,HTUYCZ,TUR-wixk,Dillioğlu,No,,,,,No DLQ record found (non-SCCS or pre-MDS failure),Not classified (no DLQ),,,,,,
YS_TR,500bO00000uDphCQAS,2026-06-09 08:07:45,Closed,HT0YAM,TUR-fp11,Chicken X,No,,,,,No DLQ record found (non-SCCS or pre-MDS failure),Not classified (no DLQ),,,,,,
YS_TR,500bO00000uD5zMQAS,2026-06-09 07:47:23,Closed,HT4LOQ,TUR-kveh,Mis Sarıyer Börek & Cafe,No,,,,,No DLQ record found (non-SCCS or pre-MDS failure),Not classified (no DLQ),,,,,,
YS_TR,500bO00000uD70HQAS,2026-06-09 07:44:05,Closed,HTTAIA,TUR-m80x,Honey,No,,,,,No DLQ record found (non-SCCS or pre-MDS failure),Not classified (no DLQ),,,,,,
YS_TR,500bO00000uCu7xQAC,2026-06-09 07:28:47,Closed,HTS4A3,TUR-reml,Ceyli̇na Şırdan,No,,,,,No DLQ record found (non-SCCS or pre-MDS failure),Not classified (no DLQ),,,,,,
YS_TR,500bO00000uCpmVQAS,2026-06-09 07:23:34,Closed,HTKNF3,TUR-d8cn,Denizcan Balık & Meze,No,,,,,No DLQ record found (non-SCCS or pre-MDS failure),Not classified (no DLQ),,,,,,
YS_TR,500bO00000uCznXQAS,2026-06-09 06:55:49,On Hold,HTA1SH,TUR-nafq,No 303 Coffee,No,,,,,No DLQ record found (non-SCCS or pre-MDS failure),Not classified (no DLQ),,,,,,
YS_TR,500bO00000uCpZdQAK,2026-06-09 06:53:52,Closed,HTP5HR,TUR-wt6n,Express Tost,No,,,,,No DLQ record found (non-SCCS or pre-MDS failure),Not classified (no DLQ),,,,,,
YS_TR,500bO00000uCrOYQA0,2026-06-09 06:48:59,Closed,HTRMQZ,TUR-g693,Okay Fast Food,No,,,,,No DLQ record found (non-SCCS or pre-MDS failure),Not classified (no DLQ),,,,,,
YS_TR,500bO00000uCz4KQAS,2026-06-09 06:47:13,Closed,HTSDMV,TUR-zyga,Roka Tantuni,No,,,,,No DLQ record found (non-SCCS or pre-MDS failure),Not classified (no DLQ),,,,,,
YS_TR,500bO00000uCje1QAC,2026-06-09 06:42:09,Closed,HTULT1,TUR-v864,Stone Burger,No,,,,,No DLQ record found (non-SCCS or pre-MDS failure),Not classified (no DLQ),,,,,,
YS_TR,500bO00000uCyJbQAK,2026-06-09 06:29:14,Closed,HT0HMI,TUR-cyyh,Bowl Lab,No,,,,,No DLQ record found (non-SCCS or pre-MDS failure),Not classified (no DLQ),,,,,,
YS_TR,500bO00000uCodXQAS,2026-06-09 06:26:49,Closed,HT013N,TUR-xyy2,Lahmacunzade,No,,,,,No DLQ record found (non-SCCS or pre-MDS failure),Not classified (no DLQ),,,,,,
YS_TR,500bO00000uCyZdQAK,2026-06-09 06:15:36,Closed,HT0LHG,TUR-shjd,Alpedo Dondurma,No,,,,,No DLQ record found (non-SCCS or pre-MDS failure),Not classified (no DLQ),,,,,,
YS_TR,500bO00000uCnPlQAK,2026-06-09 06:12:27,Closed,HT0HUM,TUR-k05o,Grand Kumpir,No,,,,,No DLQ record found (non-SCCS or pre-MDS failure),Not classified (no DLQ),,,,,,
YS_TR,500bO00000uCpRWQA0,2026-06-09 06:03:11,Menu Typing,HTN1FP,TUR-envf,Biberzade Çiğ Köfte & Waffle,No,,,,,No DLQ record found (non-SCCS or pre-MDS failure),Not classified (no DLQ),,,,,,
YS_TR,500bO00000uClfdQAC,2026-06-09 05:46:19,Closed,HT0E1Q,TUR-ojyg,Ziyafet Çiğ Köfte,No,,,,,No DLQ record found (non-SCCS or pre-MDS failure),Not classified (no DLQ),,,,,,
YS_TR,500bO00000uChFRQA0,2026-06-09 05:38:51,Closed,4MQP7P,TUR-j2q9,Lezzet Durağı,No,,,,,No DLQ record found (non-SCCS or pre-MDS failure),Not classified (no DLQ),,,,,,
YS_TR,500bO00000uCTfWQAW,2026-06-09 05:00:21,Closed,4MQXGC,TUR-ygdj,Sisos Döner,No,,,,,No DLQ record found (non-SCCS or pre-MDS failure),Not classified (no DLQ),,,,,,
YS_TR,500bO00000uBtpcQAC,2026-06-09 04:59:51,Closed,4MQ1QE,TUR-mt9o,Şefin Tabağı Cafe Restaurant,No,,,,,No DLQ record found (non-SCCS or pre-MDS failure),Not classified (no DLQ),,,,,,
YS_TR,500bO00000u7oO6QAI,2026-06-08 12:52:21,Closed,HTSN2O,TUR-ckwo,Mert Çiğ Köfte,No,,,,,No DLQ record found (non-SCCS or pre-MDS failure),Not classified (no DLQ),,,,,,
YS_TR,500bO00000u8EQZQA2,2026-06-08 12:45:12,Closed,HTR2BT,TUR-wkif,Star Burger House,No,,,,,No DLQ record found (non-SCCS or pre-MDS failure),Not classified (no DLQ),,,,,,
YS_TR,500bO00000u8CtOQAU,2026-06-08 12:38:18,Closed,HT0QNA,TUR-gtv1,Tavukçu Yusuf,No,,,,,No DLQ record found (non-SCCS or pre-MDS failure),Not classified (no DLQ),,,,,,
YS_TR,500bO00000u8DMPQA2,2026-06-08 12:26:44,Closed,4MQ1O5,TUR-nrxa,7 Şef Meze,No,,,,,No DLQ record found (non-SCCS or pre-MDS failure),Not classified (no DLQ),,,,,,
YS_TR,500bO00000u7xCtQAI,2026-06-08 12:22:40,Closed,HTRTOO,TUR-dtrh,Tenders Çıtır Tavuk,No,,,,,No DLQ record found (non-SCCS or pre-MDS failure),Not classified (no DLQ),,,,,,
YS_TR,500bO00000u7GXgQAM,2026-06-08 12:08:02,Closed,HTUP5Y,TUR-nhrt,Noa Sandwi̇ch & Coffee,No,,,,,No DLQ record found (non-SCCS or pre-MDS failure),Not classified (no DLQ),,,,,,
YS_TR,500bO00000u7pLjQAI,2026-06-08 11:35:50,Closed,HTTML9,TUR-qf9m,Kızgın Tavuk,No,,,,,No DLQ record found (non-SCCS or pre-MDS failure),Not classified (no DLQ),,,,,,
YS_TR,500bO00000u7Z5hQAE,2026-06-08 11:28:08,Closed,HTUNK3,TUR-pzvd,Tatlıcı Emin,No,,,,,No DLQ record found (non-SCCS or pre-MDS failure),Not classified (no DLQ),,,,,,
YS_TR,500bO00000u7OIMQA2,2026-06-08 11:25:06,Closed,HT01QM,TUR-cwap,Ankara Tatlıcısı,No,,,,,No DLQ record found (non-SCCS or pre-MDS failure),Not classified (no DLQ),,,,,,
YS_TR,500bO00000u7Tl4QAE,2026-06-08 11:14:18,Closed,HPMPDK,TUR-nigb,Meşhur Midyeci,No,,,,,No DLQ record found (non-SCCS or pre-MDS failure),Not classified (no DLQ),,,,,,
YS_TR,500bO00000u7YxfQAE,2026-06-08 11:07:07,Closed,4MX051,TUR-g5pr,Roj Pizza,No,,,,,No DLQ record found (non-SCCS or pre-MDS failure),Not classified (no DLQ),,,,,,
YS_TR,500bO00000u6FPAQA2,2026-06-08 07:35:43,Closed,HTNKSW,TUR-xmhh,Karagöz Baklavaları,No,,,,,No DLQ record found (non-SCCS or pre-MDS failure),Not classified (no DLQ),,,,,,
YS_TR,500bO00000u5wSyQAI,2026-06-08 07:27:32,Closed,HT08WV,TUR-hduu,Chick'N Fried Kitchen,No,,,,,No DLQ record found (non-SCCS or pre-MDS failure),Not classified (no DLQ),,,,,,
YS_TR,500bO00000u5iTLQAY,2026-06-08 07:06:34,Closed,HTNG66,TUR-mbu5,Battalbey Çiğ Köftecisi,No,,,,,No DLQ record found (non-SCCS or pre-MDS failure),Not classified (no DLQ),,,,,,
YS_TR,500bO00000u5WvAQAU,2026-06-08 07:03:10,Closed,HTW9VJ,TUR-m00s,Primo Pizza,No,,,,,No DLQ record found (non-SCCS or pre-MDS failure),Not classified (no DLQ),,,,,,
YS_TR,500bO00000twcV7QAI,2026-06-05 09:33:10,Closed,HTUWXB,TUR-j64v,Adios,No,,,,,No DLQ record found (non-SCCS or pre-MDS failure),Not classified (no DLQ),,,,,,
YS_TR,500bO00000twA2fQAE,2026-06-05 09:30:11,Closed,HT01BI,TUR-ld41,Pilavcı Kadir,No,,,,,No DLQ record found (non-SCCS or pre-MDS failure),Not classified (no DLQ),,,,,,
YS_TR,500bO00000tw2EnQAI,2026-06-05 08:10:47,Closed,HTN8NN,TUR-a81k,Gün Tabağı & Pi̇lav Lezzet Evi̇,No,,,,,No DLQ record found (non-SCCS or pre-MDS failure),Not classified (no DLQ),,,,,,
YS_TR,500bO00000tw6NAQAY,2026-06-05 07:54:25,Closed,HTUPW8,TUR-bvrh,Waffi,No,,,,,No DLQ record found (non-SCCS or pre-MDS failure),Not classified (no DLQ),,,,,,
YS_TR,500bO00000tvf0PQAQ,2026-06-05 07:02:58,Closed,HTURFB,TUR-jrtx,Yüreğir Döner & Kebap,No,,,,,No DLQ record found (non-SCCS or pre-MDS failure),Not classified (no DLQ),,,,,,
YS_TR,500bO00000tvwHMQAY,2026-06-05 06:43:58,Closed,HTUR2W,TUR-ir3f,İstanbul Çiğ Köfte,No,,,,,No DLQ record found (non-SCCS or pre-MDS failure),Not classified (no DLQ),,,,,,
YS_TR,500bO00000tvwnZQAQ,2026-06-05 06:30:46,Closed,HTURAX,TUR-ikuy,Pan Çiğ Köfte,No,,,,,No DLQ record found (non-SCCS or pre-MDS failure),Not classified (no DLQ),,,,,,
YS_TR,500bO00000tvsFKQAY,2026-06-05 06:24:08,Closed,HTR741,TUR-ffja,Marina Cafe,No,,,,,No DLQ record found (non-SCCS or pre-MDS failure),Not classified (no DLQ),,,,,,
YS_TR,500bO00000tvV4FQAU,2026-06-05 06:12:44,Closed,HTSKOM,TUR-wxmw,Han Şalgam,No,,,,,No DLQ record found (non-SCCS or pre-MDS failure),Not classified (no DLQ),,,,,,
YS_TR,500bO00000tvkXuQAI,2026-06-05 06:02:11,Closed,HTU6GX,TUR-q4ba,Kırmızı Çiğ Köfte,No,,,,,No DLQ record found (non-SCCS or pre-MDS failure),Not classified (no DLQ),,,,,,
YS_TR,500bO00000tvR3vQAE,2026-06-05 05:57:33,Closed,HTNDUX,TUR-o04k,Cupela,No,,,,,No DLQ record found (non-SCCS or pre-MDS failure),Not classified (no DLQ),,,,,,
YS_TR,500bO00000tvaOvQAI,2026-06-05 05:53:24,Closed,HT068O,TUR-xa3l,Fast Food Royal's,No,,,,,No DLQ record found (non-SCCS or pre-MDS failure),Not classified (no DLQ),,,,,,
YS_TR,500bO00000tvQ2vQAE,2026-06-05 05:28:17,Closed,HTNIMA,TUR-c19o,Emek Pişirim Pide & Lahmacun,No,,,,,No DLQ record found (non-SCCS or pre-MDS failure),Not classified (no DLQ),,,,,,
YS_TR,500bO00000tvOU9QAM,2026-06-05 05:26:13,Closed,HTSNLQ,TUR-xjo2,Korkmaz Döner & Pide,No,,,,,No DLQ record found (non-SCCS or pre-MDS failure),Not classified (no DLQ),,,,,,
YS_TR,500bO00000tvCGCQA2,2026-06-05 05:20:15,Closed,HT0E8V,TUR-t7fn,Burger Noi̇r,No,,,,,No DLQ record found (non-SCCS or pre-MDS failure),Not classified (no DLQ),,,,,,
YS_TR,500bO00000tvKTlQAM,2026-06-05 05:03:51,Closed,HTUPNO,TUR-ji8a,Kekik Döner,No,,,,,No DLQ record found (non-SCCS or pre-MDS failure),Not classified (no DLQ),,,,,,
YS_TR,500bO00000ttPNwQAM,2026-06-04 14:14:02,Closed,HTNLVL,TUR-d6dc,Bro’s Tost & Pizza,No,,,,,No DLQ record found (non-SCCS or pre-MDS failure),Not classified (no DLQ),,,,,,
YS_TR,500bO00000tsvUnQAI,2026-06-04 14:02:51,Closed,HTUPE2,TUR-e90p,80'ler Ekmek Arası,No,,,,,No DLQ record found (non-SCCS or pre-MDS failure),Not classified (no DLQ),,,,,,
YS_TR,500bO00000ttCaRQAU,2026-06-04 13:58:21,Closed,HTN8U3,TUR-cpp8,Vitamin Pide,No,,,,,No DLQ record found (non-SCCS or pre-MDS failure),Not classified (no DLQ),,,,,,
YS_TR,500bO00000tslVRQAY,2026-06-04 13:12:26,Closed,HTN3BO,TUR-ni5y,Osmanlı Kebap,No,,,,,No DLQ record found (non-SCCS or pre-MDS failure),Not classified (no DLQ),,,,,,
YS_TR,500bO00000ttD09QAE,2026-06-04 13:07:53,Closed,HTN3YA,TUR-i1ue,Gece Kanatçısı,No,,,,,No DLQ record found (non-SCCS or pre-MDS failure),Not classified (no DLQ),,,,,,
YS_TR,500bO00000tsEJKQA2,2026-06-04 11:25:01,Closed,HTU44V,TUR-ndsu,Sushiru Sushi & Sandviç,No,,,,,No DLQ record found (non-SCCS or pre-MDS failure),Not classified (no DLQ),,,,,,
YS_TR,500bO00000tsV7BQAU,2026-06-04 10:29:20,Closed,HTNDQL,TUR-sgce,Bipide,No,,,,,No DLQ record found (non-SCCS or pre-MDS failure),Not classified (no DLQ),,,,,,
YS_TR,500bO00000tsAltQAE,2026-06-04 09:35:54,Closed,HTU60S,TUR-fxtl,Usta Kebap,No,,,,,No DLQ record found (non-SCCS or pre-MDS failure),Not classified (no DLQ),,,,,,
YS_TR,500bO00000trNJsQAM,2026-06-04 08:55:48,Closed,HTU6WU,TUR-zb7p,Alyam Pi̇de,No,,,,,No DLQ record found (non-SCCS or pre-MDS failure),Not classified (no DLQ),,,,,,
YS_TR,500bO00000tqtToQAI,2026-06-04 08:20:53,Closed,HT0ER9,TUR-c8ik,Körfez Cafe & Restaurant,No,,,,,No DLQ record found (non-SCCS or pre-MDS failure),Not classified (no DLQ),,,,,,
YS_TR,500bO00000trTyfQAE,2026-06-04 07:32:50,Closed,4MQWVR,TUR-er8r,Helvacı Ali 1900,No,,,,,No DLQ record found (non-SCCS or pre-MDS failure),Not classified (no DLQ),,,,,,
YS_TR,500bO00000tqzXeQAI,2026-06-04 07:27:26,Closed,4MQERD,TUR-l54z,Amsterdam Donut,No,,,,,No DLQ record found (non-SCCS or pre-MDS failure),Not classified (no DLQ),,,,,,
YS_TR,500bO00000tpAwgQAE,2026-06-04 07:27:16,Closed,4MQEWW,TUR-et5w,Hamarat Ana Ev Yemekleri,No,,,,,No DLQ record found (non-SCCS or pre-MDS failure),Not classified (no DLQ),,,,,,
YS_TR,500bO00000trOMHQA2,2026-06-04 07:20:44,Closed,HTN2WC,TUR-zw0e,Efsane Pilav,No,,,,,No DLQ record found (non-SCCS or pre-MDS failure),Not classified (no DLQ),,,,,,
YS_TR,500bO00000trGesQAE,2026-06-04 07:01:16,Closed,HT02OE,TUR-h1rl,Pilavcı Sidra,No,,,,,No DLQ record found (non-SCCS or pre-MDS failure),Not classified (no DLQ),,,,,,
YS_TR,500bO00000tr8B6QAI,2026-06-04 06:50:03,Closed,HTWK2S,TUR-xhsm,Çekiç Burger,No,,,,,No DLQ record found (non-SCCS or pre-MDS failure),Not classified (no DLQ),,,,,,
YS_TR,500bO00000tqgRkQAI,2026-06-04 06:40:42,Closed,HT060S,TUR-zw1z,Samsat Çiğ Köfte,No,,,,,No DLQ record found (non-SCCS or pre-MDS failure),Not classified (no DLQ),,,,,,
YS_TR,500bO00000tqsO6QAI,2026-06-04 06:34:56,Closed,HTUZ9E,TUR-nf4e,Şelale Kahvaltı Evi,No,,,,,No DLQ record found (non-SCCS or pre-MDS failure),Not classified (no DLQ),,,,,,
YS_TR,500bO00000tqsUaQAI,2026-06-04 06:33:38,Closed,HT0EC2,TUR-dnfc,Kültür Gizemli Midye,No,,,,,No DLQ record found (non-SCCS or pre-MDS failure),Not classified (no DLQ),,,,,,
YS_TR,500bO00000tqjseQAA,2026-06-04 05:18:02,Closed,HTT4UR,TUR-swb2,Buğday Sandwich,No,,,,,No DLQ record found (non-SCCS or pre-MDS failure),Not classified (no DLQ),,,,,,
YS_TR,500bO00000tm1QWQAY,2026-06-03 11:56:20,Closed,HTU61F,TUR-ns4m,Yenikent Döner,No,,,,,No DLQ record found (non-SCCS or pre-MDS failure),Not classified (no DLQ),,,,,,
YS_TR,500bO00000tl3xJQAQ,2026-06-03 08:26:23,Closed,HTNGIO,TUR-wigf,İbocan Ocakbaşı,No,,,,,No DLQ record found (non-SCCS or pre-MDS failure),Not classified (no DLQ),,,,,,
YS_TR,500bO00000tkd3bQAA,2026-06-03 08:21:37,Closed,HTNHKI,TUR-xkm8,Yakup Usta,No,,,,,No DLQ record found (non-SCCS or pre-MDS failure),Not classified (no DLQ),,,,,,
YS_TR,500bO00000tkjVcQAI,2026-06-03 08:00:26,Closed,HTNQCT,TUR-hkqz,La Burger,No,,,,,No DLQ record found (non-SCCS or pre-MDS failure),Not classified (no DLQ),,,,,,
YS_TR,500bO00000tkusNQAQ,2026-06-03 07:54:57,Closed,HT08CJ,TUR-uqon,Adıyamanlı Cömert Usta,No,,,,,No DLQ record found (non-SCCS or pre-MDS failure),Not classified (no DLQ),,,,,,
YS_TR,500bO00000tjALmQAM,2026-06-03 07:46:45,Closed,HT05PC,TUR-jh8v,Niko's Waffle,No,,,,,No DLQ record found (non-SCCS or pre-MDS failure),Not classified (no DLQ),,,,,,
YS_TR,500bO00000tkdoPQAQ,2026-06-03 07:43:39,Closed,HT0QWF,TUR-exjs,Brussel Waffle,No,,,,,No DLQ record found (non-SCCS or pre-MDS failure),Not classified (no DLQ),,,,,,
YS_TR,500bO00000tkvlBQAQ,2026-06-03 07:37:23,Closed,HTWI3X,TUR-kzgc,Giliğ Dondurma,No,,,,,No DLQ record found (non-SCCS or pre-MDS failure),Not classified (no DLQ),,,,,,
YS_TR,500bO00000tkdeeQAA,2026-06-03 07:29:36,Closed,HTPLKL,TUR-ohgs,Tatlı Kaçamak Waffle,No,,,,,No DLQ record found (non-SCCS or pre-MDS failure),Not classified (no DLQ),,,,,,
YS_TR,500bO00000tko5NQAQ,2026-06-03 07:20:43,Closed,HT05RG,TUR-dg9u,Dogly Hot Dog Stati̇on,No,,,,,No DLQ record found (non-SCCS or pre-MDS failure),Not classified (no DLQ),,,,,,
YS_TR,500bO00000tkUEkQAM,2026-06-03 07:04:39,Closed,4MQEWP,TUR-wvgr,Hamarat Ana Ev Yemekleri,No,,,,,No DLQ record found (non-SCCS or pre-MDS failure),Not classified (no DLQ),,,,,,
YS_TR,500bO00000tk4M1QAI,2026-06-03 07:03:06,Closed,4MQERE,TUR-fvcy,Makarna Lab.,No,,,,,No DLQ record found (non-SCCS or pre-MDS failure),Not classified (no DLQ),,,,,,
YS_TR,500bO00000tkVVoQAM,2026-06-03 07:03:00,Closed,4MQER8,TUR-efmb,Amsterdam Donut,No,,,,,No DLQ record found (non-SCCS or pre-MDS failure),Not classified (no DLQ),,,,,,
YS_TR,500bO00000tkMifQAE,2026-06-03 07:02:21,Closed,HR07TW,TUR-hk6o,Yeşil Fırın,No,,,,,No DLQ record found (non-SCCS or pre-MDS failure),Not classified (no DLQ),,,,,,
YS_TR,500bO00000tkKiSQAU,2026-06-03 06:41:01,Closed,HTNV6N,TUR-ucmg,Kumpirbox,No,,,,,No DLQ record found (non-SCCS or pre-MDS failure),Not classified (no DLQ),,,,,,
YS_TR,500bO00000tkC3LQAU,2026-06-03 06:34:38,Closed,HTSIRM,TUR-gxii,Yusuf Unlu Mamulleri,No,,,,,No DLQ record found (non-SCCS or pre-MDS failure),Not classified (no DLQ),,,,,,
YS_TR,500bO00000tkProQAE,2026-06-03 06:32:01,Closed,4MQERB,TUR-sbgi,Makarna Lab.,No,,,,,No DLQ record found (non-SCCS or pre-MDS failure),Not classified (no DLQ),,,,,,
YS_TR,500bO00000th9BgQAI,2026-06-02 14:26:22,Closed,4MQ6RI,TUR-aj8g,Espressolab,No,,,,,No DLQ record found (non-SCCS or pre-MDS failure),Not classified (no DLQ),,,,,,
YS_TR,500bO00000thE6XQAU,2026-06-02 14:25:09,Closed,4MQ8IE,TUR-oda2,Starbucks Coffee,No,,,,,No DLQ record found (non-SCCS or pre-MDS failure),Not classified (no DLQ),,,,,,
YS_TR,500bO00000thJ6MQAU,2026-06-02 13:58:10,Closed,4MQ89L,TUR-qen6,Starbucks Coffee,No,,,,,No DLQ record found (non-SCCS or pre-MDS failure),Not classified (no DLQ),,,,,,
YS_TR,500bO00000thLccQAE,2026-06-02 13:54:39,Closed,4MQ8QP,TUR-ovyf,Starbucks Coffee,No,,,,,No DLQ record found (non-SCCS or pre-MDS failure),Not classified (no DLQ),,,,,,
YS_TR,500bO00000tgMRSQA2,2026-06-02 13:54:23,Closed,4MQ8I7,TUR-dbrq,Starbucks Coffee,No,,,,,No DLQ record found (non-SCCS or pre-MDS failure),Not classified (no DLQ),,,,,,
YS_TR,500bO00000tha8bQAA,2026-06-02 13:54:17,Closed,4MQ895,TUR-n3ll,Starbucks Coffee,No,,,,,No DLQ record found (non-SCCS or pre-MDS failure),Not classified (no DLQ),,,,,,
YS_TR,500bO00000thLzDQAU,2026-06-02 13:50:29,Closed,4MQ89S,TUR-fmhp,Starbucks Coffee,No,,,,,No DLQ record found (non-SCCS or pre-MDS failure),Not classified (no DLQ),,,,,,
YS_TR,500bO00000tgZI0QAM,2026-06-02 12:37:01,Closed,HTULEH,TUR-llu7,Roza Waffle,No,,,,,No DLQ record found (non-SCCS or pre-MDS failure),Not classified (no DLQ),,,,,,
YS_TR,500bO00000tgWyJQAU,2026-06-02 11:57:26,Closed,4MXUF0,TUR-hkk6,Bodrum Mantı & Cafe,No,,,,,No DLQ record found (non-SCCS or pre-MDS failure),Not classified (no DLQ),,,,,,
YS_TR,500bO00000tgVayQAE,2026-06-02 11:56:03,Closed,HTULS4,TUR-az9o,Rendo Coffee,No,,,,,No DLQ record found (non-SCCS or pre-MDS failure),Not classified (no DLQ),,,,,,
YS_TR,500bO00000tgaozQAA,2026-06-02 11:00:52,Closed,HT08QP,TUR-a7f1,Demetra Mutfak,No,,,,,No DLQ record found (non-SCCS or pre-MDS failure),Not classified (no DLQ),,,,,,
YS_TR,500bO00000tgRH3QAM,2026-06-02 10:21:27,Closed,4MQ8JN,TUR-q3cb,Mersin Tantuni,No,,,,,No DLQ record found (non-SCCS or pre-MDS failure),Not classified (no DLQ),,,,,,
YS_TR,500bO00000tg6z8QAA,2026-06-02 10:21:21,Closed,4MQ8J1,TUR-n3d8,İtina Göbel Kokoreç,No,,,,,No DLQ record found (non-SCCS or pre-MDS failure),Not classified (no DLQ),,,,,,
YS_TR,500bO00000tfCKTQA2,2026-06-02 10:06:32,Closed,HTN9ME,TUR-ht9o,Dideban Kıymalı Ekmek,No,,,,,No DLQ record found (non-SCCS or pre-MDS failure),Not classified (no DLQ),,,,,,
YS_TR,500bO00000tgCOYQA2,2026-06-02 10:01:13,Closed,4MQ8YC,TUR-hh8l,Sarıyer Midyecisi,No,,,,,No DLQ record found (non-SCCS or pre-MDS failure),Not classified (no DLQ),,,,,,
YS_TR,500bO00000tg7BzQAI,2026-06-02 09:57:47,Closed,4MQ8YE,TUR-mjyq,Yaylam Köfte Sucuk,No,,,,,No DLQ record found (non-SCCS or pre-MDS failure),Not classified (no DLQ),,,,,,
YS_TR,500bO00000tfw0NQAQ,2026-06-02 09:27:01,Closed,4MQ8R7,TUR-jgiz,Roves Deli,No,,,,,No DLQ record found (non-SCCS or pre-MDS failure),Not classified (no DLQ),,,,,,
YS_TR,500bO00000tfH2CQAU,2026-06-02 09:08:17,Closed,HTUB7L,TUR-cp7q,Pan Chefly,No,,,,,No DLQ record found (non-SCCS or pre-MDS failure),Not classified (no DLQ),,,,,,
YS_TR,500bO00000tfnrlQAA,2026-06-02 09:07:56,Closed,4MQ8RD,TUR-tydw,Mac And Salad,No,,,,,No DLQ record found (non-SCCS or pre-MDS failure),Not classified (no DLQ),,,,,,
YS_TR,500bO00000tg5gLQAQ,2026-06-02 09:07:35,Closed,4MQ8R3,TUR-giib,Gravy Wraps,No,,,,,No DLQ record found (non-SCCS or pre-MDS failure),Not classified (no DLQ),,,,,,
YS_TR,500bO00000tfyQMQAY,2026-06-02 09:07:30,Closed,4MQ8AV,TUR-yva9,Waffle & Kruvasan Dünyası,No,,,,,No DLQ record found (non-SCCS or pre-MDS failure),Not classified (no DLQ),,,,,,
YS_TR,500bO00000tfoVqQAI,2026-06-02 08:28:55,Closed,HT06DX,TUR-yegy,Green Salads,No,,,,,No DLQ record found (non-SCCS or pre-MDS failure),Not classified (no DLQ),,,,,,
YS_TR,500bO00000tfJISQA2,2026-06-02 08:27:52,Closed,HT0QWE,TUR-beps,Fi̇ruze Ocakbaşı & Dürüm,No,,,,,No DLQ record found (non-SCCS or pre-MDS failure),Not classified (no DLQ),,,,,,
YS_TR,500bO00000tfokLQAQ,2026-06-02 08:27:13,Closed,HTN671,TUR-yq01,Pilavji,No,,,,,No DLQ record found (non-SCCS or pre-MDS failure),Not classified (no DLQ),,,,,,
YS_TR,500bO00000teyR1QAI,2026-06-02 08:06:29,Closed,HTSLBY,TUR-yk2h,Nefiss Etli Ekmek & Lahmacun,No,,,,,No DLQ record found (non-SCCS or pre-MDS failure),Not classified (no DLQ),,,,,,
YS_TR,500bO00000tfLAWQA2,2026-06-02 08:00:51,Closed,HT0EJD,TUR-g8l5,Antalya Bol Meze,No,,,,,No DLQ record found (non-SCCS or pre-MDS failure),Not classified (no DLQ),,,,,,
YS_TR,500bO00000tfD8BQAU,2026-06-02 07:57:20,Closed,4MV924,TUR-al4y,Hacıbaba Ciğercisi,No,,,,,No DLQ record found (non-SCCS or pre-MDS failure),Not classified (no DLQ),,,,,,
YS_TR,500bO00000tfZF3QAM,2026-06-02 07:54:46,Closed,4MXNA9,TUR-uq76,Çiğ Köfteci Kadir Usta,No,,,,,No DLQ record found (non-SCCS or pre-MDS failure),Not classified (no DLQ),,,,,,
YS_TR,500bO00000tf1TfQAI,2026-06-02 07:53:39,Closed,HTSOC8,TUR-c62g,Ali's Bakery,No,,,,,No DLQ record found (non-SCCS or pre-MDS failure),Not classified (no DLQ),,,,,,
YS_TR,500bO00000tfQ0VQAU,2026-06-02 07:51:32,Closed,HTUBJD,TUR-uzl3,Adana Sofrası Tavuk İzgara,No,,,,,No DLQ record found (non-SCCS or pre-MDS failure),Not classified (no DLQ),,,,,,
YS_TR,500bO00000tem7zQAA,2026-06-02 07:45:58,Closed,4MQEOC,TUR-ti54,KFC,No,,,,,No DLQ record found (non-SCCS or pre-MDS failure),Not classified (no DLQ),,,,,,
YS_TR,500bO00000tezI8QAI,2026-06-02 07:42:46,Closed,4MQE5A,TUR-ll5i,Tavu Tavuk,No,,,,,No DLQ record found (non-SCCS or pre-MDS failure),Not classified (no DLQ),,,,,,
YS_TR,500bO00000tdNHUQA2,2026-06-02 07:18:29,Closed,4MQEVJ,TUR-aw4m,Ala Çiğ Köfte,No,,,,,No DLQ record found (non-SCCS or pre-MDS failure),Not classified (no DLQ),,,,,,
YS_TR,500bO00000tdN0bQAE,2026-06-02 05:36:42,Closed,HTU8II,TUR-byy8,Adıyamanlı Çiğ Köfteci Ali Baba,No,,,,,No DLQ record found (non-SCCS or pre-MDS failure),Not classified (no DLQ),,,,,,
YS_TR,500bO00000teZwHQAU,2026-06-02 05:36:18,Closed,HTRSRA,TUR-q7be,Buns Burger & Tost,No,,,,,No DLQ record found (non-SCCS or pre-MDS failure),Not classified (no DLQ),,,,,,
YS_TR,500bO00000terfTQAQ,2026-06-02 05:34:46,Closed,HTU6WH,TUR-p6wb,Lush Chocolate & Coffee,No,,,,,No DLQ record found (non-SCCS or pre-MDS failure),Not classified (no DLQ),,,,,,
YS_TR,500bO00000tXe8nQAC,2026-06-01 14:39:03,Closed,4MQEYN,TUR-mzfy,Kaşık Makarna,No,,,,,No DLQ record found (non-SCCS or pre-MDS failure),Not classified (no DLQ),,,,,,
YS_TR,500bO00000tZMxFQAW,2026-06-01 14:28:15,Closed,4MQGEB,TUR-iqxr,Nohutçu Ömer Usta,No,,,,,No DLQ record found (non-SCCS or pre-MDS failure),Not classified (no DLQ),,,,,,
YS_TR,500bO00000tYt8xQAC,2026-06-01 13:53:28,Closed,HT0YTZ,TUR-ovzv,Kumpi̇r Durağı,No,,,,,No DLQ record found (non-SCCS or pre-MDS failure),Not classified (no DLQ),,,,,,
YS_TR,500bO00000tYujIQAS,2026-06-01 13:50:46,Closed,4MQGET,TUR-yfxv,McDonald’s McCafé,No,,,,,No DLQ record found (non-SCCS or pre-MDS failure),Not classified (no DLQ),,,,,,
YS_TR,500bO00000tYkiMQAS,2026-06-01 13:27:54,Closed,4MQEV6,TUR-zafh,McDonald’s McCafé,No,,,,,No DLQ record found (non-SCCS or pre-MDS failure),Not classified (no DLQ),,,,,,
YS_TR,500bO00000tYdk8QAC,2026-06-01 13:07:27,Closed,HTU4D8,TUR-t0bc,Always Waffle,No,,,,,No DLQ record found (non-SCCS or pre-MDS failure),Not classified (no DLQ),,,,,,
YS_TR,500bO00000tYbATQA0,2026-06-01 13:00:55,Closed,HTTKXS,TUR-etrq,Mavi Sandviç & Meze Evi,No,,,,,No DLQ record found (non-SCCS or pre-MDS failure),Not classified (no DLQ),,,,,,
YS_TR,500bO00000tYpbVQAS,2026-06-01 12:50:56,Closed,4MQE7E,TUR-orbl,Box Of Chicken Lab,No,,,,,No DLQ record found (non-SCCS or pre-MDS failure),Not classified (no DLQ),,,,,,
YS_TR,500bO00000tYlEXQA0,2026-06-01 12:36:46,Closed,4MX4BG,TUR-te7b,Köftecim,No,,,,,No DLQ record found (non-SCCS or pre-MDS failure),Not classified (no DLQ),,,,,,
YS_TR,500bO00000tYMrOQAW,2026-06-01 12:35:23,Closed,HT0OE5,TUR-jwci,Bülent Börekçilik,No,,,,,No DLQ record found (non-SCCS or pre-MDS failure),Not classified (no DLQ),,,,,,
YS_TR,500bO00000tYXZqQAO,2026-06-01 12:16:34,Closed,HTNE1Q,TUR-frsv,Adıyaman Çiğ Köfte Bekir Kaya,No,,,,,No DLQ record found (non-SCCS or pre-MDS failure),Not classified (no DLQ),,,,,,
YS_TR,500bO00000tXyAiQAK,2026-06-01 11:19:05,Closed,HT06WY,TUR-i16n,Günaydın Kahvaltı Evi,No,,,,,No DLQ record found (non-SCCS or pre-MDS failure),Not classified (no DLQ),,,,,,
YS_TR,500bO00000tXfCxQAK,2026-06-01 10:31:03,Closed,HT0EQU,TUR-easg,Karaköy Börekçisi,No,,,,,No DLQ record found (non-SCCS or pre-MDS failure),Not classified (no DLQ),,,,,,
YS_TR,500bO00000tXWHoQAO,2026-06-01 10:23:35,Closed,HT0DX7,TUR-j5jg,Mama's Burger & Cajun Chicken,No,,,,,No DLQ record found (non-SCCS or pre-MDS failure),Not classified (no DLQ),,,,,,
YS_TR,500bO00000tYAmrQAG,2026-06-01 10:22:06,Closed,4MXJ0W,TUR-tugk,Valide Mantı,No,,,,,No DLQ record found (non-SCCS or pre-MDS failure),Not classified (no DLQ),,,,,,
YS_TR,500bO00000tY1YKQA0,2026-06-01 10:19:05,Closed,4MXJYD,TUR-e6o2,Sokakbaşı Çorba,No,,,,,No DLQ record found (non-SCCS or pre-MDS failure),Not classified (no DLQ),,,,,,
YS_TR,500bO00000tXoTAQA0,2026-06-01 10:16:26,Closed,4MXJ0X,TUR-h64s,Sıcak Tencere,No,,,,,No DLQ record found (non-SCCS or pre-MDS failure),Not classified (no DLQ),,,,,,
YS_TR,500bO00000tXtm4QAC,2026-06-01 10:16:05,Closed,4MXJJG,TUR-btbb,Puff Waffle,No,,,,,No DLQ record found (non-SCCS or pre-MDS failure),Not classified (no DLQ),,,,,,
YS_TR,500bO00000tXumyQAC,2026-06-01 10:11:46,Closed,4MXJS2,TUR-vmp4,Maksi Meze,No,,,,,No DLQ record found (non-SCCS or pre-MDS failure),Not classified (no DLQ),,,,,,
YS_TR,500bO00000tXbajQAC,2026-06-01 10:11:41,Closed,4MXJNT,TUR-imzc,Pilav Plus,No,,,,,No DLQ record found (non-SCCS or pre-MDS failure),Not classified (no DLQ),,,,,,
YS_TR,500bO00000tXd1UQAS,2026-06-01 10:10:55,Closed,4MXJUL,TUR-nd3u,Makaroma,No,,,,,No DLQ record found (non-SCCS or pre-MDS failure),Not classified (no DLQ),,,,,,
YS_TR,500bO00000tY5SEQA0,2026-06-01 10:10:01,Closed,4MXJF0,TUR-oras,Donut Go,No,,,,,No DLQ record found (non-SCCS or pre-MDS failure),Not classified (no DLQ),,,,,,
YS_TR,500bO00000tXvKqQAK,2026-06-01 10:09:01,Closed,4MXJT9,TUR-kwf3,Hünkar Ev Yemekleri,No,,,,,No DLQ record found (non-SCCS or pre-MDS failure),Not classified (no DLQ),,,,,,
YS_TR,500bO00000tXnVQQA0,2026-06-01 10:08:29,Closed,4MXJCQ,TUR-pk7y,Ev Lokması,No,,,,,No DLQ record found (non-SCCS or pre-MDS failure),Not classified (no DLQ),,,,,,
YS_TR,500bO00000tXfWDQA0,2026-06-01 10:07:24,Closed,4MXJM5,TUR-bntu,Gözleme Bahçesi,No,,,,,No DLQ record found (non-SCCS or pre-MDS failure),Not classified (no DLQ),,,,,,
YS_TR,500bO00000tXZNaQAO,2026-06-01 10:04:21,Closed,HT04PI,TUR-oqg1,Kardeşler Fırını,No,,,,,No DLQ record found (non-SCCS or pre-MDS failure),Not classified (no DLQ),,,,,,
YS_TR,500bO00000tXeYaQAK,2026-06-01 09:55:42,Closed,HT0Y7C,TUR-oncm,Alesta Waffle,No,,,,,No DLQ record found (non-SCCS or pre-MDS failure),Not classified (no DLQ),,,,,,
YS_TR,500bO00000tXGzCQAW,2026-06-01 09:25:20,Closed,4MQEZO,TUR-d077,Pilavhane,No,,,,,No DLQ record found (non-SCCS or pre-MDS failure),Not classified (no DLQ),,,,,,
YS_TR,500bO00000tXHCBQA4,2026-06-01 09:12:54,Closed,HTNPCS,TUR-k2th,Beylerbeyi̇ Profi̇terol,No,,,,,No DLQ record found (non-SCCS or pre-MDS failure),Not classified (no DLQ),,,,,,
YS_TR,500bO00000tWt6hQAC,2026-06-01 08:35:25,Closed,HT08FO,TUR-pyc6,Bermuda Fast Food,No,,,,,No DLQ record found (non-SCCS or pre-MDS failure),Not classified (no DLQ),,,,,,
YS_TR,500bO00000tXMy9QAG,2026-06-01 08:11:15,Closed,4MQE6Z,TUR-cz5y,Dürümsel,No,,,,,No DLQ record found (non-SCCS or pre-MDS failure),Not classified (no DLQ),,,,,,
YS_TR,500bO00000tWzLhQAK,2026-06-01 08:11:08,Closed,4MQE6P,TUR-p79x,Köftedar,No,,,,,No DLQ record found (non-SCCS or pre-MDS failure),Not classified (no DLQ),,,,,,
YS_TR,500bO00000tWv5AQAS,2026-06-01 07:46:49,Closed,4MXJ74,TUR-cxl6,Nanvia Sandviç & Bowl,No,,,,,No DLQ record found (non-SCCS or pre-MDS failure),Not classified (no DLQ),,,,,,
YS_TR,500bO00000tWajsQAC,2026-06-01 07:01:46,Closed,HTS288,TUR-a6pi,Metro Börek & Cafe,No,,,,,No DLQ record found (non-SCCS or pre-MDS failure),Not classified (no DLQ),,,,,,
YS_TR,500bO00000tWbWEQA0,2026-06-01 05:41:09,Closed,4MXOG5,TUR-cram,Proof Fit,No,,,,,No DLQ record found (non-SCCS or pre-MDS failure),Not classified (no DLQ),,,,,,
YS_TR,500bO00000tWELHQA4,2026-06-01 05:29:49,Closed,HT08O8,TUR-zi67,Chick'N Fried Kitchen,No,,,,,No DLQ record found (non-SCCS or pre-MDS failure),Not classified (no DLQ),,,,,,
YS_TR,500bO00000tWWQ5QAO,2026-06-01 05:25:25,Closed,HT0DQX,TUR-cyeb,Chick'n Fried Kitchen,No,,,,,No DLQ record found (non-SCCS or pre-MDS failure),Not classified (no DLQ),,,,,,
YS_TR,500bO00000tWV2bQAG,2026-06-01 05:18:05,Closed,HT0D19,TUR-izj3,Chick'N Fried Kitchen,No,,,,,No DLQ record found (non-SCCS or pre-MDS failure),Not classified (no DLQ),,,,,,
YS_TR,500bO00000tWBonQAG,2026-06-01 05:17:26,Closed,HT0E80,TUR-lgjh,Chick'n Fried Kitchen,No,,,,,No DLQ record found (non-SCCS or pre-MDS failure),Not classified (no DLQ),,,,,,
YS_TR,500bO00000tWTgjQAG,2026-06-01 05:11:28,Closed,4MQED0,TUR-ddzy,Espressolab,No,,,,,No DLQ record found (non-SCCS or pre-MDS failure),Not classified (no DLQ),,,,,,
YS_TR,500bO00000tWSEPQA4,2026-06-01 05:05:33,Closed,HT0ELL,TUR-ee3g,Chick'N Fried Kitchen,No,,,,,No DLQ record found (non-SCCS or pre-MDS failure),Not classified (no DLQ),,,,,,
YS_TR,500bO00000tWRztQAG,2026-06-01 05:04:41,Closed,HT0EWG,TUR-ze2b,Chick'N Fried Kitchen,No,,,,,No DLQ record found (non-SCCS or pre-MDS failure),Not classified (no DLQ),,,,,,
YS_TR,500bO00000tW7LJQA0,2026-06-01 05:04:29,Closed,4MXJVA,TUR-cxmv,Mogaf Hatay Döner,No,,,,,No DLQ record found (non-SCCS or pre-MDS failure),Not classified (no DLQ),,,,,,
YS_TR,500bO00000tWCPqQAO,2026-06-01 05:00:46,Closed,HT0EAG,TUR-o1sv,Chick'N Fried Kitchen,No,,,,,No DLQ record found (non-SCCS or pre-MDS failure),Not classified (no DLQ),,,,,,
YS_TR,500bO00000tDZQ9QAO,2026-05-27 07:34:06,Closed,HT0Y0E,TUR-kb56,Oses Çiğ Köfte,No,,,,,No DLQ record found (non-SCCS or pre-MDS failure),Not classified (no DLQ),,,,,,
YS_TR,500bO00000tDNX4QAO,2026-05-27 07:26:15,Closed,4MX7FP,TUR-g766,Helvacı Mehmet,No,,,,,No DLQ record found (non-SCCS or pre-MDS failure),Not classified (no DLQ),,,,,,
YS_TR,500bO00000tDby9QAC,2026-05-27 07:24:14,Closed,HT0ZRN,TUR-s1ms,33 Mersin Tantuni,No,,,,,No DLQ record found (non-SCCS or pre-MDS failure),Not classified (no DLQ),,,,,,
YS_TR,500bO00000tDSEwQAO,2026-05-27 07:21:43,Closed,HT00LW,TUR-xg0i,Oses Çiğ Köfte,No,,,,,No DLQ record found (non-SCCS or pre-MDS failure),Not classified (no DLQ),,,,,,
YS_TR,500bO00000tA3WZQA0,2026-05-26 10:29:43,Closed,HTN4FE,TUR-mzwp,Fırat Cafe,No,,,,,No DLQ record found (non-SCCS or pre-MDS failure),Not classified (no DLQ),,,,,,
YS_TR,500bO00000t97sPQAQ,2026-05-26 09:30:24,Closed,HT0O6L,TUR-j6ay,Rüzgârgülü Tost,No,,,,,No DLQ record found (non-SCCS or pre-MDS failure),Not classified (no DLQ),,,,,,
YS_TR,500bO00000t9WImQAM,2026-05-26 08:58:21,Closed,HT0Y1A,TUR-ewj8,Güven Kebap,No,,,,,No DLQ record found (non-SCCS or pre-MDS failure),Not classified (no DLQ),,,,,,
YS_TR,500bO00000t93juQAA,2026-05-26 08:56:55,Closed,HT08F2,TUR-j9mp,Los Santos Bowl,No,,,,,No DLQ record found (non-SCCS or pre-MDS failure),Not classified (no DLQ),,,,,,
YS_TR,500bO00000t9LGrQAM,2026-05-26 07:57:52,Closed,HT0H1O,TUR-ipdq,Maysos Restaurant,No,,,,,No DLQ record found (non-SCCS or pre-MDS failure),Not classified (no DLQ),,,,,,
YS_TR,500bO00000t8JaYQAU,2026-05-26 07:55:26,Closed,HT0YCU,TUR-qcru,Cadde Döner,No,,,,,No DLQ record found (non-SCCS or pre-MDS failure),Not classified (no DLQ),,,,,,
YS_TR,500bO00000t8WEYQA2,2026-05-26 07:20:08,Closed,4MX2AW,TUR-pd3z,Sunbay Kebap,No,,,,,No DLQ record found (non-SCCS or pre-MDS failure),Not classified (no DLQ),,,,,,
YS_TR,500bO00000t8YTBQA2,2026-05-26 06:50:46,Closed,HT0H6I,TUR-mwwo,Saray Pilavcısı,No,,,,,No DLQ record found (non-SCCS or pre-MDS failure),Not classified (no DLQ),,,,,,
YS_TR,500bO00000t8PL1QAM,2026-05-26 05:55:02,Closed,4MX7F5,TUR-zo4n,Salt Kebap,No,,,,,No DLQ record found (non-SCCS or pre-MDS failure),Not classified (no DLQ),,,,,,
YS_TR,500bO00000t8Y1eQAE,2026-05-26 05:50:58,Closed,4MX7OL,TUR-qelo,Kanatçı Mahmut Evora,No,,,,,No DLQ record found (non-SCCS or pre-MDS failure),Not classified (no DLQ),,,,,,
YS_TR,500bO00000t8dcPQAQ,2026-05-26 05:44:56,Closed,4MX7FU,TUR-l2rg,Taze Makarna & Mantı,No,,,,,No DLQ record found (non-SCCS or pre-MDS failure),Not classified (no DLQ),,,,,,
YS_TR,500bO00000t8dVxQAI,2026-05-26 05:44:46,Closed,4MX7FN,TUR-p1jp,Taze Köfte,No,,,,,No DLQ record found (non-SCCS or pre-MDS failure),Not classified (no DLQ),,,,,,
YS_TR,500bO00000t8YHnQAM,2026-05-26 05:42:17,Closed,4MXUJ4,TUR-jz7y,Big Bowl,No,,,,,No DLQ record found (non-SCCS or pre-MDS failure),Not classified (no DLQ),,,,,,
YS_TR,500bO00000t8TBeQAM,2026-05-26 05:40:49,Closed,HTN8Z7,TUR-ny9y,Fıstık Efendi,No,,,,,No DLQ record found (non-SCCS or pre-MDS failure),Not classified (no DLQ),,,,,,
YS_TR,500bO00000t8WXiQAM,2026-05-26 05:40:40,Closed,HT0YSX,TUR-gtds,Oses Çiğ Köfte,No,,,,,No DLQ record found (non-SCCS or pre-MDS failure),Not classified (no DLQ),,,,,,
YS_TR,500bO00000t8WpSQAU,2026-05-26 05:40:35,Closed,4MXOGF,TUR-dgme,Harbiye Plavix,No,,,,,No DLQ record found (non-SCCS or pre-MDS failure),Not classified (no DLQ),,,,,,
YS_TR,500bO00000t8cEwQAI,2026-05-26 05:40:04,Closed,HT0YON,TUR-qt5n,Oses Çiğ Köfte,No,,,,,No DLQ record found (non-SCCS or pre-MDS failure),Not classified (no DLQ),,,,,,
YS_TR,500bO00000t8NXiQAM,2026-05-26 05:39:02,Closed,HT0YR4,TUR-x4u9,Oses Çiğ Köfte,No,,,,,No DLQ record found (non-SCCS or pre-MDS failure),Not classified (no DLQ),,,,,,
YS_TR,500bO00000t8Tl8QAE,2026-05-26 05:38:56,Closed,HTNIS4,TUR-clp0,The Maslak Burger & Co,No,,,,,No DLQ record found (non-SCCS or pre-MDS failure),Not classified (no DLQ),,,,,,
YS_TR,500bO00000t8T0OQAU,2026-05-26 05:36:56,Closed,4MXJQE,TUR-l4ff,Sütlüce Kadayıf,No,,,,,No DLQ record found (non-SCCS or pre-MDS failure),Not classified (no DLQ),,,,,,
YS_TR,500bO00000t8MVGQA2,2026-05-26 05:33:24,Closed,HTN162,TUR-o8ta,Dayı Kumru,No,,,,,No DLQ record found (non-SCCS or pre-MDS failure),Not classified (no DLQ),,,,,,
YS_TR,500bO00000t8LHPQA2,2026-05-26 05:28:42,Closed,HT0DFY,TUR-zmpj,Oses Çiğ Köfte,No,,,,,No DLQ record found (non-SCCS or pre-MDS failure),Not classified (no DLQ),,,,,,
YS_TR,500bO00000t8P3CQAU,2026-05-26 05:12:09,Closed,4MXUCR,TUR-ihvt,Tarihi Kazancı Pilavcısı,No,,,,,No DLQ record found (non-SCCS or pre-MDS failure),Not classified (no DLQ),,,,,,
YS_TR,500bO00000t5HAQQA2,2026-05-25 13:22:35,Closed,HT0ZPQ,TUR-bs93,Meraklı Kokoreç & Şırdan & Söğüş,No,,,,,No DLQ record found (non-SCCS or pre-MDS failure),Not classified (no DLQ),,,,,,
YS_TR,500bO00000t5JIVQA2,2026-05-25 11:44:21,Closed,HT0AJI,TUR-oj9i,Oses Çiğ Köfte,No,,,,,No DLQ record found (non-SCCS or pre-MDS failure),Not classified (no DLQ),,,,,,
YS_TR,500bO00000t5K8DQAU,2026-05-25 11:21:44,Closed,HT00LH,TUR-krsm,Love 36 Burger,No,,,,,No DLQ record found (non-SCCS or pre-MDS failure),Not classified (no DLQ),,,,,,
YS_TR,500bO00000t4tshQAA,2026-05-25 10:27:21,Closed,HT0K2F,TUR-i1ea,Pilavist,No,,,,,No DLQ record found (non-SCCS or pre-MDS failure),Not classified (no DLQ),,,,,,
YS_TR,500bO00000t4XvaQAE,2026-05-25 10:04:19,Closed,4MX7P8,TUR-jmee,Köfteci Hülya,No,,,,,No DLQ record found (non-SCCS or pre-MDS failure),Not classified (no DLQ),,,,,,
YS_TR,500bO00000t4DiDQAU,2026-05-25 09:42:50,Closed,4MX7PD,TUR-xu6p,Rüya Tostçum,No,,,,,No DLQ record found (non-SCCS or pre-MDS failure),Not classified (no DLQ),,,,,,
YS_TR,500bO00000t4KjjQAE,2026-05-25 08:55:52,Closed,HTTMNT,TUR-e1en,Champion İzgara & Pide,No,,,,,No DLQ record found (non-SCCS or pre-MDS failure),Not classified (no DLQ),,,,,,
YS_TR,500bO00000t4L9WQAU,2026-05-25 08:22:12,Closed,HTRZ70,TUR-x4m2,Oses Çiğ Köfte,No,,,,,No DLQ record found (non-SCCS or pre-MDS failure),Not classified (no DLQ),,,,,,
YS_TR,500bO00000t4ToXQAU,2026-05-25 07:54:07,Closed,HT06VY,TUR-kin7,Pilavcı Ömer,No,,,,,No DLQ record found (non-SCCS or pre-MDS failure),Not classified (no DLQ),,,,,,
YS_TR,500bO00000t40wHQAQ,2026-05-25 05:42:16,Closed,4MX54R,TUR-lqxd,Waffle Club,No,,,,,No DLQ record found (non-SCCS or pre-MDS failure),Not classified (no DLQ),,,,,,
YS_TR,500bO00000t3zVVQAY,2026-05-25 05:26:38,Closed,HTTG06,TUR-h5jf,Flina İtaliano Cafe & Restaurant,No,,,,,No DLQ record found (non-SCCS or pre-MDS failure),Not classified (no DLQ),,,,,,
YS_TR,500bO00000t3zIbQAI,2026-05-25 05:25:36,Closed,HTNPC8,TUR-khtk,Chef's Tantuni,No,,,,,No DLQ record found (non-SCCS or pre-MDS failure),Not classified (no DLQ),,,,,,
YS_TR,500bO00000t3xv7QAA,2026-05-25 05:20:24,Closed,4MXTRP,TUR-mqa0,Helvacı Davut,No,,,,,No DLQ record found (non-SCCS or pre-MDS failure),Not classified (no DLQ),,,,,,
YS_TR,500bO00000t3vwXQAQ,2026-05-25 05:10:05,Closed,HTNERV,TUR-lx1d,M33 Cafe,No,,,,,No DLQ record found (non-SCCS or pre-MDS failure),Not classified (no DLQ),,,,,,
